2025-12-23 11:18:00 INFO  org.springframework.boot.devtools.restart.RestartApplicationListener - Restart disabled due to context in which it is running
2025-12-23 11:18:01 INFO  org.hibernate.validator.internal.util.Version - HV000001: Hibernate Validator 8.0.2.Final
2025-12-23 11:18:01 INFO  com.nihilent.BankingApplication.NihilentBank.controlllerTest.DigitalBankControllerTest - Starting DigitalBankControllerTest using Java 17.0.10 with PID 35108 (started by aniket.dhakate in C:\NihilentBankTestCases\BankingApplication)
2025-12-23 11:18:01 INFO  com.nihilent.BankingApplication.NihilentBank.controlllerTest.DigitalBankControllerTest - The following 1 profile is active: "dev"
2025-12-23 11:18:10 WARN  org.springframework.boot.autoconfigure.security.servlet.UserDetailsServiceAutoConfiguration - 

Using generated security password: 9b0d4d12-74f4-434d-ac3b-0bec802143b8

This generated password is for development use only. Your security configuration must be updated before running your application in production.

2025-12-23 11:18:10 INFO  org.springframework.security.config.annotation.authentication.configuration.InitializeUserDetailsBeanManagerConfigurer$InitializeUserDetailsManagerConfigurer - Global AuthenticationManager configured with UserDetailsService bean with name inMemoryUserDetailsManager
2025-12-23 11:18:11 INFO  org.springframework.boot.test.mock.web.SpringBootMockServletContext - Initializing Spring TestDispatcherServlet ''
2025-12-23 11:18:11 INFO  org.springframework.test.web.servlet.TestDispatcherServlet - Initializing Servlet ''
2025-12-23 11:18:11 INFO  org.springframework.test.web.servlet.TestDispatcherServlet - Completed initialization in 4 ms
2025-12-23 11:18:11 INFO  com.nihilent.BankingApplication.NihilentBank.controlllerTest.DigitalBankControllerTest - Started DigitalBankControllerTest in 11.477 seconds (process running for 20.011)
2025-12-23 11:18:40 INFO  org.springframework.boot.devtools.restart.RestartApplicationListener - Restart disabled due to context in which it is running
2025-12-23 11:18:42 INFO  org.hibernate.validator.internal.util.Version - HV000001: Hibernate Validator 8.0.2.Final
2025-12-23 11:18:42 INFO  com.nihilent.BankingApplication.NihilentBank.controlllerTest.DigitalBankControllerTest - Starting DigitalBankControllerTest using Java 17.0.10 with PID 32464 (started by aniket.dhakate in C:\NihilentBankTestCases\BankingApplication)
2025-12-23 11:18:42 INFO  com.nihilent.BankingApplication.NihilentBank.controlllerTest.DigitalBankControllerTest - The following 1 profile is active: "dev"
2025-12-23 11:18:53 WARN  org.springframework.boot.autoconfigure.security.servlet.UserDetailsServiceAutoConfiguration - 

Using generated security password: 26c9a0c2-a3ce-4068-91da-cf8b70baefc5

This generated password is for development use only. Your security configuration must be updated before running your application in production.

2025-12-23 11:18:53 INFO  org.springframework.security.config.annotation.authentication.configuration.InitializeUserDetailsBeanManagerConfigurer$InitializeUserDetailsManagerConfigurer - Global AuthenticationManager configured with UserDetailsService bean with name inMemoryUserDetailsManager
2025-12-23 11:18:54 INFO  org.springframework.boot.test.mock.web.SpringBootMockServletContext - Initializing Spring TestDispatcherServlet ''
2025-12-23 11:18:54 INFO  org.springframework.test.web.servlet.TestDispatcherServlet - Initializing Servlet ''
2025-12-23 11:18:54 INFO  org.springframework.test.web.servlet.TestDispatcherServlet - Completed initialization in 3 ms
2025-12-23 11:18:54 INFO  com.nihilent.BankingApplication.NihilentBank.controlllerTest.DigitalBankControllerTest - Started DigitalBankControllerTest in 14.457 seconds (process running for 24.661)
2025-12-23 11:18:57 INFO  com.nihilent.bank.serviceimpl.TransactionServiceImpl - DEBIT SUCCESS
2025-12-23 11:18:57 INFO  com.nihilent.bank.serviceimpl.TransactionServiceImpl - CREDIT SUCCESS
2025-12-23 11:18:57 ERROR com.nihilent.bank.serviceimpl.TransactionServiceImpl - Insufficient Balance
2025-12-23 11:18:57 INFO  org.springframework.boot.devtools.restart.RestartApplicationListener - Restart disabled due to context in which it is running
2025-12-23 11:18:57 INFO  com.nihilent.BankingApplication.NihilentBank.controlllerTest.BankAccountControllerTest - Starting BankAccountControllerTest using Java 17.0.10 with PID 32464 (started by aniket.dhakate in C:\NihilentBankTestCases\BankingApplication)
2025-12-23 11:18:57 INFO  com.nihilent.BankingApplication.NihilentBank.controlllerTest.BankAccountControllerTest - The following 1 profile is active: "dev"
2025-12-23 11:18:59 WARN  org.springframework.boot.autoconfigure.security.servlet.UserDetailsServiceAutoConfiguration - 

Using generated security password: 37286fb3-5a5d-487f-a42c-2913a2f49bb6

This generated password is for development use only. Your security configuration must be updated before running your application in production.

2025-12-23 11:18:59 INFO  org.springframework.security.config.annotation.authentication.configuration.InitializeUserDetailsBeanManagerConfigurer$InitializeUserDetailsManagerConfigurer - Global AuthenticationManager configured with UserDetailsService bean with name inMemoryUserDetailsManager
2025-12-23 11:18:59 INFO  org.springframework.boot.test.mock.web.SpringBootMockServletContext - Initializing Spring TestDispatcherServlet ''
2025-12-23 11:18:59 INFO  org.springframework.test.web.servlet.TestDispatcherServlet - Initializing Servlet ''
2025-12-23 11:18:59 INFO  org.springframework.test.web.servlet.TestDispatcherServlet - Completed initialization in 2 ms
2025-12-23 11:18:59 INFO  com.nihilent.BankingApplication.NihilentBank.controlllerTest.BankAccountControllerTest - Started BankAccountControllerTest in 1.728 seconds (process running for 28.965)
2025-12-23 11:19:02 INFO  org.springframework.boot.devtools.restart.RestartApplicationListener - Restart disabled due to context in which it is running
2025-12-23 11:19:02 INFO  com.nihilent.BankingApplication.NihilentBank.controlllerTest.BeneficiaryAccountTest - Starting BeneficiaryAccountTest using Java 17.0.10 with PID 32464 (started by aniket.dhakate in C:\NihilentBankTestCases\BankingApplication)
2025-12-23 11:19:02 INFO  com.nihilent.BankingApplication.NihilentBank.controlllerTest.BeneficiaryAccountTest - The following 1 profile is active: "dev"
2025-12-23 11:19:03 WARN  org.springframework.boot.autoconfigure.security.servlet.UserDetailsServiceAutoConfiguration - 

Using generated security password: 265a1997-a49c-4a32-83da-37f883a8537f

This generated password is for development use only. Your security configuration must be updated before running your application in production.

2025-12-23 11:19:03 INFO  org.springframework.security.config.annotation.authentication.configuration.InitializeUserDetailsBeanManagerConfigurer$InitializeUserDetailsManagerConfigurer - Global AuthenticationManager configured with UserDetailsService bean with name inMemoryUserDetailsManager
2025-12-23 11:19:03 INFO  org.springframework.boot.test.mock.web.SpringBootMockServletContext - Initializing Spring TestDispatcherServlet ''
2025-12-23 11:19:03 INFO  org.springframework.test.web.servlet.TestDispatcherServlet - Initializing Servlet ''
2025-12-23 11:19:03 INFO  org.springframework.test.web.servlet.TestDispatcherServlet - Completed initialization in 2 ms
2025-12-23 11:19:03 INFO  com.nihilent.BankingApplication.NihilentBank.controlllerTest.BeneficiaryAccountTest - Started BeneficiaryAccountTest in 1.095 seconds (process running for 32.99)
2025-12-23 11:19:03 INFO  org.springframework.boot.devtools.restart.RestartApplicationListener - Restart disabled due to context in which it is running
2025-12-23 11:19:03 INFO  com.nihilent.BankingApplication.NihilentBank.controlllerTest.BillPaymentsControllerTest - Starting BillPaymentsControllerTest using Java 17.0.10 with PID 32464 (started by aniket.dhakate in C:\NihilentBankTestCases\BankingApplication)
2025-12-23 11:19:03 INFO  com.nihilent.BankingApplication.NihilentBank.controlllerTest.BillPaymentsControllerTest - The following 1 profile is active: "dev"
2025-12-23 11:19:04 WARN  org.springframework.boot.autoconfigure.security.servlet.UserDetailsServiceAutoConfiguration - 

Using generated security password: 682f5f46-0502-460f-9794-7ff09fc3a7ca

This generated password is for development use only. Your security configuration must be updated before running your application in production.

2025-12-23 11:19:04 INFO  org.springframework.security.config.annotation.authentication.configuration.InitializeUserDetailsBeanManagerConfigurer$InitializeUserDetailsManagerConfigurer - Global AuthenticationManager configured with UserDetailsService bean with name inMemoryUserDetailsManager
2025-12-23 11:19:04 INFO  org.springframework.boot.test.mock.web.SpringBootMockServletContext - Initializing Spring TestDispatcherServlet ''
2025-12-23 11:19:04 INFO  org.springframework.test.web.servlet.TestDispatcherServlet - Initializing Servlet ''
2025-12-23 11:19:04 INFO  org.springframework.test.web.servlet.TestDispatcherServlet - Completed initialization in 2 ms
2025-12-23 11:19:04 INFO  com.nihilent.BankingApplication.NihilentBank.controlllerTest.BillPaymentsControllerTest - Started BillPaymentsControllerTest in 1.036 seconds (process running for 34.346)
2025-12-23 11:19:04 INFO  org.springframework.boot.devtools.restart.RestartApplicationListener - Restart disabled due to context in which it is running
2025-12-23 11:19:04 INFO  com.nihilent.BankingApplication.NihilentBank.controlllerTest.LoanControllerTest - Starting LoanControllerTest using Java 17.0.10 with PID 32464 (started by aniket.dhakate in C:\NihilentBankTestCases\BankingApplication)
2025-12-23 11:19:04 INFO  com.nihilent.BankingApplication.NihilentBank.controlllerTest.LoanControllerTest - The following 1 profile is active: "dev"
2025-12-23 11:19:05 WARN  org.springframework.boot.autoconfigure.security.servlet.UserDetailsServiceAutoConfiguration - 

Using generated security password: c8582941-b745-4200-a2ea-9e543c07ba57

This generated password is for development use only. Your security configuration must be updated before running your application in production.

2025-12-23 11:19:05 INFO  org.springframework.security.config.annotation.authentication.configuration.InitializeUserDetailsBeanManagerConfigurer$InitializeUserDetailsManagerConfigurer - Global AuthenticationManager configured with UserDetailsService bean with name inMemoryUserDetailsManager
2025-12-23 11:19:05 INFO  org.springframework.boot.test.mock.web.SpringBootMockServletContext - Initializing Spring TestDispatcherServlet ''
2025-12-23 11:19:05 INFO  org.springframework.test.web.servlet.TestDispatcherServlet - Initializing Servlet ''
2025-12-23 11:19:05 INFO  org.springframework.test.web.servlet.TestDispatcherServlet - Completed initialization in 1 ms
2025-12-23 11:19:05 INFO  com.nihilent.BankingApplication.NihilentBank.controlllerTest.LoanControllerTest - Started LoanControllerTest in 0.847 seconds (process running for 35.432)
2025-12-23 11:19:06 WARN  com.nihilent.bank.serviceimpl.BeneficiaryAccountServiceImpl - Beneficiary Already Exists
2025-12-23 11:19:06 WARN  com.nihilent.bank.serviceimpl.BeneficiaryAccountServiceImpl - Beneficiary Not Found
2025-12-23 11:19:06 WARN  com.nihilent.bank.serviceimpl.BeneficiaryAccountServiceImpl - Beneficiary Not Found
2025-12-23 11:19:06 INFO  com.nihilent.bank.serviceimpl.BeneficiaryAccountServiceImpl - Beneficiary Deleted
2025-12-23 11:19:06 INFO  com.nihilent.bank.serviceimpl.BeneficiaryAccountServiceImpl - Beneficiary Added Successfully
2025-12-23 11:19:06 INFO  com.nihilent.bank.serviceimpl.CreditCardServiceImpl - Request Sent
2025-12-23 11:19:06 INFO  org.springframework.boot.devtools.restart.RestartApplicationListener - Restart disabled due to context in which it is running
2025-12-23 11:19:06 INFO  com.nihilent.BankingApplication.NihilentBank.controlllerTest.CustomerControllerTest - Starting CustomerControllerTest using Java 17.0.10 with PID 32464 (started by aniket.dhakate in C:\NihilentBankTestCases\BankingApplication)
2025-12-23 11:19:06 INFO  com.nihilent.BankingApplication.NihilentBank.controlllerTest.CustomerControllerTest - The following 1 profile is active: "dev"
2025-12-23 11:19:07 WARN  org.springframework.boot.autoconfigure.security.servlet.UserDetailsServiceAutoConfiguration - 

Using generated security password: 9108b060-9002-4f59-8ccc-fb7d2c83549b

This generated password is for development use only. Your security configuration must be updated before running your application in production.

2025-12-23 11:19:07 INFO  org.springframework.security.config.annotation.authentication.configuration.InitializeUserDetailsBeanManagerConfigurer$InitializeUserDetailsManagerConfigurer - Global AuthenticationManager configured with UserDetailsService bean with name inMemoryUserDetailsManager
2025-12-23 11:19:07 INFO  org.springframework.boot.test.mock.web.SpringBootMockServletContext - Initializing Spring TestDispatcherServlet ''
2025-12-23 11:19:07 INFO  org.springframework.test.web.servlet.TestDispatcherServlet - Initializing Servlet ''
2025-12-23 11:19:07 INFO  org.springframework.test.web.servlet.TestDispatcherServlet - Completed initialization in 1 ms
2025-12-23 11:19:07 INFO  com.nihilent.BankingApplication.NihilentBank.controlllerTest.CustomerControllerTest - Started CustomerControllerTest in 0.787 seconds (process running for 36.953)
2025-12-23 11:19:07 INFO  com.nihilent.bank.serviceimpl.CustomerServiceImpl - Customer Registered Successfully
2025-12-23 11:19:07 ERROR com.nihilent.bank.serviceimpl.CustomerServiceImpl - null
2025-12-23 11:19:07 INFO  org.springframework.boot.devtools.restart.RestartApplicationListener - Restart disabled due to context in which it is running
2025-12-23 11:19:07 INFO  com.nihilent.BankingApplication.NihilentBank.controlllerTest.TransactionControllerTest - Starting TransactionControllerTest using Java 17.0.10 with PID 32464 (started by aniket.dhakate in C:\NihilentBankTestCases\BankingApplication)
2025-12-23 11:19:07 INFO  com.nihilent.BankingApplication.NihilentBank.controlllerTest.TransactionControllerTest - The following 1 profile is active: "dev"
2025-12-23 11:19:08 WARN  org.springframework.boot.autoconfigure.security.servlet.UserDetailsServiceAutoConfiguration - 

Using generated security password: befea876-12a6-48b5-b41e-8cf246e60962

This generated password is for development use only. Your security configuration must be updated before running your application in production.

2025-12-23 11:19:08 INFO  org.springframework.security.config.annotation.authentication.configuration.InitializeUserDetailsBeanManagerConfigurer$InitializeUserDetailsManagerConfigurer - Global AuthenticationManager configured with UserDetailsService bean with name inMemoryUserDetailsManager
2025-12-23 11:19:08 INFO  org.springframework.boot.test.mock.web.SpringBootMockServletContext - Initializing Spring TestDispatcherServlet ''
2025-12-23 11:19:08 INFO  org.springframework.test.web.servlet.TestDispatcherServlet - Initializing Servlet ''
2025-12-23 11:19:08 INFO  org.springframework.test.web.servlet.TestDispatcherServlet - Completed initialization in 1 ms
2025-12-23 11:19:08 INFO  com.nihilent.BankingApplication.NihilentBank.controlllerTest.TransactionControllerTest - Started TransactionControllerTest in 0.735 seconds (process running for 38.253)
2025-12-23 11:26:23 INFO  org.springframework.boot.devtools.restart.RestartApplicationListener - Restart disabled due to context in which it is running
2025-12-23 11:26:24 INFO  org.hibernate.validator.internal.util.Version - HV000001: Hibernate Validator 8.0.2.Final
2025-12-23 11:26:24 INFO  com.nihilent.BankingApplication.NihilentBank.controlllerTest.CreditCardControllerTest - Starting CreditCardControllerTest using Java 17.0.10 with PID 40760 (started by aniket.dhakate in C:\NihilentBankTestCases\BankingApplication)
2025-12-23 11:26:24 INFO  com.nihilent.BankingApplication.NihilentBank.controlllerTest.CreditCardControllerTest - The following 1 profile is active: "dev"
2025-12-23 11:26:31 WARN  org.springframework.boot.autoconfigure.security.servlet.UserDetailsServiceAutoConfiguration - 

Using generated security password: aa5df577-7e4e-4d4b-8692-5f60852d68cf

This generated password is for development use only. Your security configuration must be updated before running your application in production.

2025-12-23 11:26:31 INFO  org.springframework.security.config.annotation.authentication.configuration.InitializeUserDetailsBeanManagerConfigurer$InitializeUserDetailsManagerConfigurer - Global AuthenticationManager configured with UserDetailsService bean with name inMemoryUserDetailsManager
2025-12-23 11:26:31 INFO  org.springframework.boot.test.mock.web.SpringBootMockServletContext - Initializing Spring TestDispatcherServlet ''
2025-12-23 11:26:31 INFO  org.springframework.test.web.servlet.TestDispatcherServlet - Initializing Servlet ''
2025-12-23 11:26:31 INFO  org.springframework.test.web.servlet.TestDispatcherServlet - Completed initialization in 4 ms
2025-12-23 11:26:31 INFO  com.nihilent.BankingApplication.NihilentBank.controlllerTest.CreditCardControllerTest - Started CreditCardControllerTest in 8.56 seconds (process running for 14.299)
2025-12-23 11:30:02 INFO  org.springframework.boot.devtools.restart.RestartApplicationListener - Restart disabled due to context in which it is running
2025-12-23 11:30:03 INFO  org.hibernate.validator.internal.util.Version - HV000001: Hibernate Validator 8.0.2.Final
2025-12-23 11:30:03 INFO  com.nihilent.BankingApplication.NihilentBank.controlllerTest.CreditCardControllerTest - Starting CreditCardControllerTest using Java 17.0.10 with PID 40936 (started by aniket.dhakate in C:\NihilentBankTestCases\BankingApplication)
2025-12-23 11:30:03 INFO  com.nihilent.BankingApplication.NihilentBank.controlllerTest.CreditCardControllerTest - The following 1 profile is active: "dev"
2025-12-23 11:30:09 WARN  org.springframework.boot.autoconfigure.security.servlet.UserDetailsServiceAutoConfiguration - 

Using generated security password: 98bcaa90-2b37-462a-8b12-d9abf1cf617e

This generated password is for development use only. Your security configuration must be updated before running your application in production.

2025-12-23 11:30:09 INFO  org.springframework.security.config.annotation.authentication.configuration.InitializeUserDetailsBeanManagerConfigurer$InitializeUserDetailsManagerConfigurer - Global AuthenticationManager configured with UserDetailsService bean with name inMemoryUserDetailsManager
2025-12-23 11:30:10 INFO  org.springframework.boot.test.mock.web.SpringBootMockServletContext - Initializing Spring TestDispatcherServlet ''
2025-12-23 11:30:10 INFO  org.springframework.test.web.servlet.TestDispatcherServlet - Initializing Servlet ''
2025-12-23 11:30:10 INFO  org.springframework.test.web.servlet.TestDispatcherServlet - Completed initialization in 6 ms
2025-12-23 11:30:10 INFO  com.nihilent.BankingApplication.NihilentBank.controlllerTest.CreditCardControllerTest - Started CreditCardControllerTest in 7.757 seconds (process running for 13.176)
2025-12-23 11:31:01 INFO  org.springframework.boot.devtools.restart.RestartApplicationListener - Restart disabled due to context in which it is running
2025-12-23 11:31:03 INFO  org.hibernate.validator.internal.util.Version - HV000001: Hibernate Validator 8.0.2.Final
2025-12-23 11:31:04 INFO  com.nihilent.BankingApplication.NihilentBank.controlllerTest.DigitalBankControllerTest - Starting DigitalBankControllerTest using Java 17.0.10 with PID 37076 (started by aniket.dhakate in C:\NihilentBankTestCases\BankingApplication)
2025-12-23 11:31:04 INFO  com.nihilent.BankingApplication.NihilentBank.controlllerTest.DigitalBankControllerTest - The following 1 profile is active: "dev"
2025-12-23 11:31:16 WARN  org.springframework.boot.autoconfigure.security.servlet.UserDetailsServiceAutoConfiguration - 

Using generated security password: 3b974122-07bc-453a-b0df-d605ce69655e

This generated password is for development use only. Your security configuration must be updated before running your application in production.

2025-12-23 11:31:16 INFO  org.springframework.security.config.annotation.authentication.configuration.InitializeUserDetailsBeanManagerConfigurer$InitializeUserDetailsManagerConfigurer - Global AuthenticationManager configured with UserDetailsService bean with name inMemoryUserDetailsManager
2025-12-23 11:31:16 INFO  org.springframework.boot.test.mock.web.SpringBootMockServletContext - Initializing Spring TestDispatcherServlet ''
2025-12-23 11:31:16 INFO  org.springframework.test.web.servlet.TestDispatcherServlet - Initializing Servlet ''
2025-12-23 11:31:16 INFO  org.springframework.test.web.servlet.TestDispatcherServlet - Completed initialization in 3 ms
2025-12-23 11:31:17 INFO  com.nihilent.BankingApplication.NihilentBank.controlllerTest.DigitalBankControllerTest - Started DigitalBankControllerTest in 15.513 seconds (process running for 25.68)
2025-12-23 11:31:19 INFO  com.nihilent.bank.serviceimpl.TransactionServiceImpl - DEBIT SUCCESS
2025-12-23 11:31:19 INFO  com.nihilent.bank.serviceimpl.TransactionServiceImpl - CREDIT SUCCESS
2025-12-23 11:31:19 ERROR com.nihilent.bank.serviceimpl.TransactionServiceImpl - Insufficient Balance
2025-12-23 11:31:19 INFO  org.springframework.boot.devtools.restart.RestartApplicationListener - Restart disabled due to context in which it is running
2025-12-23 11:31:19 INFO  com.nihilent.BankingApplication.NihilentBank.controlllerTest.BankAccountControllerTest - Starting BankAccountControllerTest using Java 17.0.10 with PID 37076 (started by aniket.dhakate in C:\NihilentBankTestCases\BankingApplication)
2025-12-23 11:31:19 INFO  com.nihilent.BankingApplication.NihilentBank.controlllerTest.BankAccountControllerTest - The following 1 profile is active: "dev"
2025-12-23 11:31:21 WARN  org.springframework.boot.autoconfigure.security.servlet.UserDetailsServiceAutoConfiguration - 

Using generated security password: 5a7865d6-3f1b-4461-a5ef-f8ac798ab8cc

This generated password is for development use only. Your security configuration must be updated before running your application in production.

2025-12-23 11:31:21 INFO  org.springframework.security.config.annotation.authentication.configuration.InitializeUserDetailsBeanManagerConfigurer$InitializeUserDetailsManagerConfigurer - Global AuthenticationManager configured with UserDetailsService bean with name inMemoryUserDetailsManager
2025-12-23 11:31:21 INFO  org.springframework.boot.test.mock.web.SpringBootMockServletContext - Initializing Spring TestDispatcherServlet ''
2025-12-23 11:31:21 INFO  org.springframework.test.web.servlet.TestDispatcherServlet - Initializing Servlet ''
2025-12-23 11:31:21 INFO  org.springframework.test.web.servlet.TestDispatcherServlet - Completed initialization in 2 ms
2025-12-23 11:31:21 INFO  com.nihilent.BankingApplication.NihilentBank.controlllerTest.BankAccountControllerTest - Started BankAccountControllerTest in 1.69 seconds (process running for 29.927)
2025-12-23 11:31:23 INFO  org.springframework.boot.devtools.restart.RestartApplicationListener - Restart disabled due to context in which it is running
2025-12-23 11:31:24 INFO  com.nihilent.BankingApplication.NihilentBank.controlllerTest.BeneficiaryAccountTest - Starting BeneficiaryAccountTest using Java 17.0.10 with PID 37076 (started by aniket.dhakate in C:\NihilentBankTestCases\BankingApplication)
2025-12-23 11:31:24 INFO  com.nihilent.BankingApplication.NihilentBank.controlllerTest.BeneficiaryAccountTest - The following 1 profile is active: "dev"
2025-12-23 11:31:24 WARN  org.springframework.boot.autoconfigure.security.servlet.UserDetailsServiceAutoConfiguration - 

Using generated security password: 883eadf5-5c88-4df7-b272-48d1f5d630ae

This generated password is for development use only. Your security configuration must be updated before running your application in production.

2025-12-23 11:31:24 INFO  org.springframework.security.config.annotation.authentication.configuration.InitializeUserDetailsBeanManagerConfigurer$InitializeUserDetailsManagerConfigurer - Global AuthenticationManager configured with UserDetailsService bean with name inMemoryUserDetailsManager
2025-12-23 11:31:24 INFO  org.springframework.boot.test.mock.web.SpringBootMockServletContext - Initializing Spring TestDispatcherServlet ''
2025-12-23 11:31:24 INFO  org.springframework.test.web.servlet.TestDispatcherServlet - Initializing Servlet ''
2025-12-23 11:31:24 INFO  org.springframework.test.web.servlet.TestDispatcherServlet - Completed initialization in 1 ms
2025-12-23 11:31:25 INFO  com.nihilent.BankingApplication.NihilentBank.controlllerTest.BeneficiaryAccountTest - Started BeneficiaryAccountTest in 1.069 seconds (process running for 33.657)
2025-12-23 11:31:25 INFO  org.springframework.boot.devtools.restart.RestartApplicationListener - Restart disabled due to context in which it is running
2025-12-23 11:31:25 INFO  com.nihilent.BankingApplication.NihilentBank.controlllerTest.BillPaymentsControllerTest - Starting BillPaymentsControllerTest using Java 17.0.10 with PID 37076 (started by aniket.dhakate in C:\NihilentBankTestCases\BankingApplication)
2025-12-23 11:31:25 INFO  com.nihilent.BankingApplication.NihilentBank.controlllerTest.BillPaymentsControllerTest - The following 1 profile is active: "dev"
2025-12-23 11:31:26 WARN  org.springframework.boot.autoconfigure.security.servlet.UserDetailsServiceAutoConfiguration - 

Using generated security password: 7a460065-7a0c-4d84-9db6-79f91ea0e493

This generated password is for development use only. Your security configuration must be updated before running your application in production.

2025-12-23 11:31:26 INFO  org.springframework.security.config.annotation.authentication.configuration.InitializeUserDetailsBeanManagerConfigurer$InitializeUserDetailsManagerConfigurer - Global AuthenticationManager configured with UserDetailsService bean with name inMemoryUserDetailsManager
2025-12-23 11:31:26 INFO  org.springframework.boot.test.mock.web.SpringBootMockServletContext - Initializing Spring TestDispatcherServlet ''
2025-12-23 11:31:26 INFO  org.springframework.test.web.servlet.TestDispatcherServlet - Initializing Servlet ''
2025-12-23 11:31:26 INFO  org.springframework.test.web.servlet.TestDispatcherServlet - Completed initialization in 1 ms
2025-12-23 11:31:26 INFO  com.nihilent.BankingApplication.NihilentBank.controlllerTest.BillPaymentsControllerTest - Started BillPaymentsControllerTest in 0.96 seconds (process running for 34.785)
2025-12-23 11:31:26 INFO  org.springframework.boot.devtools.restart.RestartApplicationListener - Restart disabled due to context in which it is running
2025-12-23 11:31:26 INFO  com.nihilent.BankingApplication.NihilentBank.controlllerTest.LoanControllerTest - Starting LoanControllerTest using Java 17.0.10 with PID 37076 (started by aniket.dhakate in C:\NihilentBankTestCases\BankingApplication)
2025-12-23 11:31:26 INFO  com.nihilent.BankingApplication.NihilentBank.controlllerTest.LoanControllerTest - The following 1 profile is active: "dev"
2025-12-23 11:31:27 WARN  org.springframework.boot.autoconfigure.security.servlet.UserDetailsServiceAutoConfiguration - 

Using generated security password: 5cf9c257-4fc9-48cf-81fb-e9efebf92f7c

This generated password is for development use only. Your security configuration must be updated before running your application in production.

2025-12-23 11:31:27 INFO  org.springframework.security.config.annotation.authentication.configuration.InitializeUserDetailsBeanManagerConfigurer$InitializeUserDetailsManagerConfigurer - Global AuthenticationManager configured with UserDetailsService bean with name inMemoryUserDetailsManager
2025-12-23 11:31:27 INFO  org.springframework.boot.test.mock.web.SpringBootMockServletContext - Initializing Spring TestDispatcherServlet ''
2025-12-23 11:31:27 INFO  org.springframework.test.web.servlet.TestDispatcherServlet - Initializing Servlet ''
2025-12-23 11:31:27 INFO  org.springframework.test.web.servlet.TestDispatcherServlet - Completed initialization in 1 ms
2025-12-23 11:31:27 INFO  com.nihilent.BankingApplication.NihilentBank.controlllerTest.LoanControllerTest - Started LoanControllerTest in 1.018 seconds (process running for 36.037)
2025-12-23 11:31:27 WARN  com.nihilent.bank.serviceimpl.BeneficiaryAccountServiceImpl - Beneficiary Already Exists
2025-12-23 11:31:27 WARN  com.nihilent.bank.serviceimpl.BeneficiaryAccountServiceImpl - Beneficiary Not Found
2025-12-23 11:31:27 WARN  com.nihilent.bank.serviceimpl.BeneficiaryAccountServiceImpl - Beneficiary Not Found
2025-12-23 11:31:27 INFO  com.nihilent.bank.serviceimpl.BeneficiaryAccountServiceImpl - Beneficiary Deleted
2025-12-23 11:31:27 INFO  com.nihilent.bank.serviceimpl.BeneficiaryAccountServiceImpl - Beneficiary Added Successfully
2025-12-23 11:31:27 INFO  org.springframework.boot.devtools.restart.RestartApplicationListener - Restart disabled due to context in which it is running
2025-12-23 11:31:27 INFO  com.nihilent.BankingApplication.NihilentBank.controlllerTest.CreditCardControllerTest - Starting CreditCardControllerTest using Java 17.0.10 with PID 37076 (started by aniket.dhakate in C:\NihilentBankTestCases\BankingApplication)
2025-12-23 11:31:27 INFO  com.nihilent.BankingApplication.NihilentBank.controlllerTest.CreditCardControllerTest - The following 1 profile is active: "dev"
2025-12-23 11:31:28 WARN  org.springframework.boot.autoconfigure.security.servlet.UserDetailsServiceAutoConfiguration - 

Using generated security password: e1076ee5-f8fc-4fdb-8991-37832efb25d2

This generated password is for development use only. Your security configuration must be updated before running your application in production.

2025-12-23 11:31:28 INFO  org.springframework.security.config.annotation.authentication.configuration.InitializeUserDetailsBeanManagerConfigurer$InitializeUserDetailsManagerConfigurer - Global AuthenticationManager configured with UserDetailsService bean with name inMemoryUserDetailsManager
2025-12-23 11:31:28 INFO  org.springframework.boot.test.mock.web.SpringBootMockServletContext - Initializing Spring TestDispatcherServlet ''
2025-12-23 11:31:28 INFO  org.springframework.test.web.servlet.TestDispatcherServlet - Initializing Servlet ''
2025-12-23 11:31:28 INFO  org.springframework.test.web.servlet.TestDispatcherServlet - Completed initialization in 1 ms
2025-12-23 11:31:28 INFO  com.nihilent.BankingApplication.NihilentBank.controlllerTest.CreditCardControllerTest - Started CreditCardControllerTest in 0.944 seconds (process running for 37.456)
2025-12-23 11:31:28 INFO  com.nihilent.bank.serviceimpl.CreditCardServiceImpl - Request Sent
2025-12-23 11:31:29 INFO  org.springframework.boot.devtools.restart.RestartApplicationListener - Restart disabled due to context in which it is running
2025-12-23 11:31:29 INFO  com.nihilent.BankingApplication.NihilentBank.controlllerTest.CustomerControllerTest - Starting CustomerControllerTest using Java 17.0.10 with PID 37076 (started by aniket.dhakate in C:\NihilentBankTestCases\BankingApplication)
2025-12-23 11:31:29 INFO  com.nihilent.BankingApplication.NihilentBank.controlllerTest.CustomerControllerTest - The following 1 profile is active: "dev"
2025-12-23 11:31:29 WARN  org.springframework.boot.autoconfigure.security.servlet.UserDetailsServiceAutoConfiguration - 

Using generated security password: 4c8716a8-e99c-4d25-91c9-e8a4f3bcc78c

This generated password is for development use only. Your security configuration must be updated before running your application in production.

2025-12-23 11:31:29 INFO  org.springframework.security.config.annotation.authentication.configuration.InitializeUserDetailsBeanManagerConfigurer$InitializeUserDetailsManagerConfigurer - Global AuthenticationManager configured with UserDetailsService bean with name inMemoryUserDetailsManager
2025-12-23 11:31:29 INFO  org.springframework.boot.test.mock.web.SpringBootMockServletContext - Initializing Spring TestDispatcherServlet ''
2025-12-23 11:31:29 INFO  org.springframework.test.web.servlet.TestDispatcherServlet - Initializing Servlet ''
2025-12-23 11:31:29 INFO  org.springframework.test.web.servlet.TestDispatcherServlet - Completed initialization in 1 ms
2025-12-23 11:31:29 INFO  com.nihilent.BankingApplication.NihilentBank.controlllerTest.CustomerControllerTest - Started CustomerControllerTest in 0.715 seconds (process running for 38.444)
2025-12-23 11:31:30 INFO  com.nihilent.bank.serviceimpl.CustomerServiceImpl - Customer Registered Successfully
2025-12-23 11:31:30 ERROR com.nihilent.bank.serviceimpl.CustomerServiceImpl - null
2025-12-23 11:31:30 INFO  org.springframework.boot.devtools.restart.RestartApplicationListener - Restart disabled due to context in which it is running
2025-12-23 11:31:30 INFO  com.nihilent.BankingApplication.NihilentBank.controlllerTest.TransactionControllerTest - Starting TransactionControllerTest using Java 17.0.10 with PID 37076 (started by aniket.dhakate in C:\NihilentBankTestCases\BankingApplication)
2025-12-23 11:31:30 INFO  com.nihilent.BankingApplication.NihilentBank.controlllerTest.TransactionControllerTest - The following 1 profile is active: "dev"
2025-12-23 11:31:31 WARN  org.springframework.boot.autoconfigure.security.servlet.UserDetailsServiceAutoConfiguration - 

Using generated security password: b80871b1-ce85-4f65-8df5-8714d5382b50

This generated password is for development use only. Your security configuration must be updated before running your application in production.

2025-12-23 11:31:31 INFO  org.springframework.security.config.annotation.authentication.configuration.InitializeUserDetailsBeanManagerConfigurer$InitializeUserDetailsManagerConfigurer - Global AuthenticationManager configured with UserDetailsService bean with name inMemoryUserDetailsManager
2025-12-23 11:31:31 INFO  org.springframework.boot.test.mock.web.SpringBootMockServletContext - Initializing Spring TestDispatcherServlet ''
2025-12-23 11:31:31 INFO  org.springframework.test.web.servlet.TestDispatcherServlet - Initializing Servlet ''
2025-12-23 11:31:31 INFO  org.springframework.test.web.servlet.TestDispatcherServlet - Completed initialization in 2 ms
2025-12-23 11:31:31 INFO  com.nihilent.BankingApplication.NihilentBank.controlllerTest.TransactionControllerTest - Started TransactionControllerTest in 0.834 seconds (process running for 39.906)
2025-12-23 11:33:30 INFO  org.springframework.boot.devtools.restart.RestartApplicationListener - Restart disabled due to context in which it is running
2025-12-23 11:33:31 INFO  org.hibernate.validator.internal.util.Version - HV000001: Hibernate Validator 8.0.2.Final
2025-12-23 11:33:31 INFO  com.nihilent.BankingApplication.NihilentBank.controlllerTest.DigitalBankControllerTest - Starting DigitalBankControllerTest using Java 17.0.10 with PID 36876 (started by aniket.dhakate in C:\NihilentBankTestCases\BankingApplication)
2025-12-23 11:33:31 INFO  com.nihilent.BankingApplication.NihilentBank.controlllerTest.DigitalBankControllerTest - The following 1 profile is active: "dev"
2025-12-23 11:33:41 WARN  org.springframework.boot.autoconfigure.security.servlet.UserDetailsServiceAutoConfiguration - 

Using generated security password: 9b851577-4389-42bc-9d48-fad4d2afa303

This generated password is for development use only. Your security configuration must be updated before running your application in production.

2025-12-23 11:33:41 INFO  org.springframework.security.config.annotation.authentication.configuration.InitializeUserDetailsBeanManagerConfigurer$InitializeUserDetailsManagerConfigurer - Global AuthenticationManager configured with UserDetailsService bean with name inMemoryUserDetailsManager
2025-12-23 11:33:42 INFO  org.springframework.boot.test.mock.web.SpringBootMockServletContext - Initializing Spring TestDispatcherServlet ''
2025-12-23 11:33:42 INFO  org.springframework.test.web.servlet.TestDispatcherServlet - Initializing Servlet ''
2025-12-23 11:33:42 INFO  org.springframework.test.web.servlet.TestDispatcherServlet - Completed initialization in 3 ms
2025-12-23 11:33:42 INFO  com.nihilent.BankingApplication.NihilentBank.controlllerTest.DigitalBankControllerTest - Started DigitalBankControllerTest in 12.815 seconds (process running for 21.449)
2025-12-23 11:33:44 INFO  com.nihilent.bank.serviceimpl.TransactionServiceImpl - DEBIT SUCCESS
2025-12-23 11:33:44 INFO  com.nihilent.bank.serviceimpl.TransactionServiceImpl - CREDIT SUCCESS
2025-12-23 11:33:44 ERROR com.nihilent.bank.serviceimpl.TransactionServiceImpl - Insufficient Balance
2025-12-23 11:33:44 INFO  org.springframework.boot.devtools.restart.RestartApplicationListener - Restart disabled due to context in which it is running
2025-12-23 11:33:44 INFO  com.nihilent.BankingApplication.NihilentBank.controlllerTest.BankAccountControllerTest - Starting BankAccountControllerTest using Java 17.0.10 with PID 36876 (started by aniket.dhakate in C:\NihilentBankTestCases\BankingApplication)
2025-12-23 11:33:44 INFO  com.nihilent.BankingApplication.NihilentBank.controlllerTest.BankAccountControllerTest - The following 1 profile is active: "dev"
2025-12-23 11:33:46 WARN  org.springframework.boot.autoconfigure.security.servlet.UserDetailsServiceAutoConfiguration - 

Using generated security password: 491b834b-ea39-463a-942e-28973422cf23

This generated password is for development use only. Your security configuration must be updated before running your application in production.

2025-12-23 11:33:46 INFO  org.springframework.security.config.annotation.authentication.configuration.InitializeUserDetailsBeanManagerConfigurer$InitializeUserDetailsManagerConfigurer - Global AuthenticationManager configured with UserDetailsService bean with name inMemoryUserDetailsManager
2025-12-23 11:33:46 INFO  org.springframework.boot.test.mock.web.SpringBootMockServletContext - Initializing Spring TestDispatcherServlet ''
2025-12-23 11:33:46 INFO  org.springframework.test.web.servlet.TestDispatcherServlet - Initializing Servlet ''
2025-12-23 11:33:46 INFO  org.springframework.test.web.servlet.TestDispatcherServlet - Completed initialization in 2 ms
2025-12-23 11:33:46 INFO  com.nihilent.BankingApplication.NihilentBank.controlllerTest.BankAccountControllerTest - Started BankAccountControllerTest in 1.486 seconds (process running for 24.951)
2025-12-23 11:33:48 INFO  org.springframework.boot.devtools.restart.RestartApplicationListener - Restart disabled due to context in which it is running
2025-12-23 11:33:49 INFO  com.nihilent.BankingApplication.NihilentBank.controlllerTest.BeneficiaryAccountTest - Starting BeneficiaryAccountTest using Java 17.0.10 with PID 36876 (started by aniket.dhakate in C:\NihilentBankTestCases\BankingApplication)
2025-12-23 11:33:49 INFO  com.nihilent.BankingApplication.NihilentBank.controlllerTest.BeneficiaryAccountTest - The following 1 profile is active: "dev"
2025-12-23 11:33:50 WARN  org.springframework.boot.autoconfigure.security.servlet.UserDetailsServiceAutoConfiguration - 

Using generated security password: 7864f085-bb35-4ef3-841c-b528b851ae5c

This generated password is for development use only. Your security configuration must be updated before running your application in production.

2025-12-23 11:33:50 INFO  org.springframework.security.config.annotation.authentication.configuration.InitializeUserDetailsBeanManagerConfigurer$InitializeUserDetailsManagerConfigurer - Global AuthenticationManager configured with UserDetailsService bean with name inMemoryUserDetailsManager
2025-12-23 11:33:50 INFO  org.springframework.boot.test.mock.web.SpringBootMockServletContext - Initializing Spring TestDispatcherServlet ''
2025-12-23 11:33:50 INFO  org.springframework.test.web.servlet.TestDispatcherServlet - Initializing Servlet ''
2025-12-23 11:33:50 INFO  org.springframework.test.web.servlet.TestDispatcherServlet - Completed initialization in 2 ms
2025-12-23 11:33:50 INFO  com.nihilent.BankingApplication.NihilentBank.controlllerTest.BeneficiaryAccountTest - Started BeneficiaryAccountTest in 1.355 seconds (process running for 28.982)
2025-12-23 11:33:50 INFO  org.springframework.boot.devtools.restart.RestartApplicationListener - Restart disabled due to context in which it is running
2025-12-23 11:33:50 INFO  com.nihilent.BankingApplication.NihilentBank.controlllerTest.BillPaymentsControllerTest - Starting BillPaymentsControllerTest using Java 17.0.10 with PID 36876 (started by aniket.dhakate in C:\NihilentBankTestCases\BankingApplication)
2025-12-23 11:33:50 INFO  com.nihilent.BankingApplication.NihilentBank.controlllerTest.BillPaymentsControllerTest - The following 1 profile is active: "dev"
2025-12-23 11:33:51 WARN  org.springframework.boot.autoconfigure.security.servlet.UserDetailsServiceAutoConfiguration - 

Using generated security password: d5eefdc8-a9e6-47c3-9207-fe1764d60311

This generated password is for development use only. Your security configuration must be updated before running your application in production.

2025-12-23 11:33:51 INFO  org.springframework.security.config.annotation.authentication.configuration.InitializeUserDetailsBeanManagerConfigurer$InitializeUserDetailsManagerConfigurer - Global AuthenticationManager configured with UserDetailsService bean with name inMemoryUserDetailsManager
2025-12-23 11:33:51 INFO  org.springframework.boot.test.mock.web.SpringBootMockServletContext - Initializing Spring TestDispatcherServlet ''
2025-12-23 11:33:51 INFO  org.springframework.test.web.servlet.TestDispatcherServlet - Initializing Servlet ''
2025-12-23 11:33:51 INFO  org.springframework.test.web.servlet.TestDispatcherServlet - Completed initialization in 1 ms
2025-12-23 11:33:51 INFO  com.nihilent.BankingApplication.NihilentBank.controlllerTest.BillPaymentsControllerTest - Started BillPaymentsControllerTest in 1.034 seconds (process running for 30.202)
2025-12-23 11:33:51 INFO  org.springframework.boot.devtools.restart.RestartApplicationListener - Restart disabled due to context in which it is running
2025-12-23 11:33:51 INFO  com.nihilent.BankingApplication.NihilentBank.controlllerTest.LoanControllerTest - Starting LoanControllerTest using Java 17.0.10 with PID 36876 (started by aniket.dhakate in C:\NihilentBankTestCases\BankingApplication)
2025-12-23 11:33:51 INFO  com.nihilent.BankingApplication.NihilentBank.controlllerTest.LoanControllerTest - The following 1 profile is active: "dev"
2025-12-23 11:33:52 WARN  org.springframework.boot.autoconfigure.security.servlet.UserDetailsServiceAutoConfiguration - 

Using generated security password: 2e3aef72-b253-4c5e-b3c1-b5610a440d7a

This generated password is for development use only. Your security configuration must be updated before running your application in production.

2025-12-23 11:33:52 INFO  org.springframework.security.config.annotation.authentication.configuration.InitializeUserDetailsBeanManagerConfigurer$InitializeUserDetailsManagerConfigurer - Global AuthenticationManager configured with UserDetailsService bean with name inMemoryUserDetailsManager
2025-12-23 11:33:52 INFO  org.springframework.boot.test.mock.web.SpringBootMockServletContext - Initializing Spring TestDispatcherServlet ''
2025-12-23 11:33:52 INFO  org.springframework.test.web.servlet.TestDispatcherServlet - Initializing Servlet ''
2025-12-23 11:33:52 INFO  org.springframework.test.web.servlet.TestDispatcherServlet - Completed initialization in 1 ms
2025-12-23 11:33:52 INFO  com.nihilent.BankingApplication.NihilentBank.controlllerTest.LoanControllerTest - Started LoanControllerTest in 1.016 seconds (process running for 31.453)
2025-12-23 11:33:53 WARN  com.nihilent.bank.serviceimpl.BeneficiaryAccountServiceImpl - Beneficiary Already Exists
2025-12-23 11:33:53 WARN  com.nihilent.bank.serviceimpl.BeneficiaryAccountServiceImpl - Beneficiary Not Found
2025-12-23 11:33:53 WARN  com.nihilent.bank.serviceimpl.BeneficiaryAccountServiceImpl - Beneficiary Not Found
2025-12-23 11:33:53 INFO  com.nihilent.bank.serviceimpl.BeneficiaryAccountServiceImpl - Beneficiary Deleted
2025-12-23 11:33:53 INFO  com.nihilent.bank.serviceimpl.BeneficiaryAccountServiceImpl - Beneficiary Added Successfully
2025-12-23 11:33:53 INFO  org.springframework.boot.devtools.restart.RestartApplicationListener - Restart disabled due to context in which it is running
2025-12-23 11:33:53 INFO  com.nihilent.BankingApplication.NihilentBank.controlllerTest.CreditCardControllerTest - Starting CreditCardControllerTest using Java 17.0.10 with PID 36876 (started by aniket.dhakate in C:\NihilentBankTestCases\BankingApplication)
2025-12-23 11:33:53 INFO  com.nihilent.BankingApplication.NihilentBank.controlllerTest.CreditCardControllerTest - The following 1 profile is active: "dev"
2025-12-23 11:33:54 WARN  org.springframework.boot.autoconfigure.security.servlet.UserDetailsServiceAutoConfiguration - 

Using generated security password: 57a54cb5-407a-41ee-8704-d9d9ef0bad05

This generated password is for development use only. Your security configuration must be updated before running your application in production.

2025-12-23 11:33:54 INFO  org.springframework.security.config.annotation.authentication.configuration.InitializeUserDetailsBeanManagerConfigurer$InitializeUserDetailsManagerConfigurer - Global AuthenticationManager configured with UserDetailsService bean with name inMemoryUserDetailsManager
2025-12-23 11:33:54 INFO  org.springframework.boot.test.mock.web.SpringBootMockServletContext - Initializing Spring TestDispatcherServlet ''
2025-12-23 11:33:54 INFO  org.springframework.test.web.servlet.TestDispatcherServlet - Initializing Servlet ''
2025-12-23 11:33:54 INFO  org.springframework.test.web.servlet.TestDispatcherServlet - Completed initialization in 2 ms
2025-12-23 11:33:54 INFO  com.nihilent.BankingApplication.NihilentBank.controlllerTest.CreditCardControllerTest - Started CreditCardControllerTest in 1.114 seconds (process running for 33.035)
2025-12-23 11:33:54 INFO  com.nihilent.bank.serviceimpl.CreditCardServiceImpl - Request Sent
2025-12-23 11:33:54 INFO  org.springframework.boot.devtools.restart.RestartApplicationListener - Restart disabled due to context in which it is running
2025-12-23 11:33:54 INFO  com.nihilent.BankingApplication.NihilentBank.controlllerTest.CustomerControllerTest - Starting CustomerControllerTest using Java 17.0.10 with PID 36876 (started by aniket.dhakate in C:\NihilentBankTestCases\BankingApplication)
2025-12-23 11:33:54 INFO  com.nihilent.BankingApplication.NihilentBank.controlllerTest.CustomerControllerTest - The following 1 profile is active: "dev"
2025-12-23 11:33:55 WARN  org.springframework.boot.autoconfigure.security.servlet.UserDetailsServiceAutoConfiguration - 

Using generated security password: 32032454-f955-465a-b531-1742bde59e42

This generated password is for development use only. Your security configuration must be updated before running your application in production.

2025-12-23 11:33:55 INFO  org.springframework.security.config.annotation.authentication.configuration.InitializeUserDetailsBeanManagerConfigurer$InitializeUserDetailsManagerConfigurer - Global AuthenticationManager configured with UserDetailsService bean with name inMemoryUserDetailsManager
2025-12-23 11:33:55 INFO  org.springframework.boot.test.mock.web.SpringBootMockServletContext - Initializing Spring TestDispatcherServlet ''
2025-12-23 11:33:55 INFO  org.springframework.test.web.servlet.TestDispatcherServlet - Initializing Servlet ''
2025-12-23 11:33:55 INFO  org.springframework.test.web.servlet.TestDispatcherServlet - Completed initialization in 3 ms
2025-12-23 11:33:55 INFO  com.nihilent.BankingApplication.NihilentBank.controlllerTest.CustomerControllerTest - Started CustomerControllerTest in 0.914 seconds (process running for 34.286)
2025-12-23 11:33:56 INFO  com.nihilent.bank.serviceimpl.CustomerServiceImpl - Customer Registered Successfully
2025-12-23 11:33:56 ERROR com.nihilent.bank.serviceimpl.CustomerServiceImpl - null
2025-12-23 11:33:56 INFO  org.springframework.boot.devtools.restart.RestartApplicationListener - Restart disabled due to context in which it is running
2025-12-23 11:33:56 INFO  com.nihilent.BankingApplication.NihilentBank.controlllerTest.TransactionControllerTest - Starting TransactionControllerTest using Java 17.0.10 with PID 36876 (started by aniket.dhakate in C:\NihilentBankTestCases\BankingApplication)
2025-12-23 11:33:56 INFO  com.nihilent.BankingApplication.NihilentBank.controlllerTest.TransactionControllerTest - The following 1 profile is active: "dev"
2025-12-23 11:33:57 WARN  org.springframework.boot.autoconfigure.security.servlet.UserDetailsServiceAutoConfiguration - 

Using generated security password: 5c66613d-bc99-4253-b853-27e1d31cb5b5

This generated password is for development use only. Your security configuration must be updated before running your application in production.

2025-12-23 11:33:57 INFO  org.springframework.security.config.annotation.authentication.configuration.InitializeUserDetailsBeanManagerConfigurer$InitializeUserDetailsManagerConfigurer - Global AuthenticationManager configured with UserDetailsService bean with name inMemoryUserDetailsManager
2025-12-23 11:33:57 INFO  org.springframework.boot.test.mock.web.SpringBootMockServletContext - Initializing Spring TestDispatcherServlet ''
2025-12-23 11:33:57 INFO  org.springframework.test.web.servlet.TestDispatcherServlet - Initializing Servlet ''
2025-12-23 11:33:57 INFO  org.springframework.test.web.servlet.TestDispatcherServlet - Completed initialization in 2 ms
2025-12-23 11:33:57 INFO  com.nihilent.BankingApplication.NihilentBank.controlllerTest.TransactionControllerTest - Started TransactionControllerTest in 1.141 seconds (process running for 36.363)
2025-12-23 11:38:38 INFO  org.springframework.boot.devtools.restart.RestartApplicationListener - Restart disabled due to context in which it is running
2025-12-23 11:38:39 INFO  org.hibernate.validator.internal.util.Version - HV000001: Hibernate Validator 8.0.2.Final
2025-12-23 11:38:39 INFO  com.nihilent.BankingApplication.NihilentBank.controlllerTest.BankAccountControllerTest - Starting BankAccountControllerTest using Java 17.0.10 with PID 3052 (started by aniket.dhakate in C:\NihilentBankTestCases\BankingApplication)
2025-12-23 11:38:39 INFO  com.nihilent.BankingApplication.NihilentBank.controlllerTest.BankAccountControllerTest - The following 1 profile is active: "dev"
2025-12-23 11:38:44 WARN  org.springframework.boot.autoconfigure.security.servlet.UserDetailsServiceAutoConfiguration - 

Using generated security password: 34392f61-1268-4ecb-9d26-433db25dae7d

This generated password is for development use only. Your security configuration must be updated before running your application in production.

2025-12-23 11:38:44 INFO  org.springframework.security.config.annotation.authentication.configuration.InitializeUserDetailsBeanManagerConfigurer$InitializeUserDetailsManagerConfigurer - Global AuthenticationManager configured with UserDetailsService bean with name inMemoryUserDetailsManager
2025-12-23 11:38:45 INFO  org.springframework.boot.test.mock.web.SpringBootMockServletContext - Initializing Spring TestDispatcherServlet ''
2025-12-23 11:38:45 INFO  org.springframework.test.web.servlet.TestDispatcherServlet - Initializing Servlet ''
2025-12-23 11:38:45 INFO  org.springframework.test.web.servlet.TestDispatcherServlet - Completed initialization in 2 ms
2025-12-23 11:38:45 INFO  com.nihilent.BankingApplication.NihilentBank.controlllerTest.BankAccountControllerTest - Started BankAccountControllerTest in 6.926 seconds (process running for 12.36)
2025-12-23 11:40:18 INFO  org.springframework.boot.devtools.restart.RestartApplicationListener - Restart disabled due to context in which it is running
2025-12-23 11:40:20 INFO  org.hibernate.validator.internal.util.Version - HV000001: Hibernate Validator 8.0.2.Final
2025-12-23 11:40:20 INFO  com.nihilent.BankingApplication.NihilentBank.controlllerTest.DigitalBankControllerTest - Starting DigitalBankControllerTest using Java 17.0.10 with PID 19140 (started by aniket.dhakate in C:\NihilentBankTestCases\BankingApplication)
2025-12-23 11:40:20 INFO  com.nihilent.BankingApplication.NihilentBank.controlllerTest.DigitalBankControllerTest - The following 1 profile is active: "dev"
2025-12-23 11:40:29 WARN  org.springframework.boot.autoconfigure.security.servlet.UserDetailsServiceAutoConfiguration - 

Using generated security password: 8503794e-27cb-4d25-8b29-bd9846111fb9

This generated password is for development use only. Your security configuration must be updated before running your application in production.

2025-12-23 11:40:29 INFO  org.springframework.security.config.annotation.authentication.configuration.InitializeUserDetailsBeanManagerConfigurer$InitializeUserDetailsManagerConfigurer - Global AuthenticationManager configured with UserDetailsService bean with name inMemoryUserDetailsManager
2025-12-23 11:40:30 INFO  org.springframework.boot.test.mock.web.SpringBootMockServletContext - Initializing Spring TestDispatcherServlet ''
2025-12-23 11:40:30 INFO  org.springframework.test.web.servlet.TestDispatcherServlet - Initializing Servlet ''
2025-12-23 11:40:30 INFO  org.springframework.test.web.servlet.TestDispatcherServlet - Completed initialization in 3 ms
2025-12-23 11:40:31 INFO  com.nihilent.BankingApplication.NihilentBank.controlllerTest.DigitalBankControllerTest - Started DigitalBankControllerTest in 12.504 seconds (process running for 22.071)
2025-12-23 11:40:33 INFO  com.nihilent.bank.serviceimpl.TransactionServiceImpl - DEBIT SUCCESS
2025-12-23 11:40:33 INFO  com.nihilent.bank.serviceimpl.TransactionServiceImpl - CREDIT SUCCESS
2025-12-23 11:40:33 ERROR com.nihilent.bank.serviceimpl.TransactionServiceImpl - Insufficient Balance
2025-12-23 11:40:33 INFO  org.springframework.boot.devtools.restart.RestartApplicationListener - Restart disabled due to context in which it is running
2025-12-23 11:40:33 INFO  com.nihilent.BankingApplication.NihilentBank.controlllerTest.BankAccountControllerTest - Starting BankAccountControllerTest using Java 17.0.10 with PID 19140 (started by aniket.dhakate in C:\NihilentBankTestCases\BankingApplication)
2025-12-23 11:40:33 INFO  com.nihilent.BankingApplication.NihilentBank.controlllerTest.BankAccountControllerTest - The following 1 profile is active: "dev"
2025-12-23 11:40:34 WARN  org.springframework.boot.autoconfigure.security.servlet.UserDetailsServiceAutoConfiguration - 

Using generated security password: 9978b4b2-be41-4943-8867-c1dd6628f468

This generated password is for development use only. Your security configuration must be updated before running your application in production.

2025-12-23 11:40:34 INFO  org.springframework.security.config.annotation.authentication.configuration.InitializeUserDetailsBeanManagerConfigurer$InitializeUserDetailsManagerConfigurer - Global AuthenticationManager configured with UserDetailsService bean with name inMemoryUserDetailsManager
2025-12-23 11:40:34 INFO  org.springframework.boot.test.mock.web.SpringBootMockServletContext - Initializing Spring TestDispatcherServlet ''
2025-12-23 11:40:34 INFO  org.springframework.test.web.servlet.TestDispatcherServlet - Initializing Servlet ''
2025-12-23 11:40:34 INFO  org.springframework.test.web.servlet.TestDispatcherServlet - Completed initialization in 2 ms
2025-12-23 11:40:35 INFO  com.nihilent.BankingApplication.NihilentBank.controlllerTest.BankAccountControllerTest - Started BankAccountControllerTest in 1.299 seconds (process running for 26.054)
2025-12-23 11:40:37 INFO  org.springframework.boot.devtools.restart.RestartApplicationListener - Restart disabled due to context in which it is running
2025-12-23 11:40:37 INFO  com.nihilent.BankingApplication.NihilentBank.controlllerTest.BeneficiaryAccountTest - Starting BeneficiaryAccountTest using Java 17.0.10 with PID 19140 (started by aniket.dhakate in C:\NihilentBankTestCases\BankingApplication)
2025-12-23 11:40:37 INFO  com.nihilent.BankingApplication.NihilentBank.controlllerTest.BeneficiaryAccountTest - The following 1 profile is active: "dev"
2025-12-23 11:40:38 WARN  org.springframework.boot.autoconfigure.security.servlet.UserDetailsServiceAutoConfiguration - 

Using generated security password: 16649f9f-bc63-4bf8-b680-fb56ea047536

This generated password is for development use only. Your security configuration must be updated before running your application in production.

2025-12-23 11:40:38 INFO  org.springframework.security.config.annotation.authentication.configuration.InitializeUserDetailsBeanManagerConfigurer$InitializeUserDetailsManagerConfigurer - Global AuthenticationManager configured with UserDetailsService bean with name inMemoryUserDetailsManager
2025-12-23 11:40:38 INFO  org.springframework.boot.test.mock.web.SpringBootMockServletContext - Initializing Spring TestDispatcherServlet ''
2025-12-23 11:40:38 INFO  org.springframework.test.web.servlet.TestDispatcherServlet - Initializing Servlet ''
2025-12-23 11:40:38 INFO  org.springframework.test.web.servlet.TestDispatcherServlet - Completed initialization in 2 ms
2025-12-23 11:40:38 INFO  com.nihilent.BankingApplication.NihilentBank.controlllerTest.BeneficiaryAccountTest - Started BeneficiaryAccountTest in 0.982 seconds (process running for 29.115)
2025-12-23 11:40:38 INFO  org.springframework.boot.devtools.restart.RestartApplicationListener - Restart disabled due to context in which it is running
2025-12-23 11:40:38 INFO  com.nihilent.BankingApplication.NihilentBank.controlllerTest.BillPaymentsControllerTest - Starting BillPaymentsControllerTest using Java 17.0.10 with PID 19140 (started by aniket.dhakate in C:\NihilentBankTestCases\BankingApplication)
2025-12-23 11:40:38 INFO  com.nihilent.BankingApplication.NihilentBank.controlllerTest.BillPaymentsControllerTest - The following 1 profile is active: "dev"
2025-12-23 11:40:39 WARN  org.springframework.boot.autoconfigure.security.servlet.UserDetailsServiceAutoConfiguration - 

Using generated security password: 3b19792b-f3c3-49f1-801c-52ca58bcad87

This generated password is for development use only. Your security configuration must be updated before running your application in production.

2025-12-23 11:40:39 INFO  org.springframework.security.config.annotation.authentication.configuration.InitializeUserDetailsBeanManagerConfigurer$InitializeUserDetailsManagerConfigurer - Global AuthenticationManager configured with UserDetailsService bean with name inMemoryUserDetailsManager
2025-12-23 11:40:39 INFO  org.springframework.boot.test.mock.web.SpringBootMockServletContext - Initializing Spring TestDispatcherServlet ''
2025-12-23 11:40:39 INFO  org.springframework.test.web.servlet.TestDispatcherServlet - Initializing Servlet ''
2025-12-23 11:40:39 INFO  org.springframework.test.web.servlet.TestDispatcherServlet - Completed initialization in 2 ms
2025-12-23 11:40:39 INFO  com.nihilent.BankingApplication.NihilentBank.controlllerTest.BillPaymentsControllerTest - Started BillPaymentsControllerTest in 1.038 seconds (process running for 30.303)
2025-12-23 11:40:39 INFO  org.springframework.boot.devtools.restart.RestartApplicationListener - Restart disabled due to context in which it is running
2025-12-23 11:40:39 INFO  com.nihilent.BankingApplication.NihilentBank.controlllerTest.LoanControllerTest - Starting LoanControllerTest using Java 17.0.10 with PID 19140 (started by aniket.dhakate in C:\NihilentBankTestCases\BankingApplication)
2025-12-23 11:40:39 INFO  com.nihilent.BankingApplication.NihilentBank.controlllerTest.LoanControllerTest - The following 1 profile is active: "dev"
2025-12-23 11:40:40 WARN  org.springframework.boot.autoconfigure.security.servlet.UserDetailsServiceAutoConfiguration - 

Using generated security password: a0050d0a-39d4-409c-a335-d0872309b62c

This generated password is for development use only. Your security configuration must be updated before running your application in production.

2025-12-23 11:40:40 INFO  org.springframework.security.config.annotation.authentication.configuration.InitializeUserDetailsBeanManagerConfigurer$InitializeUserDetailsManagerConfigurer - Global AuthenticationManager configured with UserDetailsService bean with name inMemoryUserDetailsManager
2025-12-23 11:40:40 INFO  org.springframework.boot.test.mock.web.SpringBootMockServletContext - Initializing Spring TestDispatcherServlet ''
2025-12-23 11:40:40 INFO  org.springframework.test.web.servlet.TestDispatcherServlet - Initializing Servlet ''
2025-12-23 11:40:40 INFO  org.springframework.test.web.servlet.TestDispatcherServlet - Completed initialization in 1 ms
2025-12-23 11:40:40 INFO  com.nihilent.BankingApplication.NihilentBank.controlllerTest.LoanControllerTest - Started LoanControllerTest in 1.0 seconds (process running for 31.584)
2025-12-23 11:40:40 WARN  com.nihilent.bank.serviceimpl.BeneficiaryAccountServiceImpl - Beneficiary Already Exists
2025-12-23 11:40:40 WARN  com.nihilent.bank.serviceimpl.BeneficiaryAccountServiceImpl - Beneficiary Not Found
2025-12-23 11:40:40 WARN  com.nihilent.bank.serviceimpl.BeneficiaryAccountServiceImpl - Beneficiary Not Found
2025-12-23 11:40:40 INFO  com.nihilent.bank.serviceimpl.BeneficiaryAccountServiceImpl - Beneficiary Deleted
2025-12-23 11:40:40 INFO  com.nihilent.bank.serviceimpl.BeneficiaryAccountServiceImpl - Beneficiary Added Successfully
2025-12-23 11:40:40 INFO  org.springframework.boot.devtools.restart.RestartApplicationListener - Restart disabled due to context in which it is running
2025-12-23 11:40:41 INFO  com.nihilent.BankingApplication.NihilentBank.controlllerTest.CreditCardControllerTest - Starting CreditCardControllerTest using Java 17.0.10 with PID 19140 (started by aniket.dhakate in C:\NihilentBankTestCases\BankingApplication)
2025-12-23 11:40:41 INFO  com.nihilent.BankingApplication.NihilentBank.controlllerTest.CreditCardControllerTest - The following 1 profile is active: "dev"
2025-12-23 11:40:41 WARN  org.springframework.boot.autoconfigure.security.servlet.UserDetailsServiceAutoConfiguration - 

Using generated security password: 1fe95934-d3bc-4d20-9d8d-3bae54a47e00

This generated password is for development use only. Your security configuration must be updated before running your application in production.

2025-12-23 11:40:41 INFO  org.springframework.security.config.annotation.authentication.configuration.InitializeUserDetailsBeanManagerConfigurer$InitializeUserDetailsManagerConfigurer - Global AuthenticationManager configured with UserDetailsService bean with name inMemoryUserDetailsManager
2025-12-23 11:40:41 INFO  org.springframework.boot.test.mock.web.SpringBootMockServletContext - Initializing Spring TestDispatcherServlet ''
2025-12-23 11:40:41 INFO  org.springframework.test.web.servlet.TestDispatcherServlet - Initializing Servlet ''
2025-12-23 11:40:41 INFO  org.springframework.test.web.servlet.TestDispatcherServlet - Completed initialization in 1 ms
2025-12-23 11:40:41 INFO  com.nihilent.BankingApplication.NihilentBank.controlllerTest.CreditCardControllerTest - Started CreditCardControllerTest in 0.802 seconds (process running for 32.824)
2025-12-23 11:40:41 INFO  com.nihilent.bank.serviceimpl.CreditCardServiceImpl - Request Sent
2025-12-23 11:40:42 INFO  org.springframework.boot.devtools.restart.RestartApplicationListener - Restart disabled due to context in which it is running
2025-12-23 11:40:42 INFO  com.nihilent.BankingApplication.NihilentBank.controlllerTest.CustomerControllerTest - Starting CustomerControllerTest using Java 17.0.10 with PID 19140 (started by aniket.dhakate in C:\NihilentBankTestCases\BankingApplication)
2025-12-23 11:40:42 INFO  com.nihilent.BankingApplication.NihilentBank.controlllerTest.CustomerControllerTest - The following 1 profile is active: "dev"
2025-12-23 11:40:42 WARN  org.springframework.boot.autoconfigure.security.servlet.UserDetailsServiceAutoConfiguration - 

Using generated security password: 376c0451-fa57-43e0-bb99-a8604bccbbd7

This generated password is for development use only. Your security configuration must be updated before running your application in production.

2025-12-23 11:40:42 INFO  org.springframework.security.config.annotation.authentication.configuration.InitializeUserDetailsBeanManagerConfigurer$InitializeUserDetailsManagerConfigurer - Global AuthenticationManager configured with UserDetailsService bean with name inMemoryUserDetailsManager
2025-12-23 11:40:42 INFO  org.springframework.boot.test.mock.web.SpringBootMockServletContext - Initializing Spring TestDispatcherServlet ''
2025-12-23 11:40:42 INFO  org.springframework.test.web.servlet.TestDispatcherServlet - Initializing Servlet ''
2025-12-23 11:40:42 INFO  org.springframework.test.web.servlet.TestDispatcherServlet - Completed initialization in 2 ms
2025-12-23 11:40:42 INFO  com.nihilent.BankingApplication.NihilentBank.controlllerTest.CustomerControllerTest - Started CustomerControllerTest in 0.913 seconds (process running for 33.963)
2025-12-23 11:40:43 INFO  com.nihilent.bank.serviceimpl.CustomerServiceImpl - Customer Registered Successfully
2025-12-23 11:40:43 ERROR com.nihilent.bank.serviceimpl.CustomerServiceImpl - null
2025-12-23 11:40:43 INFO  org.springframework.boot.devtools.restart.RestartApplicationListener - Restart disabled due to context in which it is running
2025-12-23 11:40:43 INFO  com.nihilent.BankingApplication.NihilentBank.controlllerTest.TransactionControllerTest - Starting TransactionControllerTest using Java 17.0.10 with PID 19140 (started by aniket.dhakate in C:\NihilentBankTestCases\BankingApplication)
2025-12-23 11:40:43 INFO  com.nihilent.BankingApplication.NihilentBank.controlllerTest.TransactionControllerTest - The following 1 profile is active: "dev"
2025-12-23 11:40:44 WARN  org.springframework.boot.autoconfigure.security.servlet.UserDetailsServiceAutoConfiguration - 

Using generated security password: 684b2b91-26a8-4c31-814a-11006f6b3e4c

This generated password is for development use only. Your security configuration must be updated before running your application in production.

2025-12-23 11:40:44 INFO  org.springframework.security.config.annotation.authentication.configuration.InitializeUserDetailsBeanManagerConfigurer$InitializeUserDetailsManagerConfigurer - Global AuthenticationManager configured with UserDetailsService bean with name inMemoryUserDetailsManager
2025-12-23 11:40:44 INFO  org.springframework.boot.test.mock.web.SpringBootMockServletContext - Initializing Spring TestDispatcherServlet ''
2025-12-23 11:40:44 INFO  org.springframework.test.web.servlet.TestDispatcherServlet - Initializing Servlet ''
2025-12-23 11:40:44 INFO  org.springframework.test.web.servlet.TestDispatcherServlet - Completed initialization in 2 ms
2025-12-23 11:40:44 INFO  com.nihilent.BankingApplication.NihilentBank.controlllerTest.TransactionControllerTest - Started TransactionControllerTest in 1.17 seconds (process running for 35.982)
2025-12-23 11:47:31 INFO  org.springframework.boot.devtools.restart.RestartApplicationListener - Restart disabled due to context in which it is running
2025-12-23 11:47:32 INFO  org.hibernate.validator.internal.util.Version - HV000001: Hibernate Validator 8.0.2.Final
2025-12-23 11:47:32 INFO  com.nihilent.BankingApplication.NihilentBank.controlllerTest.BeneficiaryAccountTest - Starting BeneficiaryAccountTest using Java 17.0.10 with PID 29688 (started by aniket.dhakate in C:\NihilentBankTestCases\BankingApplication)
2025-12-23 11:47:32 INFO  com.nihilent.BankingApplication.NihilentBank.controlllerTest.BeneficiaryAccountTest - The following 1 profile is active: "dev"
2025-12-23 11:47:39 WARN  org.springframework.boot.autoconfigure.security.servlet.UserDetailsServiceAutoConfiguration - 

Using generated security password: f0a6555c-f136-4cae-8f7d-bbff4234df6a

This generated password is for development use only. Your security configuration must be updated before running your application in production.

2025-12-23 11:47:39 INFO  org.springframework.security.config.annotation.authentication.configuration.InitializeUserDetailsBeanManagerConfigurer$InitializeUserDetailsManagerConfigurer - Global AuthenticationManager configured with UserDetailsService bean with name inMemoryUserDetailsManager
2025-12-23 11:47:40 INFO  org.springframework.boot.test.mock.web.SpringBootMockServletContext - Initializing Spring TestDispatcherServlet ''
2025-12-23 11:47:40 INFO  org.springframework.test.web.servlet.TestDispatcherServlet - Initializing Servlet ''
2025-12-23 11:47:40 INFO  org.springframework.test.web.servlet.TestDispatcherServlet - Completed initialization in 5 ms
2025-12-23 11:47:40 INFO  com.nihilent.BankingApplication.NihilentBank.controlllerTest.BeneficiaryAccountTest - Started BeneficiaryAccountTest in 8.226 seconds (process running for 13.013)
2025-12-23 11:49:20 INFO  org.springframework.boot.devtools.restart.RestartApplicationListener - Restart disabled due to context in which it is running
2025-12-23 11:49:21 INFO  org.hibernate.validator.internal.util.Version - HV000001: Hibernate Validator 8.0.2.Final
2025-12-23 11:49:21 INFO  com.nihilent.BankingApplication.NihilentBank.controlllerTest.BeneficiaryAccountTest - Starting BeneficiaryAccountTest using Java 17.0.10 with PID 8344 (started by aniket.dhakate in C:\NihilentBankTestCases\BankingApplication)
2025-12-23 11:49:21 INFO  com.nihilent.BankingApplication.NihilentBank.controlllerTest.BeneficiaryAccountTest - The following 1 profile is active: "dev"
2025-12-23 11:49:28 WARN  org.springframework.boot.autoconfigure.security.servlet.UserDetailsServiceAutoConfiguration - 

Using generated security password: 9f8949f8-9efa-4161-82b8-a3d0c49f047c

This generated password is for development use only. Your security configuration must be updated before running your application in production.

2025-12-23 11:49:28 INFO  org.springframework.security.config.annotation.authentication.configuration.InitializeUserDetailsBeanManagerConfigurer$InitializeUserDetailsManagerConfigurer - Global AuthenticationManager configured with UserDetailsService bean with name inMemoryUserDetailsManager
2025-12-23 11:49:28 INFO  org.springframework.boot.test.mock.web.SpringBootMockServletContext - Initializing Spring TestDispatcherServlet ''
2025-12-23 11:49:28 INFO  org.springframework.test.web.servlet.TestDispatcherServlet - Initializing Servlet ''
2025-12-23 11:49:28 INFO  org.springframework.test.web.servlet.TestDispatcherServlet - Completed initialization in 4 ms
2025-12-23 11:49:28 INFO  com.nihilent.BankingApplication.NihilentBank.controlllerTest.BeneficiaryAccountTest - Started BeneficiaryAccountTest in 7.741 seconds (process running for 12.068)
2025-12-23 11:51:39 INFO  org.springframework.boot.devtools.restart.RestartApplicationListener - Restart disabled due to context in which it is running
2025-12-23 11:51:41 INFO  org.hibernate.validator.internal.util.Version - HV000001: Hibernate Validator 8.0.2.Final
2025-12-23 11:51:41 INFO  com.nihilent.BankingApplication.NihilentBank.controlllerTest.BeneficiaryAccountTest - Starting BeneficiaryAccountTest using Java 17.0.10 with PID 8872 (started by aniket.dhakate in C:\NihilentBankTestCases\BankingApplication)
2025-12-23 11:51:41 INFO  com.nihilent.BankingApplication.NihilentBank.controlllerTest.BeneficiaryAccountTest - The following 1 profile is active: "dev"
2025-12-23 11:51:48 WARN  org.springframework.boot.autoconfigure.security.servlet.UserDetailsServiceAutoConfiguration - 

Using generated security password: 813d74ca-7cc7-4431-8c2c-5015a9b034e3

This generated password is for development use only. Your security configuration must be updated before running your application in production.

2025-12-23 11:51:48 INFO  org.springframework.security.config.annotation.authentication.configuration.InitializeUserDetailsBeanManagerConfigurer$InitializeUserDetailsManagerConfigurer - Global AuthenticationManager configured with UserDetailsService bean with name inMemoryUserDetailsManager
2025-12-23 11:51:48 INFO  org.springframework.boot.test.mock.web.SpringBootMockServletContext - Initializing Spring TestDispatcherServlet ''
2025-12-23 11:51:48 INFO  org.springframework.test.web.servlet.TestDispatcherServlet - Initializing Servlet ''
2025-12-23 11:51:48 INFO  org.springframework.test.web.servlet.TestDispatcherServlet - Completed initialization in 4 ms
2025-12-23 11:51:48 INFO  com.nihilent.BankingApplication.NihilentBank.controlllerTest.BeneficiaryAccountTest - Started BeneficiaryAccountTest in 9.023 seconds (process running for 14.767)
2025-12-23 11:52:15 INFO  org.springframework.boot.devtools.restart.RestartApplicationListener - Restart disabled due to context in which it is running
2025-12-23 11:52:16 INFO  org.hibernate.validator.internal.util.Version - HV000001: Hibernate Validator 8.0.2.Final
2025-12-23 11:52:16 INFO  com.nihilent.BankingApplication.NihilentBank.controlllerTest.BeneficiaryAccountTest - Starting BeneficiaryAccountTest using Java 17.0.10 with PID 2688 (started by aniket.dhakate in C:\NihilentBankTestCases\BankingApplication)
2025-12-23 11:52:16 INFO  com.nihilent.BankingApplication.NihilentBank.controlllerTest.BeneficiaryAccountTest - The following 1 profile is active: "dev"
2025-12-23 11:52:25 WARN  org.springframework.boot.autoconfigure.security.servlet.UserDetailsServiceAutoConfiguration - 

Using generated security password: 1f5930e1-1056-4921-b7a5-63edcc7f600a

This generated password is for development use only. Your security configuration must be updated before running your application in production.

2025-12-23 11:52:25 INFO  org.springframework.security.config.annotation.authentication.configuration.InitializeUserDetailsBeanManagerConfigurer$InitializeUserDetailsManagerConfigurer - Global AuthenticationManager configured with UserDetailsService bean with name inMemoryUserDetailsManager
2025-12-23 11:52:25 INFO  org.springframework.boot.test.mock.web.SpringBootMockServletContext - Initializing Spring TestDispatcherServlet ''
2025-12-23 11:52:25 INFO  org.springframework.test.web.servlet.TestDispatcherServlet - Initializing Servlet ''
2025-12-23 11:52:25 INFO  org.springframework.test.web.servlet.TestDispatcherServlet - Completed initialization in 4 ms
2025-12-23 11:52:26 INFO  com.nihilent.BankingApplication.NihilentBank.controlllerTest.BeneficiaryAccountTest - Started BeneficiaryAccountTest in 10.284 seconds (process running for 14.201)
2025-12-23 11:53:57 INFO  org.springframework.boot.devtools.restart.RestartApplicationListener - Restart disabled due to context in which it is running
2025-12-23 11:53:58 INFO  org.hibernate.validator.internal.util.Version - HV000001: Hibernate Validator 8.0.2.Final
2025-12-23 11:53:58 INFO  com.nihilent.BankingApplication.NihilentBank.controlllerTest.BeneficiaryAccountTest - Starting BeneficiaryAccountTest using Java 17.0.10 with PID 25300 (started by aniket.dhakate in C:\NihilentBankTestCases\BankingApplication)
2025-12-23 11:53:58 INFO  com.nihilent.BankingApplication.NihilentBank.controlllerTest.BeneficiaryAccountTest - The following 1 profile is active: "dev"
2025-12-23 11:54:06 WARN  org.springframework.boot.autoconfigure.security.servlet.UserDetailsServiceAutoConfiguration - 

Using generated security password: 5fab1121-363c-4bee-b5dc-c729a40bee0e

This generated password is for development use only. Your security configuration must be updated before running your application in production.

2025-12-23 11:54:06 INFO  org.springframework.security.config.annotation.authentication.configuration.InitializeUserDetailsBeanManagerConfigurer$InitializeUserDetailsManagerConfigurer - Global AuthenticationManager configured with UserDetailsService bean with name inMemoryUserDetailsManager
2025-12-23 11:54:06 INFO  org.springframework.boot.test.mock.web.SpringBootMockServletContext - Initializing Spring TestDispatcherServlet ''
2025-12-23 11:54:06 INFO  org.springframework.test.web.servlet.TestDispatcherServlet - Initializing Servlet ''
2025-12-23 11:54:06 INFO  org.springframework.test.web.servlet.TestDispatcherServlet - Completed initialization in 3 ms
2025-12-23 11:54:06 INFO  com.nihilent.BankingApplication.NihilentBank.controlllerTest.BeneficiaryAccountTest - Started BeneficiaryAccountTest in 8.997 seconds (process running for 13.56)
2025-12-23 11:54:31 INFO  org.springframework.boot.devtools.restart.RestartApplicationListener - Restart disabled due to context in which it is running
2025-12-23 11:54:33 INFO  org.hibernate.validator.internal.util.Version - HV000001: Hibernate Validator 8.0.2.Final
2025-12-23 11:54:33 INFO  com.nihilent.BankingApplication.NihilentBank.controlllerTest.DigitalBankControllerTest - Starting DigitalBankControllerTest using Java 17.0.10 with PID 18872 (started by aniket.dhakate in C:\NihilentBankTestCases\BankingApplication)
2025-12-23 11:54:33 INFO  com.nihilent.BankingApplication.NihilentBank.controlllerTest.DigitalBankControllerTest - The following 1 profile is active: "dev"
2025-12-23 11:54:45 WARN  org.springframework.boot.autoconfigure.security.servlet.UserDetailsServiceAutoConfiguration - 

Using generated security password: e6ff958e-4d64-435e-9733-693c16d32fa2

This generated password is for development use only. Your security configuration must be updated before running your application in production.

2025-12-23 11:54:45 INFO  org.springframework.security.config.annotation.authentication.configuration.InitializeUserDetailsBeanManagerConfigurer$InitializeUserDetailsManagerConfigurer - Global AuthenticationManager configured with UserDetailsService bean with name inMemoryUserDetailsManager
2025-12-23 11:54:46 INFO  org.springframework.boot.test.mock.web.SpringBootMockServletContext - Initializing Spring TestDispatcherServlet ''
2025-12-23 11:54:46 INFO  org.springframework.test.web.servlet.TestDispatcherServlet - Initializing Servlet ''
2025-12-23 11:54:46 INFO  org.springframework.test.web.servlet.TestDispatcherServlet - Completed initialization in 6 ms
2025-12-23 11:54:46 INFO  com.nihilent.BankingApplication.NihilentBank.controlllerTest.DigitalBankControllerTest - Started DigitalBankControllerTest in 14.427 seconds (process running for 24.725)
2025-12-23 11:54:48 INFO  com.nihilent.bank.serviceimpl.TransactionServiceImpl - DEBIT SUCCESS
2025-12-23 11:54:48 INFO  com.nihilent.bank.serviceimpl.TransactionServiceImpl - CREDIT SUCCESS
2025-12-23 11:54:48 ERROR com.nihilent.bank.serviceimpl.TransactionServiceImpl - Insufficient Balance
2025-12-23 11:54:48 INFO  org.springframework.boot.devtools.restart.RestartApplicationListener - Restart disabled due to context in which it is running
2025-12-23 11:54:48 INFO  com.nihilent.BankingApplication.NihilentBank.controlllerTest.BankAccountControllerTest - Starting BankAccountControllerTest using Java 17.0.10 with PID 18872 (started by aniket.dhakate in C:\NihilentBankTestCases\BankingApplication)
2025-12-23 11:54:48 INFO  com.nihilent.BankingApplication.NihilentBank.controlllerTest.BankAccountControllerTest - The following 1 profile is active: "dev"
2025-12-23 11:54:50 WARN  org.springframework.boot.autoconfigure.security.servlet.UserDetailsServiceAutoConfiguration - 

Using generated security password: 2180af54-5dba-49ff-8a59-a73366064ddd

This generated password is for development use only. Your security configuration must be updated before running your application in production.

2025-12-23 11:54:50 INFO  org.springframework.security.config.annotation.authentication.configuration.InitializeUserDetailsBeanManagerConfigurer$InitializeUserDetailsManagerConfigurer - Global AuthenticationManager configured with UserDetailsService bean with name inMemoryUserDetailsManager
2025-12-23 11:54:50 INFO  org.springframework.boot.test.mock.web.SpringBootMockServletContext - Initializing Spring TestDispatcherServlet ''
2025-12-23 11:54:50 INFO  org.springframework.test.web.servlet.TestDispatcherServlet - Initializing Servlet ''
2025-12-23 11:54:50 INFO  org.springframework.test.web.servlet.TestDispatcherServlet - Completed initialization in 2 ms
2025-12-23 11:54:50 INFO  com.nihilent.BankingApplication.NihilentBank.controlllerTest.BankAccountControllerTest - Started BankAccountControllerTest in 1.829 seconds (process running for 29.066)
2025-12-23 11:54:53 INFO  org.springframework.boot.devtools.restart.RestartApplicationListener - Restart disabled due to context in which it is running
2025-12-23 11:54:53 INFO  com.nihilent.BankingApplication.NihilentBank.controlllerTest.BeneficiaryAccountTest - Starting BeneficiaryAccountTest using Java 17.0.10 with PID 18872 (started by aniket.dhakate in C:\NihilentBankTestCases\BankingApplication)
2025-12-23 11:54:53 INFO  com.nihilent.BankingApplication.NihilentBank.controlllerTest.BeneficiaryAccountTest - The following 1 profile is active: "dev"
2025-12-23 11:54:54 WARN  org.springframework.boot.autoconfigure.security.servlet.UserDetailsServiceAutoConfiguration - 

Using generated security password: 25a80534-8644-4d19-a169-4e32aaf0f4a6

This generated password is for development use only. Your security configuration must be updated before running your application in production.

2025-12-23 11:54:54 INFO  org.springframework.security.config.annotation.authentication.configuration.InitializeUserDetailsBeanManagerConfigurer$InitializeUserDetailsManagerConfigurer - Global AuthenticationManager configured with UserDetailsService bean with name inMemoryUserDetailsManager
2025-12-23 11:54:54 INFO  org.springframework.boot.test.mock.web.SpringBootMockServletContext - Initializing Spring TestDispatcherServlet ''
2025-12-23 11:54:54 INFO  org.springframework.test.web.servlet.TestDispatcherServlet - Initializing Servlet ''
2025-12-23 11:54:54 INFO  org.springframework.test.web.servlet.TestDispatcherServlet - Completed initialization in 2 ms
2025-12-23 11:54:54 INFO  com.nihilent.BankingApplication.NihilentBank.controlllerTest.BeneficiaryAccountTest - Started BeneficiaryAccountTest in 1.452 seconds (process running for 33.168)
2025-12-23 11:54:54 INFO  org.springframework.boot.devtools.restart.RestartApplicationListener - Restart disabled due to context in which it is running
2025-12-23 11:54:55 INFO  com.nihilent.BankingApplication.NihilentBank.controlllerTest.BillPaymentsControllerTest - Starting BillPaymentsControllerTest using Java 17.0.10 with PID 18872 (started by aniket.dhakate in C:\NihilentBankTestCases\BankingApplication)
2025-12-23 11:54:55 INFO  com.nihilent.BankingApplication.NihilentBank.controlllerTest.BillPaymentsControllerTest - The following 1 profile is active: "dev"
2025-12-23 11:54:56 WARN  org.springframework.boot.autoconfigure.security.servlet.UserDetailsServiceAutoConfiguration - 

Using generated security password: 346c549c-ea66-4826-a994-50dd5dfd2f90

This generated password is for development use only. Your security configuration must be updated before running your application in production.

2025-12-23 11:54:56 INFO  org.springframework.security.config.annotation.authentication.configuration.InitializeUserDetailsBeanManagerConfigurer$InitializeUserDetailsManagerConfigurer - Global AuthenticationManager configured with UserDetailsService bean with name inMemoryUserDetailsManager
2025-12-23 11:54:56 INFO  org.springframework.boot.test.mock.web.SpringBootMockServletContext - Initializing Spring TestDispatcherServlet ''
2025-12-23 11:54:56 INFO  org.springframework.test.web.servlet.TestDispatcherServlet - Initializing Servlet ''
2025-12-23 11:54:56 INFO  org.springframework.test.web.servlet.TestDispatcherServlet - Completed initialization in 1 ms
2025-12-23 11:54:56 INFO  com.nihilent.BankingApplication.NihilentBank.controlllerTest.BillPaymentsControllerTest - Started BillPaymentsControllerTest in 1.104 seconds (process running for 34.647)
2025-12-23 11:54:56 INFO  org.springframework.boot.devtools.restart.RestartApplicationListener - Restart disabled due to context in which it is running
2025-12-23 11:54:56 INFO  com.nihilent.BankingApplication.NihilentBank.controlllerTest.LoanControllerTest - Starting LoanControllerTest using Java 17.0.10 with PID 18872 (started by aniket.dhakate in C:\NihilentBankTestCases\BankingApplication)
2025-12-23 11:54:56 INFO  com.nihilent.BankingApplication.NihilentBank.controlllerTest.LoanControllerTest - The following 1 profile is active: "dev"
2025-12-23 11:54:57 WARN  org.springframework.boot.autoconfigure.security.servlet.UserDetailsServiceAutoConfiguration - 

Using generated security password: d48a0a9a-eb5f-42a1-aadf-3aeab37388cf

This generated password is for development use only. Your security configuration must be updated before running your application in production.

2025-12-23 11:54:57 INFO  org.springframework.security.config.annotation.authentication.configuration.InitializeUserDetailsBeanManagerConfigurer$InitializeUserDetailsManagerConfigurer - Global AuthenticationManager configured with UserDetailsService bean with name inMemoryUserDetailsManager
2025-12-23 11:54:57 INFO  org.springframework.boot.test.mock.web.SpringBootMockServletContext - Initializing Spring TestDispatcherServlet ''
2025-12-23 11:54:57 INFO  org.springframework.test.web.servlet.TestDispatcherServlet - Initializing Servlet ''
2025-12-23 11:54:57 INFO  org.springframework.test.web.servlet.TestDispatcherServlet - Completed initialization in 1 ms
2025-12-23 11:54:57 INFO  com.nihilent.BankingApplication.NihilentBank.controlllerTest.LoanControllerTest - Started LoanControllerTest in 1.165 seconds (process running for 36.245)
2025-12-23 11:54:58 WARN  com.nihilent.bank.serviceimpl.BeneficiaryAccountServiceImpl - Beneficiary Already Exists
2025-12-23 11:54:58 WARN  com.nihilent.bank.serviceimpl.BeneficiaryAccountServiceImpl - Beneficiary Not Found
2025-12-23 11:54:58 WARN  com.nihilent.bank.serviceimpl.BeneficiaryAccountServiceImpl - Beneficiary Not Found
2025-12-23 11:54:58 INFO  com.nihilent.bank.serviceimpl.BeneficiaryAccountServiceImpl - Beneficiary Deleted
2025-12-23 11:54:58 INFO  com.nihilent.bank.serviceimpl.BeneficiaryAccountServiceImpl - Beneficiary Added Successfully
2025-12-23 11:54:58 INFO  org.springframework.boot.devtools.restart.RestartApplicationListener - Restart disabled due to context in which it is running
2025-12-23 11:54:58 INFO  com.nihilent.BankingApplication.NihilentBank.controlllerTest.CreditCardControllerTest - Starting CreditCardControllerTest using Java 17.0.10 with PID 18872 (started by aniket.dhakate in C:\NihilentBankTestCases\BankingApplication)
2025-12-23 11:54:58 INFO  com.nihilent.BankingApplication.NihilentBank.controlllerTest.CreditCardControllerTest - The following 1 profile is active: "dev"
2025-12-23 11:54:59 WARN  org.springframework.boot.autoconfigure.security.servlet.UserDetailsServiceAutoConfiguration - 

Using generated security password: 86cc8666-1771-4655-8364-bc2918a568ba

This generated password is for development use only. Your security configuration must be updated before running your application in production.

2025-12-23 11:54:59 INFO  org.springframework.security.config.annotation.authentication.configuration.InitializeUserDetailsBeanManagerConfigurer$InitializeUserDetailsManagerConfigurer - Global AuthenticationManager configured with UserDetailsService bean with name inMemoryUserDetailsManager
2025-12-23 11:54:59 INFO  org.springframework.boot.test.mock.web.SpringBootMockServletContext - Initializing Spring TestDispatcherServlet ''
2025-12-23 11:54:59 INFO  org.springframework.test.web.servlet.TestDispatcherServlet - Initializing Servlet ''
2025-12-23 11:54:59 INFO  org.springframework.test.web.servlet.TestDispatcherServlet - Completed initialization in 2 ms
2025-12-23 11:54:59 INFO  com.nihilent.BankingApplication.NihilentBank.controlllerTest.CreditCardControllerTest - Started CreditCardControllerTest in 1.113 seconds (process running for 37.886)
2025-12-23 11:54:59 INFO  com.nihilent.bank.serviceimpl.CreditCardServiceImpl - Request Sent
2025-12-23 11:54:59 INFO  org.springframework.boot.devtools.restart.RestartApplicationListener - Restart disabled due to context in which it is running
2025-12-23 11:54:59 INFO  com.nihilent.BankingApplication.NihilentBank.controlllerTest.CustomerControllerTest - Starting CustomerControllerTest using Java 17.0.10 with PID 18872 (started by aniket.dhakate in C:\NihilentBankTestCases\BankingApplication)
2025-12-23 11:54:59 INFO  com.nihilent.BankingApplication.NihilentBank.controlllerTest.CustomerControllerTest - The following 1 profile is active: "dev"
2025-12-23 11:55:00 WARN  org.springframework.boot.autoconfigure.security.servlet.UserDetailsServiceAutoConfiguration - 

Using generated security password: 0089806a-4e2e-43cb-bde1-239af6e73a10

This generated password is for development use only. Your security configuration must be updated before running your application in production.

2025-12-23 11:55:00 INFO  org.springframework.security.config.annotation.authentication.configuration.InitializeUserDetailsBeanManagerConfigurer$InitializeUserDetailsManagerConfigurer - Global AuthenticationManager configured with UserDetailsService bean with name inMemoryUserDetailsManager
2025-12-23 11:55:00 INFO  org.springframework.boot.test.mock.web.SpringBootMockServletContext - Initializing Spring TestDispatcherServlet ''
2025-12-23 11:55:00 INFO  org.springframework.test.web.servlet.TestDispatcherServlet - Initializing Servlet ''
2025-12-23 11:55:00 INFO  org.springframework.test.web.servlet.TestDispatcherServlet - Completed initialization in 1 ms
2025-12-23 11:55:00 INFO  com.nihilent.BankingApplication.NihilentBank.controlllerTest.CustomerControllerTest - Started CustomerControllerTest in 0.811 seconds (process running for 38.943)
2025-12-23 11:55:01 INFO  com.nihilent.bank.serviceimpl.CustomerServiceImpl - Customer Registered Successfully
2025-12-23 11:55:01 ERROR com.nihilent.bank.serviceimpl.CustomerServiceImpl - null
2025-12-23 11:55:01 INFO  org.springframework.boot.devtools.restart.RestartApplicationListener - Restart disabled due to context in which it is running
2025-12-23 11:55:01 INFO  com.nihilent.BankingApplication.NihilentBank.controlllerTest.TransactionControllerTest - Starting TransactionControllerTest using Java 17.0.10 with PID 18872 (started by aniket.dhakate in C:\NihilentBankTestCases\BankingApplication)
2025-12-23 11:55:01 INFO  com.nihilent.BankingApplication.NihilentBank.controlllerTest.TransactionControllerTest - The following 1 profile is active: "dev"
2025-12-23 11:55:02 WARN  org.springframework.boot.autoconfigure.security.servlet.UserDetailsServiceAutoConfiguration - 

Using generated security password: bb00dbf6-6d9f-4eb4-bd1d-eab173e74bf9

This generated password is for development use only. Your security configuration must be updated before running your application in production.

2025-12-23 11:55:02 INFO  org.springframework.security.config.annotation.authentication.configuration.InitializeUserDetailsBeanManagerConfigurer$InitializeUserDetailsManagerConfigurer - Global AuthenticationManager configured with UserDetailsService bean with name inMemoryUserDetailsManager
2025-12-23 11:55:02 INFO  org.springframework.boot.test.mock.web.SpringBootMockServletContext - Initializing Spring TestDispatcherServlet ''
2025-12-23 11:55:02 INFO  org.springframework.test.web.servlet.TestDispatcherServlet - Initializing Servlet ''
2025-12-23 11:55:02 INFO  org.springframework.test.web.servlet.TestDispatcherServlet - Completed initialization in 1 ms
2025-12-23 11:55:02 INFO  com.nihilent.BankingApplication.NihilentBank.controlllerTest.TransactionControllerTest - Started TransactionControllerTest in 0.89 seconds (process running for 40.626)
2025-12-23 11:56:27 INFO  org.springframework.boot.devtools.restart.RestartApplicationListener - Restart disabled due to context in which it is running
2025-12-23 11:56:28 INFO  org.hibernate.validator.internal.util.Version - HV000001: Hibernate Validator 8.0.2.Final
2025-12-23 11:56:28 INFO  com.nihilent.BankingApplication.NihilentBank.controlllerTest.CustomerControllerTest - Starting CustomerControllerTest using Java 17.0.10 with PID 40476 (started by aniket.dhakate in C:\NihilentBankTestCases\BankingApplication)
2025-12-23 11:56:28 INFO  com.nihilent.BankingApplication.NihilentBank.controlllerTest.CustomerControllerTest - The following 1 profile is active: "dev"
2025-12-23 11:56:34 WARN  org.springframework.boot.autoconfigure.security.servlet.UserDetailsServiceAutoConfiguration - 

Using generated security password: 6ad50610-81f1-4484-9f35-847e74b2797f

This generated password is for development use only. Your security configuration must be updated before running your application in production.

2025-12-23 11:56:34 INFO  org.springframework.security.config.annotation.authentication.configuration.InitializeUserDetailsBeanManagerConfigurer$InitializeUserDetailsManagerConfigurer - Global AuthenticationManager configured with UserDetailsService bean with name inMemoryUserDetailsManager
2025-12-23 11:56:35 INFO  org.springframework.boot.test.mock.web.SpringBootMockServletContext - Initializing Spring TestDispatcherServlet ''
2025-12-23 11:56:35 INFO  org.springframework.test.web.servlet.TestDispatcherServlet - Initializing Servlet ''
2025-12-23 11:56:35 INFO  org.springframework.test.web.servlet.TestDispatcherServlet - Completed initialization in 3 ms
2025-12-23 11:56:35 INFO  com.nihilent.BankingApplication.NihilentBank.controlllerTest.CustomerControllerTest - Started CustomerControllerTest in 7.815 seconds (process running for 13.792)
2025-12-23 11:56:51 INFO  org.springframework.boot.devtools.restart.RestartApplicationListener - Restart disabled due to context in which it is running
2025-12-23 11:56:52 INFO  org.hibernate.validator.internal.util.Version - HV000001: Hibernate Validator 8.0.2.Final
2025-12-23 11:56:52 INFO  com.nihilent.BankingApplication.NihilentBank.controlllerTest.CustomerControllerTest - Starting CustomerControllerTest using Java 17.0.10 with PID 24028 (started by aniket.dhakate in C:\NihilentBankTestCases\BankingApplication)
2025-12-23 11:56:52 INFO  com.nihilent.BankingApplication.NihilentBank.controlllerTest.CustomerControllerTest - The following 1 profile is active: "dev"
2025-12-23 11:56:58 WARN  org.springframework.boot.autoconfigure.security.servlet.UserDetailsServiceAutoConfiguration - 

Using generated security password: f220aec4-15d5-4e23-8164-a17fb1c06a0c

This generated password is for development use only. Your security configuration must be updated before running your application in production.

2025-12-23 11:56:58 INFO  org.springframework.security.config.annotation.authentication.configuration.InitializeUserDetailsBeanManagerConfigurer$InitializeUserDetailsManagerConfigurer - Global AuthenticationManager configured with UserDetailsService bean with name inMemoryUserDetailsManager
2025-12-23 11:56:59 INFO  org.springframework.boot.test.mock.web.SpringBootMockServletContext - Initializing Spring TestDispatcherServlet ''
2025-12-23 11:56:59 INFO  org.springframework.test.web.servlet.TestDispatcherServlet - Initializing Servlet ''
2025-12-23 11:56:59 INFO  org.springframework.test.web.servlet.TestDispatcherServlet - Completed initialization in 4 ms
2025-12-23 11:56:59 INFO  com.nihilent.BankingApplication.NihilentBank.controlllerTest.CustomerControllerTest - Started CustomerControllerTest in 8.222 seconds (process running for 13.491)
2025-12-23 11:57:38 INFO  org.springframework.boot.devtools.restart.RestartApplicationListener - Restart disabled due to context in which it is running
2025-12-23 11:57:40 INFO  org.hibernate.validator.internal.util.Version - HV000001: Hibernate Validator 8.0.2.Final
2025-12-23 11:57:40 INFO  com.nihilent.BankingApplication.NihilentBank.controlllerTest.DigitalBankControllerTest - Starting DigitalBankControllerTest using Java 17.0.10 with PID 15584 (started by aniket.dhakate in C:\NihilentBankTestCases\BankingApplication)
2025-12-23 11:57:40 INFO  com.nihilent.BankingApplication.NihilentBank.controlllerTest.DigitalBankControllerTest - The following 1 profile is active: "dev"
2025-12-23 11:57:51 WARN  org.springframework.boot.autoconfigure.security.servlet.UserDetailsServiceAutoConfiguration - 

Using generated security password: c5fe4946-5c4f-43a3-a4a8-2d12e6ba2fad

This generated password is for development use only. Your security configuration must be updated before running your application in production.

2025-12-23 11:57:51 INFO  org.springframework.security.config.annotation.authentication.configuration.InitializeUserDetailsBeanManagerConfigurer$InitializeUserDetailsManagerConfigurer - Global AuthenticationManager configured with UserDetailsService bean with name inMemoryUserDetailsManager
2025-12-23 11:57:52 INFO  org.springframework.boot.test.mock.web.SpringBootMockServletContext - Initializing Spring TestDispatcherServlet ''
2025-12-23 11:57:52 INFO  org.springframework.test.web.servlet.TestDispatcherServlet - Initializing Servlet ''
2025-12-23 11:57:52 INFO  org.springframework.test.web.servlet.TestDispatcherServlet - Completed initialization in 5 ms
2025-12-23 11:57:52 INFO  com.nihilent.BankingApplication.NihilentBank.controlllerTest.DigitalBankControllerTest - Started DigitalBankControllerTest in 13.43 seconds (process running for 24.889)
2025-12-23 11:57:54 INFO  com.nihilent.bank.serviceimpl.TransactionServiceImpl - DEBIT SUCCESS
2025-12-23 11:57:54 INFO  com.nihilent.bank.serviceimpl.TransactionServiceImpl - CREDIT SUCCESS
2025-12-23 11:57:54 ERROR com.nihilent.bank.serviceimpl.TransactionServiceImpl - Insufficient Balance
2025-12-23 11:57:55 INFO  org.springframework.boot.devtools.restart.RestartApplicationListener - Restart disabled due to context in which it is running
2025-12-23 11:57:55 INFO  com.nihilent.BankingApplication.NihilentBank.controlllerTest.BankAccountControllerTest - Starting BankAccountControllerTest using Java 17.0.10 with PID 15584 (started by aniket.dhakate in C:\NihilentBankTestCases\BankingApplication)
2025-12-23 11:57:55 INFO  com.nihilent.BankingApplication.NihilentBank.controlllerTest.BankAccountControllerTest - The following 1 profile is active: "dev"
2025-12-23 11:57:56 WARN  org.springframework.boot.autoconfigure.security.servlet.UserDetailsServiceAutoConfiguration - 

Using generated security password: 6217baa9-7a27-42a0-9f9a-08fb7c301d49

This generated password is for development use only. Your security configuration must be updated before running your application in production.

2025-12-23 11:57:56 INFO  org.springframework.security.config.annotation.authentication.configuration.InitializeUserDetailsBeanManagerConfigurer$InitializeUserDetailsManagerConfigurer - Global AuthenticationManager configured with UserDetailsService bean with name inMemoryUserDetailsManager
2025-12-23 11:57:56 INFO  org.springframework.boot.test.mock.web.SpringBootMockServletContext - Initializing Spring TestDispatcherServlet ''
2025-12-23 11:57:56 INFO  org.springframework.test.web.servlet.TestDispatcherServlet - Initializing Servlet ''
2025-12-23 11:57:56 INFO  org.springframework.test.web.servlet.TestDispatcherServlet - Completed initialization in 2 ms
2025-12-23 11:57:56 INFO  com.nihilent.BankingApplication.NihilentBank.controlllerTest.BankAccountControllerTest - Started BankAccountControllerTest in 1.81 seconds (process running for 29.441)
2025-12-23 11:57:59 INFO  org.springframework.boot.devtools.restart.RestartApplicationListener - Restart disabled due to context in which it is running
2025-12-23 11:57:59 INFO  com.nihilent.BankingApplication.NihilentBank.controlllerTest.BeneficiaryAccountTest - Starting BeneficiaryAccountTest using Java 17.0.10 with PID 15584 (started by aniket.dhakate in C:\NihilentBankTestCases\BankingApplication)
2025-12-23 11:57:59 INFO  com.nihilent.BankingApplication.NihilentBank.controlllerTest.BeneficiaryAccountTest - The following 1 profile is active: "dev"
2025-12-23 11:58:00 WARN  org.springframework.boot.autoconfigure.security.servlet.UserDetailsServiceAutoConfiguration - 

Using generated security password: cd27893f-2175-4a6f-bdca-8d5f15f30c7f

This generated password is for development use only. Your security configuration must be updated before running your application in production.

2025-12-23 11:58:00 INFO  org.springframework.security.config.annotation.authentication.configuration.InitializeUserDetailsBeanManagerConfigurer$InitializeUserDetailsManagerConfigurer - Global AuthenticationManager configured with UserDetailsService bean with name inMemoryUserDetailsManager
2025-12-23 11:58:00 INFO  org.springframework.boot.test.mock.web.SpringBootMockServletContext - Initializing Spring TestDispatcherServlet ''
2025-12-23 11:58:00 INFO  org.springframework.test.web.servlet.TestDispatcherServlet - Initializing Servlet ''
2025-12-23 11:58:00 INFO  org.springframework.test.web.servlet.TestDispatcherServlet - Completed initialization in 2 ms
2025-12-23 11:58:00 INFO  com.nihilent.BankingApplication.NihilentBank.controlllerTest.BeneficiaryAccountTest - Started BeneficiaryAccountTest in 1.289 seconds (process running for 33.307)
2025-12-23 11:58:01 INFO  org.springframework.boot.devtools.restart.RestartApplicationListener - Restart disabled due to context in which it is running
2025-12-23 11:58:01 INFO  com.nihilent.BankingApplication.NihilentBank.controlllerTest.BillPaymentsControllerTest - Starting BillPaymentsControllerTest using Java 17.0.10 with PID 15584 (started by aniket.dhakate in C:\NihilentBankTestCases\BankingApplication)
2025-12-23 11:58:01 INFO  com.nihilent.BankingApplication.NihilentBank.controlllerTest.BillPaymentsControllerTest - The following 1 profile is active: "dev"
2025-12-23 11:58:02 WARN  org.springframework.boot.autoconfigure.security.servlet.UserDetailsServiceAutoConfiguration - 

Using generated security password: f00b8f70-4160-4eaf-9946-902e4a86d802

This generated password is for development use only. Your security configuration must be updated before running your application in production.

2025-12-23 11:58:02 INFO  org.springframework.security.config.annotation.authentication.configuration.InitializeUserDetailsBeanManagerConfigurer$InitializeUserDetailsManagerConfigurer - Global AuthenticationManager configured with UserDetailsService bean with name inMemoryUserDetailsManager
2025-12-23 11:58:02 INFO  org.springframework.boot.test.mock.web.SpringBootMockServletContext - Initializing Spring TestDispatcherServlet ''
2025-12-23 11:58:02 INFO  org.springframework.test.web.servlet.TestDispatcherServlet - Initializing Servlet ''
2025-12-23 11:58:02 INFO  org.springframework.test.web.servlet.TestDispatcherServlet - Completed initialization in 3 ms
2025-12-23 11:58:02 INFO  com.nihilent.BankingApplication.NihilentBank.controlllerTest.BillPaymentsControllerTest - Started BillPaymentsControllerTest in 1.239 seconds (process running for 34.912)
2025-12-23 11:58:02 INFO  org.springframework.boot.devtools.restart.RestartApplicationListener - Restart disabled due to context in which it is running
2025-12-23 11:58:02 INFO  com.nihilent.BankingApplication.NihilentBank.controlllerTest.LoanControllerTest - Starting LoanControllerTest using Java 17.0.10 with PID 15584 (started by aniket.dhakate in C:\NihilentBankTestCases\BankingApplication)
2025-12-23 11:58:02 INFO  com.nihilent.BankingApplication.NihilentBank.controlllerTest.LoanControllerTest - The following 1 profile is active: "dev"
2025-12-23 11:58:03 WARN  org.springframework.boot.autoconfigure.security.servlet.UserDetailsServiceAutoConfiguration - 

Using generated security password: 9de20459-7b3c-4132-bb2f-c5bb39cb26c7

This generated password is for development use only. Your security configuration must be updated before running your application in production.

2025-12-23 11:58:03 INFO  org.springframework.security.config.annotation.authentication.configuration.InitializeUserDetailsBeanManagerConfigurer$InitializeUserDetailsManagerConfigurer - Global AuthenticationManager configured with UserDetailsService bean with name inMemoryUserDetailsManager
2025-12-23 11:58:03 INFO  org.springframework.boot.test.mock.web.SpringBootMockServletContext - Initializing Spring TestDispatcherServlet ''
2025-12-23 11:58:03 INFO  org.springframework.test.web.servlet.TestDispatcherServlet - Initializing Servlet ''
2025-12-23 11:58:03 INFO  org.springframework.test.web.servlet.TestDispatcherServlet - Completed initialization in 1 ms
2025-12-23 11:58:03 INFO  com.nihilent.BankingApplication.NihilentBank.controlllerTest.LoanControllerTest - Started LoanControllerTest in 1.05 seconds (process running for 36.266)
2025-12-23 11:58:04 WARN  com.nihilent.bank.serviceimpl.BeneficiaryAccountServiceImpl - Beneficiary Already Exists
2025-12-23 11:58:04 WARN  com.nihilent.bank.serviceimpl.BeneficiaryAccountServiceImpl - Beneficiary Not Found
2025-12-23 11:58:04 WARN  com.nihilent.bank.serviceimpl.BeneficiaryAccountServiceImpl - Beneficiary Not Found
2025-12-23 11:58:04 INFO  com.nihilent.bank.serviceimpl.BeneficiaryAccountServiceImpl - Beneficiary Deleted
2025-12-23 11:58:04 INFO  com.nihilent.bank.serviceimpl.BeneficiaryAccountServiceImpl - Beneficiary Added Successfully
2025-12-23 11:58:04 INFO  org.springframework.boot.devtools.restart.RestartApplicationListener - Restart disabled due to context in which it is running
2025-12-23 11:58:04 INFO  com.nihilent.BankingApplication.NihilentBank.controlllerTest.CreditCardControllerTest - Starting CreditCardControllerTest using Java 17.0.10 with PID 15584 (started by aniket.dhakate in C:\NihilentBankTestCases\BankingApplication)
2025-12-23 11:58:04 INFO  com.nihilent.BankingApplication.NihilentBank.controlllerTest.CreditCardControllerTest - The following 1 profile is active: "dev"
2025-12-23 11:58:05 WARN  org.springframework.boot.autoconfigure.security.servlet.UserDetailsServiceAutoConfiguration - 

Using generated security password: c098f6d5-aa55-4268-8c3e-4839649ef622

This generated password is for development use only. Your security configuration must be updated before running your application in production.

2025-12-23 11:58:05 INFO  org.springframework.security.config.annotation.authentication.configuration.InitializeUserDetailsBeanManagerConfigurer$InitializeUserDetailsManagerConfigurer - Global AuthenticationManager configured with UserDetailsService bean with name inMemoryUserDetailsManager
2025-12-23 11:58:05 INFO  org.springframework.boot.test.mock.web.SpringBootMockServletContext - Initializing Spring TestDispatcherServlet ''
2025-12-23 11:58:05 INFO  org.springframework.test.web.servlet.TestDispatcherServlet - Initializing Servlet ''
2025-12-23 11:58:05 INFO  org.springframework.test.web.servlet.TestDispatcherServlet - Completed initialization in 1 ms
2025-12-23 11:58:05 INFO  com.nihilent.BankingApplication.NihilentBank.controlllerTest.CreditCardControllerTest - Started CreditCardControllerTest in 0.998 seconds (process running for 37.732)
2025-12-23 11:58:05 INFO  com.nihilent.bank.serviceimpl.CreditCardServiceImpl - Request Sent
2025-12-23 11:58:05 INFO  org.springframework.boot.devtools.restart.RestartApplicationListener - Restart disabled due to context in which it is running
2025-12-23 11:58:05 INFO  com.nihilent.BankingApplication.NihilentBank.controlllerTest.CustomerControllerTest - Starting CustomerControllerTest using Java 17.0.10 with PID 15584 (started by aniket.dhakate in C:\NihilentBankTestCases\BankingApplication)
2025-12-23 11:58:05 INFO  com.nihilent.BankingApplication.NihilentBank.controlllerTest.CustomerControllerTest - The following 1 profile is active: "dev"
2025-12-23 11:58:06 WARN  org.springframework.boot.autoconfigure.security.servlet.UserDetailsServiceAutoConfiguration - 

Using generated security password: 8a078577-6b88-4ce8-b682-e063973845b9

This generated password is for development use only. Your security configuration must be updated before running your application in production.

2025-12-23 11:58:06 INFO  org.springframework.security.config.annotation.authentication.configuration.InitializeUserDetailsBeanManagerConfigurer$InitializeUserDetailsManagerConfigurer - Global AuthenticationManager configured with UserDetailsService bean with name inMemoryUserDetailsManager
2025-12-23 11:58:06 INFO  org.springframework.boot.test.mock.web.SpringBootMockServletContext - Initializing Spring TestDispatcherServlet ''
2025-12-23 11:58:06 INFO  org.springframework.test.web.servlet.TestDispatcherServlet - Initializing Servlet ''
2025-12-23 11:58:06 INFO  org.springframework.test.web.servlet.TestDispatcherServlet - Completed initialization in 1 ms
2025-12-23 11:58:06 INFO  com.nihilent.BankingApplication.NihilentBank.controlllerTest.CustomerControllerTest - Started CustomerControllerTest in 0.773 seconds (process running for 38.755)
2025-12-23 11:58:06 INFO  com.nihilent.bank.serviceimpl.CustomerServiceImpl - Customer Registered Successfully
2025-12-23 11:58:06 ERROR com.nihilent.bank.serviceimpl.CustomerServiceImpl - null
2025-12-23 11:58:06 INFO  org.springframework.boot.devtools.restart.RestartApplicationListener - Restart disabled due to context in which it is running
2025-12-23 11:58:06 INFO  com.nihilent.BankingApplication.NihilentBank.controlllerTest.TransactionControllerTest - Starting TransactionControllerTest using Java 17.0.10 with PID 15584 (started by aniket.dhakate in C:\NihilentBankTestCases\BankingApplication)
2025-12-23 11:58:06 INFO  com.nihilent.BankingApplication.NihilentBank.controlllerTest.TransactionControllerTest - The following 1 profile is active: "dev"
2025-12-23 11:58:07 WARN  org.springframework.boot.autoconfigure.security.servlet.UserDetailsServiceAutoConfiguration - 

Using generated security password: 5ccd3e7f-1ed0-4446-8bb3-565cca4c0458

This generated password is for development use only. Your security configuration must be updated before running your application in production.

2025-12-23 11:58:07 INFO  org.springframework.security.config.annotation.authentication.configuration.InitializeUserDetailsBeanManagerConfigurer$InitializeUserDetailsManagerConfigurer - Global AuthenticationManager configured with UserDetailsService bean with name inMemoryUserDetailsManager
2025-12-23 11:58:07 INFO  org.springframework.boot.test.mock.web.SpringBootMockServletContext - Initializing Spring TestDispatcherServlet ''
2025-12-23 11:58:07 INFO  org.springframework.test.web.servlet.TestDispatcherServlet - Initializing Servlet ''
2025-12-23 11:58:07 INFO  org.springframework.test.web.servlet.TestDispatcherServlet - Completed initialization in 0 ms
2025-12-23 11:58:07 INFO  com.nihilent.BankingApplication.NihilentBank.controlllerTest.TransactionControllerTest - Started TransactionControllerTest in 0.753 seconds (process running for 40.086)
2025-12-23 12:06:09 INFO  org.springframework.boot.devtools.restart.RestartApplicationListener - Restart disabled due to context in which it is running
2025-12-23 12:06:10 INFO  org.hibernate.validator.internal.util.Version - HV000001: Hibernate Validator 8.0.2.Final
2025-12-23 12:06:10 INFO  com.nihilent.BankingApplication.NihilentBank.controlllerTest.UpiControllerTest - Starting UpiControllerTest using Java 17.0.10 with PID 36252 (started by aniket.dhakate in C:\NihilentBankTestCases\BankingApplication)
2025-12-23 12:06:10 INFO  com.nihilent.BankingApplication.NihilentBank.controlllerTest.UpiControllerTest - The following 1 profile is active: "dev"
2025-12-23 12:06:15 WARN  org.springframework.web.context.support.GenericWebApplicationContext - Exception encountered during context initialization - cancelling refresh attempt: org.springframework.beans.factory.UnsatisfiedDependencyException: Error creating bean with name 'jwtFilter' defined in file [C:\NihilentBankTestCases\BankingApplication\target\classes\com\nihilent\bank\filter\JwtFilter.class]: Unsatisfied dependency expressed through constructor parameter 1: No qualifying bean of type 'com.nihilent.bank.serviceimpl.CustomerServiceImpl' available: expected at least 1 bean which qualifies as autowire candidate. Dependency annotations: {}
2025-12-23 12:06:15 INFO  org.springframework.boot.autoconfigure.logging.ConditionEvaluationReportLogger - 

Error starting ApplicationContext. To display the condition evaluation report re-run your application with 'debug' enabled.
2025-12-23 12:06:15 ERROR org.springframework.boot.diagnostics.LoggingFailureAnalysisReporter - 

***************************
APPLICATION FAILED TO START
***************************

Description:

Parameter 1 of constructor in com.nihilent.bank.filter.JwtFilter required a bean of type 'com.nihilent.bank.serviceimpl.CustomerServiceImpl' that could not be found.


Action:

Consider defining a bean of type 'com.nihilent.bank.serviceimpl.CustomerServiceImpl' in your configuration.

2025-12-23 12:06:15 WARN  org.springframework.test.context.TestContextManager - Caught exception while allowing TestExecutionListener [org.springframework.test.context.bean.override.BeanOverrideTestExecutionListener] to prepare test instance [com.nihilent.BankingApplication.NihilentBank.controlllerTest.UpiControllerTest@75a226ea]
java.lang.IllegalStateException: Failed to load ApplicationContext for [WebMergedContextConfiguration@7856f41a testClass = com.nihilent.BankingApplication.NihilentBank.controlllerTest.UpiControllerTest, locations = [], classes = [com.nihilent.bank.NihilentBankApplication], contextInitializerClasses = [], activeProfiles = [], propertySourceDescriptors = [], propertySourceProperties = ["org.springframework.boot.test.autoconfigure.web.servlet.WebMvcTestContextBootstrapper=true"], contextCustomizers = [[ImportsContextCustomizer@5fbae40 key = [org.springframework.boot.autoconfigure.security.oauth2.client.servlet.OAuth2ClientWebSecurityAutoConfiguration, org.springframework.boot.autoconfigure.task.TaskExecutionAutoConfiguration, org.springframework.boot.autoconfigure.cache.CacheAutoConfiguration, org.springframework.boot.autoconfigure.web.servlet.HttpEncodingAutoConfiguration, org.springframework.boot.autoconfigure.validation.ValidationAutoConfiguration, org.springframework.boot.autoconfigure.context.MessageSourceAutoConfiguration, org.springframework.boot.autoconfigure.hateoas.HypermediaAutoConfiguration, org.springframework.boot.autoconfigure.jackson.JacksonAutoConfiguration, org.springframework.boot.autoconfigure.data.web.SpringDataWebAutoConfiguration, org.springframework.boot.test.autoconfigure.web.reactive.WebTestClientAutoConfiguration, org.springframework.boot.autoconfigure.web.servlet.error.ErrorMvcAutoConfiguration, org.springframework.boot.test.autoconfigure.web.servlet.MockMvcAutoConfiguration, org.springframework.boot.autoconfigure.security.servlet.SecurityAutoConfiguration, org.springframework.boot.autoconfigure.security.servlet.SecurityFilterAutoConfiguration, org.springframework.boot.autoconfigure.http.HttpMessageConvertersAutoConfiguration, org.springframework.boot.autoconfigure.security.oauth2.client.OAuth2ClientAutoConfiguration, org.springframework.boot.test.autoconfigure.web.servlet.MockMvcSecurityConfiguration, org.springframework.boot.test.autoconfigure.web.servlet.MockMvcWebClientAutoConfiguration, org.springframework.boot.test.autoconfigure.web.servlet.MockMvcWebDriverAutoConfiguration, org.springframework.boot.autoconfigure.thymeleaf.ThymeleafAutoConfiguration, org.springframework.boot.autoconfigure.gson.GsonAutoConfiguration, org.springframework.boot.autoconfigure.jsonb.JsonbAutoConfiguration, org.springframework.boot.autoconfigure.freemarker.FreeMarkerAutoConfiguration, org.springframework.boot.autoconfigure.web.servlet.WebMvcAutoConfiguration, org.springframework.boot.autoconfigure.security.servlet.UserDetailsServiceAutoConfiguration, org.springframework.boot.autoconfigure.security.oauth2.resource.servlet.OAuth2ResourceServerAutoConfiguration, org.springframework.boot.autoconfigure.groovy.template.GroovyTemplateAutoConfiguration, org.springframework.boot.autoconfigure.mustache.MustacheAutoConfiguration]], org.springframework.boot.test.context.filter.ExcludeFilterContextCustomizer@1bdbf9be, org.springframework.boot.test.json.DuplicateJsonObjectContextCustomizerFactory$DuplicateJsonObjectContextCustomizer@78d39a69, org.springframework.boot.test.mock.mockito.MockitoContextCustomizer@0, org.springframework.boot.test.web.reactor.netty.DisableReactorResourceFactoryGlobalResourcesContextCustomizerFactory$DisableReactorResourceFactoryGlobalResourcesContextCustomizerCustomizer@6c000e0c, org.springframework.boot.test.autoconfigure.OnFailureConditionReportContextCustomizerFactory$OnFailureConditionReportContextCustomizer@6974a715, org.springframework.boot.test.autoconfigure.OverrideAutoConfigurationContextCustomizerFactory$DisableAutoConfigurationContextCustomizer@4c9e9fb8, org.springframework.boot.test.autoconfigure.actuate.observability.ObservabilityContextCustomizerFactory$DisableObservabilityContextCustomizer@1f, org.springframework.boot.test.autoconfigure.filter.TypeExcludeFiltersContextCustomizer@593bbbf1, org.springframework.boot.test.autoconfigure.properties.PropertyMappingContextCustomizer@e2e75f0e, org.springframework.boot.test.autoconfigure.web.servlet.WebDriverContextCustomizer@7fcff1b9, org.springframework.test.context.bean.override.BeanOverrideContextCustomizer@cd3a8e62, org.springframework.test.context.support.DynamicPropertiesContextCustomizer@0, org.springframework.boot.test.context.SpringBootTestAnnotation@223c3a5d], resourceBasePath = "src/main/webapp", contextLoader = org.springframework.boot.test.context.SpringBootContextLoader, parent = null]
	at org.springframework.test.context.cache.DefaultCacheAwareContextLoaderDelegate.loadContext(DefaultCacheAwareContextLoaderDelegate.java:180) ~[spring-test-6.2.7.jar:6.2.7]
	at org.springframework.test.context.support.DefaultTestContext.getApplicationContext(DefaultTestContext.java:130) ~[spring-test-6.2.7.jar:6.2.7]
	at org.springframework.test.context.bean.override.BeanOverrideTestExecutionListener.injectFields(BeanOverrideTestExecutionListener.java:99) ~[spring-test-6.2.7.jar:6.2.7]
	at org.springframework.test.context.bean.override.BeanOverrideTestExecutionListener.prepareTestInstance(BeanOverrideTestExecutionListener.java:70) ~[spring-test-6.2.7.jar:6.2.7]
	at org.springframework.test.context.TestContextManager.prepareTestInstance(TestContextManager.java:260) ~[spring-test-6.2.7.jar:6.2.7]
	at org.springframework.test.context.junit.jupiter.SpringExtension.postProcessTestInstance(SpringExtension.java:159) ~[spring-test-6.2.7.jar:6.2.7]
	at org.junit.jupiter.engine.descriptor.ClassBasedTestDescriptor.lambda$invokeTestInstancePostProcessors$10(ClassBasedTestDescriptor.java:383) ~[junit-jupiter-engine-5.12.2.jar:5.12.2]
	at org.junit.jupiter.engine.descriptor.ClassBasedTestDescriptor.executeAndMaskThrowable(ClassBasedTestDescriptor.java:388) ~[junit-jupiter-engine-5.12.2.jar:5.12.2]
	at org.junit.jupiter.engine.descriptor.ClassBasedTestDescriptor.lambda$invokeTestInstancePostProcessors$11(ClassBasedTestDescriptor.java:382) ~[junit-jupiter-engine-5.12.2.jar:5.12.2]
	at java.base/java.util.stream.ForEachOps$ForEachOp$OfRef.accept(ForEachOps.java:183) ~[?:?]
	at java.base/java.util.stream.ReferencePipeline$3$1.accept(ReferencePipeline.java:197) ~[?:?]
	at java.base/java.util.stream.ReferencePipeline$2$1.accept(ReferencePipeline.java:179) ~[?:?]
	at java.base/java.util.stream.ReferencePipeline$3$1.accept(ReferencePipeline.java:197) ~[?:?]
	at java.base/java.util.ArrayList$ArrayListSpliterator.forEachRemaining(ArrayList.java:1625) ~[?:?]
	at java.base/java.util.stream.AbstractPipeline.copyInto(AbstractPipeline.java:509) ~[?:?]
	at java.base/java.util.stream.AbstractPipeline.wrapAndCopyInto(AbstractPipeline.java:499) ~[?:?]
	at java.base/java.util.stream.ForEachOps$ForEachOp.evaluateSequential(ForEachOps.java:150) ~[?:?]
	at java.base/java.util.stream.ForEachOps$ForEachOp$OfRef.evaluateSequential(ForEachOps.java:173) ~[?:?]
	at java.base/java.util.stream.AbstractPipeline.evaluate(AbstractPipeline.java:234) ~[?:?]
	at java.base/java.util.stream.ReferencePipeline.forEach(ReferencePipeline.java:596) ~[?:?]
	at org.junit.jupiter.engine.descriptor.ClassBasedTestDescriptor.invokeTestInstancePostProcessors(ClassBasedTestDescriptor.java:382) ~[junit-jupiter-engine-5.12.2.jar:5.12.2]
	at org.junit.jupiter.engine.descriptor.ClassBasedTestDescriptor.lambda$instantiateAndPostProcessTestInstance$6(ClassBasedTestDescriptor.java:293) ~[junit-jupiter-engine-5.12.2.jar:5.12.2]
	at org.junit.platform.engine.support.hierarchical.ThrowableCollector.execute(ThrowableCollector.java:73) ~[junit-platform-engine-1.12.2.jar:1.12.2]
	at org.junit.jupiter.engine.descriptor.ClassBasedTestDescriptor.instantiateAndPostProcessTestInstance(ClassBasedTestDescriptor.java:292) ~[junit-jupiter-engine-5.12.2.jar:5.12.2]
	at org.junit.jupiter.engine.descriptor.ClassBasedTestDescriptor.lambda$testInstancesProvider$4(ClassBasedTestDescriptor.java:281) ~[junit-jupiter-engine-5.12.2.jar:5.12.2]
	at java.base/java.util.Optional.orElseGet(Optional.java:364) ~[?:?]
	at org.junit.jupiter.engine.descriptor.ClassBasedTestDescriptor.lambda$testInstancesProvider$5(ClassBasedTestDescriptor.java:280) ~[junit-jupiter-engine-5.12.2.jar:5.12.2]
	at org.junit.jupiter.engine.execution.TestInstancesProvider.getTestInstances(TestInstancesProvider.java:27) ~[junit-jupiter-engine-5.12.2.jar:5.12.2]
	at org.junit.jupiter.engine.descriptor.TestMethodTestDescriptor.lambda$prepare$0(TestMethodTestDescriptor.java:112) ~[junit-jupiter-engine-5.12.2.jar:5.12.2]
	at org.junit.platform.engine.support.hierarchical.ThrowableCollector.execute(ThrowableCollector.java:73) ~[junit-platform-engine-1.12.2.jar:1.12.2]
	at org.junit.jupiter.engine.descriptor.TestMethodTestDescriptor.prepare(TestMethodTestDescriptor.java:111) ~[junit-jupiter-engine-5.12.2.jar:5.12.2]
	at org.junit.jupiter.engine.descriptor.TestMethodTestDescriptor.prepare(TestMethodTestDescriptor.java:69) ~[junit-jupiter-engine-5.12.2.jar:5.12.2]
	at org.junit.platform.engine.support.hierarchical.NodeTestTask.lambda$prepare$2(NodeTestTask.java:128) ~[junit-platform-engine-1.12.2.jar:1.12.2]
	at org.junit.platform.engine.support.hierarchical.ThrowableCollector.execute(ThrowableCollector.java:73) ~[junit-platform-engine-1.12.2.jar:1.12.2]
	at org.junit.platform.engine.support.hierarchical.NodeTestTask.prepare(NodeTestTask.java:128) ~[junit-platform-engine-1.12.2.jar:1.12.2]
	at org.junit.platform.engine.support.hierarchical.NodeTestTask.execute(NodeTestTask.java:95) ~[junit-platform-engine-1.12.2.jar:1.12.2]
	at java.base/java.util.ArrayList.forEach(ArrayList.java:1511) ~[?:?]
	at org.junit.platform.engine.support.hierarchical.SameThreadHierarchicalTestExecutorService.invokeAll(SameThreadHierarchicalTestExecutorService.java:41) ~[junit-platform-engine-1.12.2.jar:1.12.2]
	at org.junit.platform.engine.support.hierarchical.NodeTestTask.lambda$executeRecursively$6(NodeTestTask.java:160) ~[junit-platform-engine-1.12.2.jar:1.12.2]
	at org.junit.platform.engine.support.hierarchical.ThrowableCollector.execute(ThrowableCollector.java:73) ~[junit-platform-engine-1.12.2.jar:1.12.2]
	at org.junit.platform.engine.support.hierarchical.NodeTestTask.lambda$executeRecursively$8(NodeTestTask.java:146) ~[junit-platform-engine-1.12.2.jar:1.12.2]
	at org.junit.platform.engine.support.hierarchical.Node.around(Node.java:137) ~[junit-platform-engine-1.12.2.jar:1.12.2]
	at org.junit.platform.engine.support.hierarchical.NodeTestTask.lambda$executeRecursively$9(NodeTestTask.java:144) ~[junit-platform-engine-1.12.2.jar:1.12.2]
	at org.junit.platform.engine.support.hierarchical.ThrowableCollector.execute(ThrowableCollector.java:73) ~[junit-platform-engine-1.12.2.jar:1.12.2]
	at org.junit.platform.engine.support.hierarchical.NodeTestTask.executeRecursively(NodeTestTask.java:143) ~[junit-platform-engine-1.12.2.jar:1.12.2]
	at org.junit.platform.engine.support.hierarchical.NodeTestTask.execute(NodeTestTask.java:100) ~[junit-platform-engine-1.12.2.jar:1.12.2]
	at java.base/java.util.ArrayList.forEach(ArrayList.java:1511) ~[?:?]
	at org.junit.platform.engine.support.hierarchical.SameThreadHierarchicalTestExecutorService.invokeAll(SameThreadHierarchicalTestExecutorService.java:41) ~[junit-platform-engine-1.12.2.jar:1.12.2]
	at org.junit.platform.engine.support.hierarchical.NodeTestTask.lambda$executeRecursively$6(NodeTestTask.java:160) ~[junit-platform-engine-1.12.2.jar:1.12.2]
	at org.junit.platform.engine.support.hierarchical.ThrowableCollector.execute(ThrowableCollector.java:73) ~[junit-platform-engine-1.12.2.jar:1.12.2]
	at org.junit.platform.engine.support.hierarchical.NodeTestTask.lambda$executeRecursively$8(NodeTestTask.java:146) ~[junit-platform-engine-1.12.2.jar:1.12.2]
	at org.junit.platform.engine.support.hierarchical.Node.around(Node.java:137) ~[junit-platform-engine-1.12.2.jar:1.12.2]
	at org.junit.platform.engine.support.hierarchical.NodeTestTask.lambda$executeRecursively$9(NodeTestTask.java:144) ~[junit-platform-engine-1.12.2.jar:1.12.2]
	at org.junit.platform.engine.support.hierarchical.ThrowableCollector.execute(ThrowableCollector.java:73) ~[junit-platform-engine-1.12.2.jar:1.12.2]
	at org.junit.platform.engine.support.hierarchical.NodeTestTask.executeRecursively(NodeTestTask.java:143) ~[junit-platform-engine-1.12.2.jar:1.12.2]
	at org.junit.platform.engine.support.hierarchical.NodeTestTask.execute(NodeTestTask.java:100) ~[junit-platform-engine-1.12.2.jar:1.12.2]
	at org.junit.platform.engine.support.hierarchical.SameThreadHierarchicalTestExecutorService.submit(SameThreadHierarchicalTestExecutorService.java:35) ~[junit-platform-engine-1.12.2.jar:1.12.2]
	at org.junit.platform.engine.support.hierarchical.HierarchicalTestExecutor.execute(HierarchicalTestExecutor.java:57) ~[junit-platform-engine-1.12.2.jar:1.12.2]
	at org.junit.platform.engine.support.hierarchical.HierarchicalTestEngine.execute(HierarchicalTestEngine.java:54) ~[junit-platform-engine-1.12.2.jar:1.12.2]
	at org.junit.platform.launcher.core.EngineExecutionOrchestrator.execute(EngineExecutionOrchestrator.java:201) ~[junit-platform-launcher-1.12.2.jar:1.12.2]
	at org.junit.platform.launcher.core.EngineExecutionOrchestrator.execute(EngineExecutionOrchestrator.java:170) ~[junit-platform-launcher-1.12.2.jar:1.12.2]
	at org.junit.platform.launcher.core.EngineExecutionOrchestrator.execute(EngineExecutionOrchestrator.java:94) ~[junit-platform-launcher-1.12.2.jar:1.12.2]
	at org.junit.platform.launcher.core.EngineExecutionOrchestrator.lambda$execute$0(EngineExecutionOrchestrator.java:59) ~[junit-platform-launcher-1.12.2.jar:1.12.2]
	at org.junit.platform.launcher.core.EngineExecutionOrchestrator.withInterceptedStreams(EngineExecutionOrchestrator.java:142) ~[junit-platform-launcher-1.12.2.jar:1.12.2]
	at org.junit.platform.launcher.core.EngineExecutionOrchestrator.execute(EngineExecutionOrchestrator.java:58) ~[junit-platform-launcher-1.12.2.jar:1.12.2]
	at org.junit.platform.launcher.core.DefaultLauncher.execute(DefaultLauncher.java:103) ~[junit-platform-launcher-1.12.2.jar:1.12.2]
	at org.junit.platform.launcher.core.DefaultLauncher.execute(DefaultLauncher.java:85) ~[junit-platform-launcher-1.12.2.jar:1.12.2]
	at org.junit.platform.launcher.core.DelegatingLauncher.execute(DelegatingLauncher.java:47) ~[junit-platform-launcher-1.12.2.jar:1.12.2]
	at org.junit.platform.launcher.core.InterceptingLauncher.lambda$execute$1(InterceptingLauncher.java:39) ~[junit-platform-launcher-1.12.2.jar:1.12.2]
	at org.junit.platform.launcher.core.ClasspathAlignmentCheckingLauncherInterceptor.intercept(ClasspathAlignmentCheckingLauncherInterceptor.java:25) [junit-platform-launcher-1.12.2.jar:1.12.2]
	at org.junit.platform.launcher.core.InterceptingLauncher.execute(InterceptingLauncher.java:38) [junit-platform-launcher-1.12.2.jar:1.12.2]
	at org.junit.platform.launcher.core.DelegatingLauncher.execute(DelegatingLauncher.java:47) [junit-platform-launcher-1.12.2.jar:1.12.2]
	at org.junit.platform.launcher.core.SessionPerRequestLauncher.execute(SessionPerRequestLauncher.java:63) [junit-platform-launcher-1.12.2.jar:1.12.2]
	at com.intellij.junit5.JUnit5IdeaTestRunner.startRunnerWithArgs(JUnit5IdeaTestRunner.java:57) [junit5-rt.jar:?]
	at com.intellij.rt.junit.IdeaTestRunner$Repeater$1.execute(IdeaTestRunner.java:38) [junit-rt.jar:?]
	at com.intellij.rt.execution.junit.TestsRepeater.repeat(TestsRepeater.java:11) [idea_rt.jar:?]
	at com.intellij.rt.junit.IdeaTestRunner$Repeater.startRunnerWithArgs(IdeaTestRunner.java:35) [junit-rt.jar:?]
	at com.intellij.rt.junit.JUnitStarter.prepareStreamsAndStart(JUnitStarter.java:231) [junit-rt.jar:?]
	at com.intellij.rt.junit.JUnitStarter.main(JUnitStarter.java:55) [junit-rt.jar:?]
Caused by: org.springframework.beans.factory.UnsatisfiedDependencyException: Error creating bean with name 'jwtFilter' defined in file [C:\NihilentBankTestCases\BankingApplication\target\classes\com\nihilent\bank\filter\JwtFilter.class]: Unsatisfied dependency expressed through constructor parameter 1: No qualifying bean of type 'com.nihilent.bank.serviceimpl.CustomerServiceImpl' available: expected at least 1 bean which qualifies as autowire candidate. Dependency annotations: {}
	at org.springframework.beans.factory.support.ConstructorResolver.createArgumentArray(ConstructorResolver.java:804) ~[spring-beans-6.2.7.jar:6.2.7]
	at org.springframework.beans.factory.support.ConstructorResolver.autowireConstructor(ConstructorResolver.java:240) ~[spring-beans-6.2.7.jar:6.2.7]
	at org.springframework.beans.factory.support.AbstractAutowireCapableBeanFactory.autowireConstructor(AbstractAutowireCapableBeanFactory.java:1395) ~[spring-beans-6.2.7.jar:6.2.7]
	at org.springframework.beans.factory.support.AbstractAutowireCapableBeanFactory.createBeanInstance(AbstractAutowireCapableBeanFactory.java:1232) ~[spring-beans-6.2.7.jar:6.2.7]
	at org.springframework.beans.factory.support.AbstractAutowireCapableBeanFactory.doCreateBean(AbstractAutowireCapableBeanFactory.java:569) ~[spring-beans-6.2.7.jar:6.2.7]
	at org.springframework.beans.factory.support.AbstractAutowireCapableBeanFactory.createBean(AbstractAutowireCapableBeanFactory.java:529) ~[spring-beans-6.2.7.jar:6.2.7]
	at org.springframework.beans.factory.support.AbstractBeanFactory.lambda$doGetBean$0(AbstractBeanFactory.java:339) ~[spring-beans-6.2.7.jar:6.2.7]
	at org.springframework.beans.factory.support.DefaultSingletonBeanRegistry.getSingleton(DefaultSingletonBeanRegistry.java:373) ~[spring-beans-6.2.7.jar:6.2.7]
	at org.springframework.beans.factory.support.AbstractBeanFactory.doGetBean(AbstractBeanFactory.java:337) ~[spring-beans-6.2.7.jar:6.2.7]
	at org.springframework.beans.factory.support.AbstractBeanFactory.getBean(AbstractBeanFactory.java:202) ~[spring-beans-6.2.7.jar:6.2.7]
	at org.springframework.beans.factory.support.DefaultListableBeanFactory.instantiateSingleton(DefaultListableBeanFactory.java:1222) ~[spring-beans-6.2.7.jar:6.2.7]
	at org.springframework.beans.factory.support.DefaultListableBeanFactory.preInstantiateSingleton(DefaultListableBeanFactory.java:1188) ~[spring-beans-6.2.7.jar:6.2.7]
	at org.springframework.beans.factory.support.DefaultListableBeanFactory.preInstantiateSingletons(DefaultListableBeanFactory.java:1123) ~[spring-beans-6.2.7.jar:6.2.7]
	at org.springframework.context.support.AbstractApplicationContext.finishBeanFactoryInitialization(AbstractApplicationContext.java:987) ~[spring-context-6.2.7.jar:6.2.7]
	at org.springframework.context.support.AbstractApplicationContext.refresh(AbstractApplicationContext.java:627) ~[spring-context-6.2.7.jar:6.2.7]
	at org.springframework.boot.SpringApplication.refresh(SpringApplication.java:753) ~[spring-boot-3.5.0.jar:3.5.0]
	at org.springframework.boot.SpringApplication.refreshContext(SpringApplication.java:439) ~[spring-boot-3.5.0.jar:3.5.0]
	at org.springframework.boot.SpringApplication.run(SpringApplication.java:318) ~[spring-boot-3.5.0.jar:3.5.0]
	at org.springframework.boot.test.context.SpringBootContextLoader.lambda$loadContext$3(SpringBootContextLoader.java:144) ~[spring-boot-test-3.5.0.jar:3.5.0]
	at org.springframework.util.function.ThrowingSupplier.get(ThrowingSupplier.java:58) ~[spring-core-6.2.7.jar:6.2.7]
	at org.springframework.util.function.ThrowingSupplier.get(ThrowingSupplier.java:46) ~[spring-core-6.2.7.jar:6.2.7]
	at org.springframework.boot.SpringApplication.withHook(SpringApplication.java:1462) ~[spring-boot-3.5.0.jar:3.5.0]
	at org.springframework.boot.test.context.SpringBootContextLoader$ContextLoaderHook.run(SpringBootContextLoader.java:563) ~[spring-boot-test-3.5.0.jar:3.5.0]
	at org.springframework.boot.test.context.SpringBootContextLoader.loadContext(SpringBootContextLoader.java:144) ~[spring-boot-test-3.5.0.jar:3.5.0]
	at org.springframework.boot.test.context.SpringBootContextLoader.loadContext(SpringBootContextLoader.java:110) ~[spring-boot-test-3.5.0.jar:3.5.0]
	at org.springframework.test.context.cache.DefaultCacheAwareContextLoaderDelegate.loadContextInternal(DefaultCacheAwareContextLoaderDelegate.java:225) ~[spring-test-6.2.7.jar:6.2.7]
	at org.springframework.test.context.cache.DefaultCacheAwareContextLoaderDelegate.loadContext(DefaultCacheAwareContextLoaderDelegate.java:152) ~[spring-test-6.2.7.jar:6.2.7]
	... 78 more
Caused by: org.springframework.beans.factory.NoSuchBeanDefinitionException: No qualifying bean of type 'com.nihilent.bank.serviceimpl.CustomerServiceImpl' available: expected at least 1 bean which qualifies as autowire candidate. Dependency annotations: {}
	at org.springframework.beans.factory.support.DefaultListableBeanFactory.raiseNoMatchingBeanFound(DefaultListableBeanFactory.java:2280) ~[spring-beans-6.2.7.jar:6.2.7]
	at org.springframework.beans.factory.support.DefaultListableBeanFactory.doResolveDependency(DefaultListableBeanFactory.java:1703) ~[spring-beans-6.2.7.jar:6.2.7]
	at org.springframework.beans.factory.support.DefaultListableBeanFactory.resolveDependency(DefaultListableBeanFactory.java:1628) ~[spring-beans-6.2.7.jar:6.2.7]
	at org.springframework.beans.factory.support.ConstructorResolver.resolveAutowiredArgument(ConstructorResolver.java:913) ~[spring-beans-6.2.7.jar:6.2.7]
	at org.springframework.beans.factory.support.ConstructorResolver.createArgumentArray(ConstructorResolver.java:791) ~[spring-beans-6.2.7.jar:6.2.7]
	at org.springframework.beans.factory.support.ConstructorResolver.autowireConstructor(ConstructorResolver.java:240) ~[spring-beans-6.2.7.jar:6.2.7]
	at org.springframework.beans.factory.support.AbstractAutowireCapableBeanFactory.autowireConstructor(AbstractAutowireCapableBeanFactory.java:1395) ~[spring-beans-6.2.7.jar:6.2.7]
	at org.springframework.beans.factory.support.AbstractAutowireCapableBeanFactory.createBeanInstance(AbstractAutowireCapableBeanFactory.java:1232) ~[spring-beans-6.2.7.jar:6.2.7]
	at org.springframework.beans.factory.support.AbstractAutowireCapableBeanFactory.doCreateBean(AbstractAutowireCapableBeanFactory.java:569) ~[spring-beans-6.2.7.jar:6.2.7]
	at org.springframework.beans.factory.support.AbstractAutowireCapableBeanFactory.createBean(AbstractAutowireCapableBeanFactory.java:529) ~[spring-beans-6.2.7.jar:6.2.7]
	at org.springframework.beans.factory.support.AbstractBeanFactory.lambda$doGetBean$0(AbstractBeanFactory.java:339) ~[spring-beans-6.2.7.jar:6.2.7]
	at org.springframework.beans.factory.support.DefaultSingletonBeanRegistry.getSingleton(DefaultSingletonBeanRegistry.java:373) ~[spring-beans-6.2.7.jar:6.2.7]
	at org.springframework.beans.factory.support.AbstractBeanFactory.doGetBean(AbstractBeanFactory.java:337) ~[spring-beans-6.2.7.jar:6.2.7]
	at org.springframework.beans.factory.support.AbstractBeanFactory.getBean(AbstractBeanFactory.java:202) ~[spring-beans-6.2.7.jar:6.2.7]
	at org.springframework.beans.factory.support.DefaultListableBeanFactory.instantiateSingleton(DefaultListableBeanFactory.java:1222) ~[spring-beans-6.2.7.jar:6.2.7]
	at org.springframework.beans.factory.support.DefaultListableBeanFactory.preInstantiateSingleton(DefaultListableBeanFactory.java:1188) ~[spring-beans-6.2.7.jar:6.2.7]
	at org.springframework.beans.factory.support.DefaultListableBeanFactory.preInstantiateSingletons(DefaultListableBeanFactory.java:1123) ~[spring-beans-6.2.7.jar:6.2.7]
	at org.springframework.context.support.AbstractApplicationContext.finishBeanFactoryInitialization(AbstractApplicationContext.java:987) ~[spring-context-6.2.7.jar:6.2.7]
	at org.springframework.context.support.AbstractApplicationContext.refresh(AbstractApplicationContext.java:627) ~[spring-context-6.2.7.jar:6.2.7]
	at org.springframework.boot.SpringApplication.refresh(SpringApplication.java:753) ~[spring-boot-3.5.0.jar:3.5.0]
	at org.springframework.boot.SpringApplication.refreshContext(SpringApplication.java:439) ~[spring-boot-3.5.0.jar:3.5.0]
	at org.springframework.boot.SpringApplication.run(SpringApplication.java:318) ~[spring-boot-3.5.0.jar:3.5.0]
	at org.springframework.boot.test.context.SpringBootContextLoader.lambda$loadContext$3(SpringBootContextLoader.java:144) ~[spring-boot-test-3.5.0.jar:3.5.0]
	at org.springframework.util.function.ThrowingSupplier.get(ThrowingSupplier.java:58) ~[spring-core-6.2.7.jar:6.2.7]
	at org.springframework.util.function.ThrowingSupplier.get(ThrowingSupplier.java:46) ~[spring-core-6.2.7.jar:6.2.7]
	at org.springframework.boot.SpringApplication.withHook(SpringApplication.java:1462) ~[spring-boot-3.5.0.jar:3.5.0]
	at org.springframework.boot.test.context.SpringBootContextLoader$ContextLoaderHook.run(SpringBootContextLoader.java:563) ~[spring-boot-test-3.5.0.jar:3.5.0]
	at org.springframework.boot.test.context.SpringBootContextLoader.loadContext(SpringBootContextLoader.java:144) ~[spring-boot-test-3.5.0.jar:3.5.0]
	at org.springframework.boot.test.context.SpringBootContextLoader.loadContext(SpringBootContextLoader.java:110) ~[spring-boot-test-3.5.0.jar:3.5.0]
	at org.springframework.test.context.cache.DefaultCacheAwareContextLoaderDelegate.loadContextInternal(DefaultCacheAwareContextLoaderDelegate.java:225) ~[spring-test-6.2.7.jar:6.2.7]
	at org.springframework.test.context.cache.DefaultCacheAwareContextLoaderDelegate.loadContext(DefaultCacheAwareContextLoaderDelegate.java:152) ~[spring-test-6.2.7.jar:6.2.7]
	... 78 more
2025-12-23 12:06:15 WARN  org.springframework.test.context.TestContextManager - Caught exception while allowing TestExecutionListener [org.springframework.test.context.bean.override.BeanOverrideTestExecutionListener] to prepare test instance [com.nihilent.BankingApplication.NihilentBank.controlllerTest.UpiControllerTest@4aeaff64]
java.lang.IllegalStateException: ApplicationContext failure threshold (1) exceeded: skipping repeated attempt to load context for [WebMergedContextConfiguration@7856f41a testClass = com.nihilent.BankingApplication.NihilentBank.controlllerTest.UpiControllerTest, locations = [], classes = [com.nihilent.bank.NihilentBankApplication], contextInitializerClasses = [], activeProfiles = [], propertySourceDescriptors = [], propertySourceProperties = ["org.springframework.boot.test.autoconfigure.web.servlet.WebMvcTestContextBootstrapper=true"], contextCustomizers = [[ImportsContextCustomizer@5fbae40 key = [org.springframework.boot.autoconfigure.security.oauth2.client.servlet.OAuth2ClientWebSecurityAutoConfiguration, org.springframework.boot.autoconfigure.task.TaskExecutionAutoConfiguration, org.springframework.boot.autoconfigure.cache.CacheAutoConfiguration, org.springframework.boot.autoconfigure.web.servlet.HttpEncodingAutoConfiguration, org.springframework.boot.autoconfigure.validation.ValidationAutoConfiguration, org.springframework.boot.autoconfigure.context.MessageSourceAutoConfiguration, org.springframework.boot.autoconfigure.hateoas.HypermediaAutoConfiguration, org.springframework.boot.autoconfigure.jackson.JacksonAutoConfiguration, org.springframework.boot.autoconfigure.data.web.SpringDataWebAutoConfiguration, org.springframework.boot.test.autoconfigure.web.reactive.WebTestClientAutoConfiguration, org.springframework.boot.autoconfigure.web.servlet.error.ErrorMvcAutoConfiguration, org.springframework.boot.test.autoconfigure.web.servlet.MockMvcAutoConfiguration, org.springframework.boot.autoconfigure.security.servlet.SecurityAutoConfiguration, org.springframework.boot.autoconfigure.security.servlet.SecurityFilterAutoConfiguration, org.springframework.boot.autoconfigure.http.HttpMessageConvertersAutoConfiguration, org.springframework.boot.autoconfigure.security.oauth2.client.OAuth2ClientAutoConfiguration, org.springframework.boot.test.autoconfigure.web.servlet.MockMvcSecurityConfiguration, org.springframework.boot.test.autoconfigure.web.servlet.MockMvcWebClientAutoConfiguration, org.springframework.boot.test.autoconfigure.web.servlet.MockMvcWebDriverAutoConfiguration, org.springframework.boot.autoconfigure.thymeleaf.ThymeleafAutoConfiguration, org.springframework.boot.autoconfigure.gson.GsonAutoConfiguration, org.springframework.boot.autoconfigure.jsonb.JsonbAutoConfiguration, org.springframework.boot.autoconfigure.freemarker.FreeMarkerAutoConfiguration, org.springframework.boot.autoconfigure.web.servlet.WebMvcAutoConfiguration, org.springframework.boot.autoconfigure.security.servlet.UserDetailsServiceAutoConfiguration, org.springframework.boot.autoconfigure.security.oauth2.resource.servlet.OAuth2ResourceServerAutoConfiguration, org.springframework.boot.autoconfigure.groovy.template.GroovyTemplateAutoConfiguration, org.springframework.boot.autoconfigure.mustache.MustacheAutoConfiguration]], org.springframework.boot.test.context.filter.ExcludeFilterContextCustomizer@1bdbf9be, org.springframework.boot.test.json.DuplicateJsonObjectContextCustomizerFactory$DuplicateJsonObjectContextCustomizer@78d39a69, org.springframework.boot.test.mock.mockito.MockitoContextCustomizer@0, org.springframework.boot.test.web.reactor.netty.DisableReactorResourceFactoryGlobalResourcesContextCustomizerFactory$DisableReactorResourceFactoryGlobalResourcesContextCustomizerCustomizer@6c000e0c, org.springframework.boot.test.autoconfigure.OnFailureConditionReportContextCustomizerFactory$OnFailureConditionReportContextCustomizer@6974a715, org.springframework.boot.test.autoconfigure.OverrideAutoConfigurationContextCustomizerFactory$DisableAutoConfigurationContextCustomizer@4c9e9fb8, org.springframework.boot.test.autoconfigure.actuate.observability.ObservabilityContextCustomizerFactory$DisableObservabilityContextCustomizer@1f, org.springframework.boot.test.autoconfigure.filter.TypeExcludeFiltersContextCustomizer@593bbbf1, org.springframework.boot.test.autoconfigure.properties.PropertyMappingContextCustomizer@e2e75f0e, org.springframework.boot.test.autoconfigure.web.servlet.WebDriverContextCustomizer@7fcff1b9, org.springframework.test.context.bean.override.BeanOverrideContextCustomizer@cd3a8e62, org.springframework.test.context.support.DynamicPropertiesContextCustomizer@0, org.springframework.boot.test.context.SpringBootTestAnnotation@223c3a5d], resourceBasePath = "src/main/webapp", contextLoader = org.springframework.boot.test.context.SpringBootContextLoader, parent = null]
	at org.springframework.test.context.cache.DefaultCacheAwareContextLoaderDelegate.loadContext(DefaultCacheAwareContextLoaderDelegate.java:145) ~[spring-test-6.2.7.jar:6.2.7]
	at org.springframework.test.context.support.DefaultTestContext.getApplicationContext(DefaultTestContext.java:130) ~[spring-test-6.2.7.jar:6.2.7]
	at org.springframework.test.context.bean.override.BeanOverrideTestExecutionListener.injectFields(BeanOverrideTestExecutionListener.java:99) ~[spring-test-6.2.7.jar:6.2.7]
	at org.springframework.test.context.bean.override.BeanOverrideTestExecutionListener.prepareTestInstance(BeanOverrideTestExecutionListener.java:70) ~[spring-test-6.2.7.jar:6.2.7]
	at org.springframework.test.context.TestContextManager.prepareTestInstance(TestContextManager.java:260) ~[spring-test-6.2.7.jar:6.2.7]
	at org.springframework.test.context.junit.jupiter.SpringExtension.postProcessTestInstance(SpringExtension.java:159) ~[spring-test-6.2.7.jar:6.2.7]
	at org.junit.jupiter.engine.descriptor.ClassBasedTestDescriptor.lambda$invokeTestInstancePostProcessors$10(ClassBasedTestDescriptor.java:383) ~[junit-jupiter-engine-5.12.2.jar:5.12.2]
	at org.junit.jupiter.engine.descriptor.ClassBasedTestDescriptor.executeAndMaskThrowable(ClassBasedTestDescriptor.java:388) ~[junit-jupiter-engine-5.12.2.jar:5.12.2]
	at org.junit.jupiter.engine.descriptor.ClassBasedTestDescriptor.lambda$invokeTestInstancePostProcessors$11(ClassBasedTestDescriptor.java:382) ~[junit-jupiter-engine-5.12.2.jar:5.12.2]
	at java.base/java.util.stream.ForEachOps$ForEachOp$OfRef.accept(ForEachOps.java:183) ~[?:?]
	at java.base/java.util.stream.ReferencePipeline$3$1.accept(ReferencePipeline.java:197) ~[?:?]
	at java.base/java.util.stream.ReferencePipeline$2$1.accept(ReferencePipeline.java:179) ~[?:?]
	at java.base/java.util.stream.ReferencePipeline$3$1.accept(ReferencePipeline.java:197) ~[?:?]
	at java.base/java.util.ArrayList$ArrayListSpliterator.forEachRemaining(ArrayList.java:1625) ~[?:?]
	at java.base/java.util.stream.AbstractPipeline.copyInto(AbstractPipeline.java:509) ~[?:?]
	at java.base/java.util.stream.AbstractPipeline.wrapAndCopyInto(AbstractPipeline.java:499) ~[?:?]
	at java.base/java.util.stream.ForEachOps$ForEachOp.evaluateSequential(ForEachOps.java:150) ~[?:?]
	at java.base/java.util.stream.ForEachOps$ForEachOp$OfRef.evaluateSequential(ForEachOps.java:173) ~[?:?]
	at java.base/java.util.stream.AbstractPipeline.evaluate(AbstractPipeline.java:234) ~[?:?]
	at java.base/java.util.stream.ReferencePipeline.forEach(ReferencePipeline.java:596) ~[?:?]
	at org.junit.jupiter.engine.descriptor.ClassBasedTestDescriptor.invokeTestInstancePostProcessors(ClassBasedTestDescriptor.java:382) ~[junit-jupiter-engine-5.12.2.jar:5.12.2]
	at org.junit.jupiter.engine.descriptor.ClassBasedTestDescriptor.lambda$instantiateAndPostProcessTestInstance$6(ClassBasedTestDescriptor.java:293) ~[junit-jupiter-engine-5.12.2.jar:5.12.2]
	at org.junit.platform.engine.support.hierarchical.ThrowableCollector.execute(ThrowableCollector.java:73) ~[junit-platform-engine-1.12.2.jar:1.12.2]
	at org.junit.jupiter.engine.descriptor.ClassBasedTestDescriptor.instantiateAndPostProcessTestInstance(ClassBasedTestDescriptor.java:292) ~[junit-jupiter-engine-5.12.2.jar:5.12.2]
	at org.junit.jupiter.engine.descriptor.ClassBasedTestDescriptor.lambda$testInstancesProvider$4(ClassBasedTestDescriptor.java:281) ~[junit-jupiter-engine-5.12.2.jar:5.12.2]
	at java.base/java.util.Optional.orElseGet(Optional.java:364) ~[?:?]
	at org.junit.jupiter.engine.descriptor.ClassBasedTestDescriptor.lambda$testInstancesProvider$5(ClassBasedTestDescriptor.java:280) ~[junit-jupiter-engine-5.12.2.jar:5.12.2]
	at org.junit.jupiter.engine.execution.TestInstancesProvider.getTestInstances(TestInstancesProvider.java:27) ~[junit-jupiter-engine-5.12.2.jar:5.12.2]
	at org.junit.jupiter.engine.descriptor.TestMethodTestDescriptor.lambda$prepare$0(TestMethodTestDescriptor.java:112) ~[junit-jupiter-engine-5.12.2.jar:5.12.2]
	at org.junit.platform.engine.support.hierarchical.ThrowableCollector.execute(ThrowableCollector.java:73) ~[junit-platform-engine-1.12.2.jar:1.12.2]
	at org.junit.jupiter.engine.descriptor.TestMethodTestDescriptor.prepare(TestMethodTestDescriptor.java:111) ~[junit-jupiter-engine-5.12.2.jar:5.12.2]
	at org.junit.jupiter.engine.descriptor.TestMethodTestDescriptor.prepare(TestMethodTestDescriptor.java:69) ~[junit-jupiter-engine-5.12.2.jar:5.12.2]
	at org.junit.platform.engine.support.hierarchical.NodeTestTask.lambda$prepare$2(NodeTestTask.java:128) ~[junit-platform-engine-1.12.2.jar:1.12.2]
	at org.junit.platform.engine.support.hierarchical.ThrowableCollector.execute(ThrowableCollector.java:73) ~[junit-platform-engine-1.12.2.jar:1.12.2]
	at org.junit.platform.engine.support.hierarchical.NodeTestTask.prepare(NodeTestTask.java:128) ~[junit-platform-engine-1.12.2.jar:1.12.2]
	at org.junit.platform.engine.support.hierarchical.NodeTestTask.execute(NodeTestTask.java:95) ~[junit-platform-engine-1.12.2.jar:1.12.2]
	at java.base/java.util.ArrayList.forEach(ArrayList.java:1511) ~[?:?]
	at org.junit.platform.engine.support.hierarchical.SameThreadHierarchicalTestExecutorService.invokeAll(SameThreadHierarchicalTestExecutorService.java:41) ~[junit-platform-engine-1.12.2.jar:1.12.2]
	at org.junit.platform.engine.support.hierarchical.NodeTestTask.lambda$executeRecursively$6(NodeTestTask.java:160) ~[junit-platform-engine-1.12.2.jar:1.12.2]
	at org.junit.platform.engine.support.hierarchical.ThrowableCollector.execute(ThrowableCollector.java:73) ~[junit-platform-engine-1.12.2.jar:1.12.2]
	at org.junit.platform.engine.support.hierarchical.NodeTestTask.lambda$executeRecursively$8(NodeTestTask.java:146) ~[junit-platform-engine-1.12.2.jar:1.12.2]
	at org.junit.platform.engine.support.hierarchical.Node.around(Node.java:137) ~[junit-platform-engine-1.12.2.jar:1.12.2]
	at org.junit.platform.engine.support.hierarchical.NodeTestTask.lambda$executeRecursively$9(NodeTestTask.java:144) ~[junit-platform-engine-1.12.2.jar:1.12.2]
	at org.junit.platform.engine.support.hierarchical.ThrowableCollector.execute(ThrowableCollector.java:73) ~[junit-platform-engine-1.12.2.jar:1.12.2]
	at org.junit.platform.engine.support.hierarchical.NodeTestTask.executeRecursively(NodeTestTask.java:143) ~[junit-platform-engine-1.12.2.jar:1.12.2]
	at org.junit.platform.engine.support.hierarchical.NodeTestTask.execute(NodeTestTask.java:100) ~[junit-platform-engine-1.12.2.jar:1.12.2]
	at java.base/java.util.ArrayList.forEach(ArrayList.java:1511) ~[?:?]
	at org.junit.platform.engine.support.hierarchical.SameThreadHierarchicalTestExecutorService.invokeAll(SameThreadHierarchicalTestExecutorService.java:41) ~[junit-platform-engine-1.12.2.jar:1.12.2]
	at org.junit.platform.engine.support.hierarchical.NodeTestTask.lambda$executeRecursively$6(NodeTestTask.java:160) ~[junit-platform-engine-1.12.2.jar:1.12.2]
	at org.junit.platform.engine.support.hierarchical.ThrowableCollector.execute(ThrowableCollector.java:73) ~[junit-platform-engine-1.12.2.jar:1.12.2]
	at org.junit.platform.engine.support.hierarchical.NodeTestTask.lambda$executeRecursively$8(NodeTestTask.java:146) ~[junit-platform-engine-1.12.2.jar:1.12.2]
	at org.junit.platform.engine.support.hierarchical.Node.around(Node.java:137) ~[junit-platform-engine-1.12.2.jar:1.12.2]
	at org.junit.platform.engine.support.hierarchical.NodeTestTask.lambda$executeRecursively$9(NodeTestTask.java:144) ~[junit-platform-engine-1.12.2.jar:1.12.2]
	at org.junit.platform.engine.support.hierarchical.ThrowableCollector.execute(ThrowableCollector.java:73) ~[junit-platform-engine-1.12.2.jar:1.12.2]
	at org.junit.platform.engine.support.hierarchical.NodeTestTask.executeRecursively(NodeTestTask.java:143) ~[junit-platform-engine-1.12.2.jar:1.12.2]
	at org.junit.platform.engine.support.hierarchical.NodeTestTask.execute(NodeTestTask.java:100) ~[junit-platform-engine-1.12.2.jar:1.12.2]
	at org.junit.platform.engine.support.hierarchical.SameThreadHierarchicalTestExecutorService.submit(SameThreadHierarchicalTestExecutorService.java:35) ~[junit-platform-engine-1.12.2.jar:1.12.2]
	at org.junit.platform.engine.support.hierarchical.HierarchicalTestExecutor.execute(HierarchicalTestExecutor.java:57) ~[junit-platform-engine-1.12.2.jar:1.12.2]
	at org.junit.platform.engine.support.hierarchical.HierarchicalTestEngine.execute(HierarchicalTestEngine.java:54) ~[junit-platform-engine-1.12.2.jar:1.12.2]
	at org.junit.platform.launcher.core.EngineExecutionOrchestrator.execute(EngineExecutionOrchestrator.java:201) ~[junit-platform-launcher-1.12.2.jar:1.12.2]
	at org.junit.platform.launcher.core.EngineExecutionOrchestrator.execute(EngineExecutionOrchestrator.java:170) ~[junit-platform-launcher-1.12.2.jar:1.12.2]
	at org.junit.platform.launcher.core.EngineExecutionOrchestrator.execute(EngineExecutionOrchestrator.java:94) ~[junit-platform-launcher-1.12.2.jar:1.12.2]
	at org.junit.platform.launcher.core.EngineExecutionOrchestrator.lambda$execute$0(EngineExecutionOrchestrator.java:59) ~[junit-platform-launcher-1.12.2.jar:1.12.2]
	at org.junit.platform.launcher.core.EngineExecutionOrchestrator.withInterceptedStreams(EngineExecutionOrchestrator.java:142) ~[junit-platform-launcher-1.12.2.jar:1.12.2]
	at org.junit.platform.launcher.core.EngineExecutionOrchestrator.execute(EngineExecutionOrchestrator.java:58) ~[junit-platform-launcher-1.12.2.jar:1.12.2]
	at org.junit.platform.launcher.core.DefaultLauncher.execute(DefaultLauncher.java:103) ~[junit-platform-launcher-1.12.2.jar:1.12.2]
	at org.junit.platform.launcher.core.DefaultLauncher.execute(DefaultLauncher.java:85) ~[junit-platform-launcher-1.12.2.jar:1.12.2]
	at org.junit.platform.launcher.core.DelegatingLauncher.execute(DelegatingLauncher.java:47) ~[junit-platform-launcher-1.12.2.jar:1.12.2]
	at org.junit.platform.launcher.core.InterceptingLauncher.lambda$execute$1(InterceptingLauncher.java:39) ~[junit-platform-launcher-1.12.2.jar:1.12.2]
	at org.junit.platform.launcher.core.ClasspathAlignmentCheckingLauncherInterceptor.intercept(ClasspathAlignmentCheckingLauncherInterceptor.java:25) [junit-platform-launcher-1.12.2.jar:1.12.2]
	at org.junit.platform.launcher.core.InterceptingLauncher.execute(InterceptingLauncher.java:38) [junit-platform-launcher-1.12.2.jar:1.12.2]
	at org.junit.platform.launcher.core.DelegatingLauncher.execute(DelegatingLauncher.java:47) [junit-platform-launcher-1.12.2.jar:1.12.2]
	at org.junit.platform.launcher.core.SessionPerRequestLauncher.execute(SessionPerRequestLauncher.java:63) [junit-platform-launcher-1.12.2.jar:1.12.2]
	at com.intellij.junit5.JUnit5IdeaTestRunner.startRunnerWithArgs(JUnit5IdeaTestRunner.java:57) [junit5-rt.jar:?]
	at com.intellij.rt.junit.IdeaTestRunner$Repeater$1.execute(IdeaTestRunner.java:38) [junit-rt.jar:?]
	at com.intellij.rt.execution.junit.TestsRepeater.repeat(TestsRepeater.java:11) [idea_rt.jar:?]
	at com.intellij.rt.junit.IdeaTestRunner$Repeater.startRunnerWithArgs(IdeaTestRunner.java:35) [junit-rt.jar:?]
	at com.intellij.rt.junit.JUnitStarter.prepareStreamsAndStart(JUnitStarter.java:231) [junit-rt.jar:?]
	at com.intellij.rt.junit.JUnitStarter.main(JUnitStarter.java:55) [junit-rt.jar:?]
2025-12-23 12:06:15 WARN  org.springframework.test.context.TestContextManager - Caught exception while allowing TestExecutionListener [org.springframework.test.context.bean.override.BeanOverrideTestExecutionListener] to prepare test instance [com.nihilent.BankingApplication.NihilentBank.controlllerTest.UpiControllerTest@545604a9]
java.lang.IllegalStateException: ApplicationContext failure threshold (1) exceeded: skipping repeated attempt to load context for [WebMergedContextConfiguration@7856f41a testClass = com.nihilent.BankingApplication.NihilentBank.controlllerTest.UpiControllerTest, locations = [], classes = [com.nihilent.bank.NihilentBankApplication], contextInitializerClasses = [], activeProfiles = [], propertySourceDescriptors = [], propertySourceProperties = ["org.springframework.boot.test.autoconfigure.web.servlet.WebMvcTestContextBootstrapper=true"], contextCustomizers = [[ImportsContextCustomizer@5fbae40 key = [org.springframework.boot.autoconfigure.security.oauth2.client.servlet.OAuth2ClientWebSecurityAutoConfiguration, org.springframework.boot.autoconfigure.task.TaskExecutionAutoConfiguration, org.springframework.boot.autoconfigure.cache.CacheAutoConfiguration, org.springframework.boot.autoconfigure.web.servlet.HttpEncodingAutoConfiguration, org.springframework.boot.autoconfigure.validation.ValidationAutoConfiguration, org.springframework.boot.autoconfigure.context.MessageSourceAutoConfiguration, org.springframework.boot.autoconfigure.hateoas.HypermediaAutoConfiguration, org.springframework.boot.autoconfigure.jackson.JacksonAutoConfiguration, org.springframework.boot.autoconfigure.data.web.SpringDataWebAutoConfiguration, org.springframework.boot.test.autoconfigure.web.reactive.WebTestClientAutoConfiguration, org.springframework.boot.autoconfigure.web.servlet.error.ErrorMvcAutoConfiguration, org.springframework.boot.test.autoconfigure.web.servlet.MockMvcAutoConfiguration, org.springframework.boot.autoconfigure.security.servlet.SecurityAutoConfiguration, org.springframework.boot.autoconfigure.security.servlet.SecurityFilterAutoConfiguration, org.springframework.boot.autoconfigure.http.HttpMessageConvertersAutoConfiguration, org.springframework.boot.autoconfigure.security.oauth2.client.OAuth2ClientAutoConfiguration, org.springframework.boot.test.autoconfigure.web.servlet.MockMvcSecurityConfiguration, org.springframework.boot.test.autoconfigure.web.servlet.MockMvcWebClientAutoConfiguration, org.springframework.boot.test.autoconfigure.web.servlet.MockMvcWebDriverAutoConfiguration, org.springframework.boot.autoconfigure.thymeleaf.ThymeleafAutoConfiguration, org.springframework.boot.autoconfigure.gson.GsonAutoConfiguration, org.springframework.boot.autoconfigure.jsonb.JsonbAutoConfiguration, org.springframework.boot.autoconfigure.freemarker.FreeMarkerAutoConfiguration, org.springframework.boot.autoconfigure.web.servlet.WebMvcAutoConfiguration, org.springframework.boot.autoconfigure.security.servlet.UserDetailsServiceAutoConfiguration, org.springframework.boot.autoconfigure.security.oauth2.resource.servlet.OAuth2ResourceServerAutoConfiguration, org.springframework.boot.autoconfigure.groovy.template.GroovyTemplateAutoConfiguration, org.springframework.boot.autoconfigure.mustache.MustacheAutoConfiguration]], org.springframework.boot.test.context.filter.ExcludeFilterContextCustomizer@1bdbf9be, org.springframework.boot.test.json.DuplicateJsonObjectContextCustomizerFactory$DuplicateJsonObjectContextCustomizer@78d39a69, org.springframework.boot.test.mock.mockito.MockitoContextCustomizer@0, org.springframework.boot.test.web.reactor.netty.DisableReactorResourceFactoryGlobalResourcesContextCustomizerFactory$DisableReactorResourceFactoryGlobalResourcesContextCustomizerCustomizer@6c000e0c, org.springframework.boot.test.autoconfigure.OnFailureConditionReportContextCustomizerFactory$OnFailureConditionReportContextCustomizer@6974a715, org.springframework.boot.test.autoconfigure.OverrideAutoConfigurationContextCustomizerFactory$DisableAutoConfigurationContextCustomizer@4c9e9fb8, org.springframework.boot.test.autoconfigure.actuate.observability.ObservabilityContextCustomizerFactory$DisableObservabilityContextCustomizer@1f, org.springframework.boot.test.autoconfigure.filter.TypeExcludeFiltersContextCustomizer@593bbbf1, org.springframework.boot.test.autoconfigure.properties.PropertyMappingContextCustomizer@e2e75f0e, org.springframework.boot.test.autoconfigure.web.servlet.WebDriverContextCustomizer@7fcff1b9, org.springframework.test.context.bean.override.BeanOverrideContextCustomizer@cd3a8e62, org.springframework.test.context.support.DynamicPropertiesContextCustomizer@0, org.springframework.boot.test.context.SpringBootTestAnnotation@223c3a5d], resourceBasePath = "src/main/webapp", contextLoader = org.springframework.boot.test.context.SpringBootContextLoader, parent = null]
	at org.springframework.test.context.cache.DefaultCacheAwareContextLoaderDelegate.loadContext(DefaultCacheAwareContextLoaderDelegate.java:145) ~[spring-test-6.2.7.jar:6.2.7]
	at org.springframework.test.context.support.DefaultTestContext.getApplicationContext(DefaultTestContext.java:130) ~[spring-test-6.2.7.jar:6.2.7]
	at org.springframework.test.context.bean.override.BeanOverrideTestExecutionListener.injectFields(BeanOverrideTestExecutionListener.java:99) ~[spring-test-6.2.7.jar:6.2.7]
	at org.springframework.test.context.bean.override.BeanOverrideTestExecutionListener.prepareTestInstance(BeanOverrideTestExecutionListener.java:70) ~[spring-test-6.2.7.jar:6.2.7]
	at org.springframework.test.context.TestContextManager.prepareTestInstance(TestContextManager.java:260) ~[spring-test-6.2.7.jar:6.2.7]
	at org.springframework.test.context.junit.jupiter.SpringExtension.postProcessTestInstance(SpringExtension.java:159) ~[spring-test-6.2.7.jar:6.2.7]
	at org.junit.jupiter.engine.descriptor.ClassBasedTestDescriptor.lambda$invokeTestInstancePostProcessors$10(ClassBasedTestDescriptor.java:383) ~[junit-jupiter-engine-5.12.2.jar:5.12.2]
	at org.junit.jupiter.engine.descriptor.ClassBasedTestDescriptor.executeAndMaskThrowable(ClassBasedTestDescriptor.java:388) ~[junit-jupiter-engine-5.12.2.jar:5.12.2]
	at org.junit.jupiter.engine.descriptor.ClassBasedTestDescriptor.lambda$invokeTestInstancePostProcessors$11(ClassBasedTestDescriptor.java:382) ~[junit-jupiter-engine-5.12.2.jar:5.12.2]
	at java.base/java.util.stream.ForEachOps$ForEachOp$OfRef.accept(ForEachOps.java:183) ~[?:?]
	at java.base/java.util.stream.ReferencePipeline$3$1.accept(ReferencePipeline.java:197) ~[?:?]
	at java.base/java.util.stream.ReferencePipeline$2$1.accept(ReferencePipeline.java:179) ~[?:?]
	at java.base/java.util.stream.ReferencePipeline$3$1.accept(ReferencePipeline.java:197) ~[?:?]
	at java.base/java.util.ArrayList$ArrayListSpliterator.forEachRemaining(ArrayList.java:1625) ~[?:?]
	at java.base/java.util.stream.AbstractPipeline.copyInto(AbstractPipeline.java:509) ~[?:?]
	at java.base/java.util.stream.AbstractPipeline.wrapAndCopyInto(AbstractPipeline.java:499) ~[?:?]
	at java.base/java.util.stream.ForEachOps$ForEachOp.evaluateSequential(ForEachOps.java:150) ~[?:?]
	at java.base/java.util.stream.ForEachOps$ForEachOp$OfRef.evaluateSequential(ForEachOps.java:173) ~[?:?]
	at java.base/java.util.stream.AbstractPipeline.evaluate(AbstractPipeline.java:234) ~[?:?]
	at java.base/java.util.stream.ReferencePipeline.forEach(ReferencePipeline.java:596) ~[?:?]
	at org.junit.jupiter.engine.descriptor.ClassBasedTestDescriptor.invokeTestInstancePostProcessors(ClassBasedTestDescriptor.java:382) ~[junit-jupiter-engine-5.12.2.jar:5.12.2]
	at org.junit.jupiter.engine.descriptor.ClassBasedTestDescriptor.lambda$instantiateAndPostProcessTestInstance$6(ClassBasedTestDescriptor.java:293) ~[junit-jupiter-engine-5.12.2.jar:5.12.2]
	at org.junit.platform.engine.support.hierarchical.ThrowableCollector.execute(ThrowableCollector.java:73) ~[junit-platform-engine-1.12.2.jar:1.12.2]
	at org.junit.jupiter.engine.descriptor.ClassBasedTestDescriptor.instantiateAndPostProcessTestInstance(ClassBasedTestDescriptor.java:292) ~[junit-jupiter-engine-5.12.2.jar:5.12.2]
	at org.junit.jupiter.engine.descriptor.ClassBasedTestDescriptor.lambda$testInstancesProvider$4(ClassBasedTestDescriptor.java:281) ~[junit-jupiter-engine-5.12.2.jar:5.12.2]
	at java.base/java.util.Optional.orElseGet(Optional.java:364) ~[?:?]
	at org.junit.jupiter.engine.descriptor.ClassBasedTestDescriptor.lambda$testInstancesProvider$5(ClassBasedTestDescriptor.java:280) ~[junit-jupiter-engine-5.12.2.jar:5.12.2]
	at org.junit.jupiter.engine.execution.TestInstancesProvider.getTestInstances(TestInstancesProvider.java:27) ~[junit-jupiter-engine-5.12.2.jar:5.12.2]
	at org.junit.jupiter.engine.descriptor.TestMethodTestDescriptor.lambda$prepare$0(TestMethodTestDescriptor.java:112) ~[junit-jupiter-engine-5.12.2.jar:5.12.2]
	at org.junit.platform.engine.support.hierarchical.ThrowableCollector.execute(ThrowableCollector.java:73) ~[junit-platform-engine-1.12.2.jar:1.12.2]
	at org.junit.jupiter.engine.descriptor.TestMethodTestDescriptor.prepare(TestMethodTestDescriptor.java:111) ~[junit-jupiter-engine-5.12.2.jar:5.12.2]
	at org.junit.jupiter.engine.descriptor.TestMethodTestDescriptor.prepare(TestMethodTestDescriptor.java:69) ~[junit-jupiter-engine-5.12.2.jar:5.12.2]
	at org.junit.platform.engine.support.hierarchical.NodeTestTask.lambda$prepare$2(NodeTestTask.java:128) ~[junit-platform-engine-1.12.2.jar:1.12.2]
	at org.junit.platform.engine.support.hierarchical.ThrowableCollector.execute(ThrowableCollector.java:73) ~[junit-platform-engine-1.12.2.jar:1.12.2]
	at org.junit.platform.engine.support.hierarchical.NodeTestTask.prepare(NodeTestTask.java:128) ~[junit-platform-engine-1.12.2.jar:1.12.2]
	at org.junit.platform.engine.support.hierarchical.NodeTestTask.execute(NodeTestTask.java:95) ~[junit-platform-engine-1.12.2.jar:1.12.2]
	at java.base/java.util.ArrayList.forEach(ArrayList.java:1511) ~[?:?]
	at org.junit.platform.engine.support.hierarchical.SameThreadHierarchicalTestExecutorService.invokeAll(SameThreadHierarchicalTestExecutorService.java:41) ~[junit-platform-engine-1.12.2.jar:1.12.2]
	at org.junit.platform.engine.support.hierarchical.NodeTestTask.lambda$executeRecursively$6(NodeTestTask.java:160) ~[junit-platform-engine-1.12.2.jar:1.12.2]
	at org.junit.platform.engine.support.hierarchical.ThrowableCollector.execute(ThrowableCollector.java:73) ~[junit-platform-engine-1.12.2.jar:1.12.2]
	at org.junit.platform.engine.support.hierarchical.NodeTestTask.lambda$executeRecursively$8(NodeTestTask.java:146) ~[junit-platform-engine-1.12.2.jar:1.12.2]
	at org.junit.platform.engine.support.hierarchical.Node.around(Node.java:137) ~[junit-platform-engine-1.12.2.jar:1.12.2]
	at org.junit.platform.engine.support.hierarchical.NodeTestTask.lambda$executeRecursively$9(NodeTestTask.java:144) ~[junit-platform-engine-1.12.2.jar:1.12.2]
	at org.junit.platform.engine.support.hierarchical.ThrowableCollector.execute(ThrowableCollector.java:73) ~[junit-platform-engine-1.12.2.jar:1.12.2]
	at org.junit.platform.engine.support.hierarchical.NodeTestTask.executeRecursively(NodeTestTask.java:143) ~[junit-platform-engine-1.12.2.jar:1.12.2]
	at org.junit.platform.engine.support.hierarchical.NodeTestTask.execute(NodeTestTask.java:100) ~[junit-platform-engine-1.12.2.jar:1.12.2]
	at java.base/java.util.ArrayList.forEach(ArrayList.java:1511) ~[?:?]
	at org.junit.platform.engine.support.hierarchical.SameThreadHierarchicalTestExecutorService.invokeAll(SameThreadHierarchicalTestExecutorService.java:41) ~[junit-platform-engine-1.12.2.jar:1.12.2]
	at org.junit.platform.engine.support.hierarchical.NodeTestTask.lambda$executeRecursively$6(NodeTestTask.java:160) ~[junit-platform-engine-1.12.2.jar:1.12.2]
	at org.junit.platform.engine.support.hierarchical.ThrowableCollector.execute(ThrowableCollector.java:73) ~[junit-platform-engine-1.12.2.jar:1.12.2]
	at org.junit.platform.engine.support.hierarchical.NodeTestTask.lambda$executeRecursively$8(NodeTestTask.java:146) ~[junit-platform-engine-1.12.2.jar:1.12.2]
	at org.junit.platform.engine.support.hierarchical.Node.around(Node.java:137) ~[junit-platform-engine-1.12.2.jar:1.12.2]
	at org.junit.platform.engine.support.hierarchical.NodeTestTask.lambda$executeRecursively$9(NodeTestTask.java:144) ~[junit-platform-engine-1.12.2.jar:1.12.2]
	at org.junit.platform.engine.support.hierarchical.ThrowableCollector.execute(ThrowableCollector.java:73) ~[junit-platform-engine-1.12.2.jar:1.12.2]
	at org.junit.platform.engine.support.hierarchical.NodeTestTask.executeRecursively(NodeTestTask.java:143) ~[junit-platform-engine-1.12.2.jar:1.12.2]
	at org.junit.platform.engine.support.hierarchical.NodeTestTask.execute(NodeTestTask.java:100) ~[junit-platform-engine-1.12.2.jar:1.12.2]
	at org.junit.platform.engine.support.hierarchical.SameThreadHierarchicalTestExecutorService.submit(SameThreadHierarchicalTestExecutorService.java:35) ~[junit-platform-engine-1.12.2.jar:1.12.2]
	at org.junit.platform.engine.support.hierarchical.HierarchicalTestExecutor.execute(HierarchicalTestExecutor.java:57) ~[junit-platform-engine-1.12.2.jar:1.12.2]
	at org.junit.platform.engine.support.hierarchical.HierarchicalTestEngine.execute(HierarchicalTestEngine.java:54) ~[junit-platform-engine-1.12.2.jar:1.12.2]
	at org.junit.platform.launcher.core.EngineExecutionOrchestrator.execute(EngineExecutionOrchestrator.java:201) ~[junit-platform-launcher-1.12.2.jar:1.12.2]
	at org.junit.platform.launcher.core.EngineExecutionOrchestrator.execute(EngineExecutionOrchestrator.java:170) ~[junit-platform-launcher-1.12.2.jar:1.12.2]
	at org.junit.platform.launcher.core.EngineExecutionOrchestrator.execute(EngineExecutionOrchestrator.java:94) ~[junit-platform-launcher-1.12.2.jar:1.12.2]
	at org.junit.platform.launcher.core.EngineExecutionOrchestrator.lambda$execute$0(EngineExecutionOrchestrator.java:59) ~[junit-platform-launcher-1.12.2.jar:1.12.2]
	at org.junit.platform.launcher.core.EngineExecutionOrchestrator.withInterceptedStreams(EngineExecutionOrchestrator.java:142) ~[junit-platform-launcher-1.12.2.jar:1.12.2]
	at org.junit.platform.launcher.core.EngineExecutionOrchestrator.execute(EngineExecutionOrchestrator.java:58) ~[junit-platform-launcher-1.12.2.jar:1.12.2]
	at org.junit.platform.launcher.core.DefaultLauncher.execute(DefaultLauncher.java:103) ~[junit-platform-launcher-1.12.2.jar:1.12.2]
	at org.junit.platform.launcher.core.DefaultLauncher.execute(DefaultLauncher.java:85) ~[junit-platform-launcher-1.12.2.jar:1.12.2]
	at org.junit.platform.launcher.core.DelegatingLauncher.execute(DelegatingLauncher.java:47) ~[junit-platform-launcher-1.12.2.jar:1.12.2]
	at org.junit.platform.launcher.core.InterceptingLauncher.lambda$execute$1(InterceptingLauncher.java:39) ~[junit-platform-launcher-1.12.2.jar:1.12.2]
	at org.junit.platform.launcher.core.ClasspathAlignmentCheckingLauncherInterceptor.intercept(ClasspathAlignmentCheckingLauncherInterceptor.java:25) [junit-platform-launcher-1.12.2.jar:1.12.2]
	at org.junit.platform.launcher.core.InterceptingLauncher.execute(InterceptingLauncher.java:38) [junit-platform-launcher-1.12.2.jar:1.12.2]
	at org.junit.platform.launcher.core.DelegatingLauncher.execute(DelegatingLauncher.java:47) [junit-platform-launcher-1.12.2.jar:1.12.2]
	at org.junit.platform.launcher.core.SessionPerRequestLauncher.execute(SessionPerRequestLauncher.java:63) [junit-platform-launcher-1.12.2.jar:1.12.2]
	at com.intellij.junit5.JUnit5IdeaTestRunner.startRunnerWithArgs(JUnit5IdeaTestRunner.java:57) [junit5-rt.jar:?]
	at com.intellij.rt.junit.IdeaTestRunner$Repeater$1.execute(IdeaTestRunner.java:38) [junit-rt.jar:?]
	at com.intellij.rt.execution.junit.TestsRepeater.repeat(TestsRepeater.java:11) [idea_rt.jar:?]
	at com.intellij.rt.junit.IdeaTestRunner$Repeater.startRunnerWithArgs(IdeaTestRunner.java:35) [junit-rt.jar:?]
	at com.intellij.rt.junit.JUnitStarter.prepareStreamsAndStart(JUnitStarter.java:231) [junit-rt.jar:?]
	at com.intellij.rt.junit.JUnitStarter.main(JUnitStarter.java:55) [junit-rt.jar:?]
2025-12-23 12:06:15 WARN  org.springframework.test.context.TestContextManager - Caught exception while allowing TestExecutionListener [org.springframework.test.context.bean.override.BeanOverrideTestExecutionListener] to prepare test instance [com.nihilent.BankingApplication.NihilentBank.controlllerTest.UpiControllerTest@1c0e4262]
java.lang.IllegalStateException: ApplicationContext failure threshold (1) exceeded: skipping repeated attempt to load context for [WebMergedContextConfiguration@7856f41a testClass = com.nihilent.BankingApplication.NihilentBank.controlllerTest.UpiControllerTest, locations = [], classes = [com.nihilent.bank.NihilentBankApplication], contextInitializerClasses = [], activeProfiles = [], propertySourceDescriptors = [], propertySourceProperties = ["org.springframework.boot.test.autoconfigure.web.servlet.WebMvcTestContextBootstrapper=true"], contextCustomizers = [[ImportsContextCustomizer@5fbae40 key = [org.springframework.boot.autoconfigure.security.oauth2.client.servlet.OAuth2ClientWebSecurityAutoConfiguration, org.springframework.boot.autoconfigure.task.TaskExecutionAutoConfiguration, org.springframework.boot.autoconfigure.cache.CacheAutoConfiguration, org.springframework.boot.autoconfigure.web.servlet.HttpEncodingAutoConfiguration, org.springframework.boot.autoconfigure.validation.ValidationAutoConfiguration, org.springframework.boot.autoconfigure.context.MessageSourceAutoConfiguration, org.springframework.boot.autoconfigure.hateoas.HypermediaAutoConfiguration, org.springframework.boot.autoconfigure.jackson.JacksonAutoConfiguration, org.springframework.boot.autoconfigure.data.web.SpringDataWebAutoConfiguration, org.springframework.boot.test.autoconfigure.web.reactive.WebTestClientAutoConfiguration, org.springframework.boot.autoconfigure.web.servlet.error.ErrorMvcAutoConfiguration, org.springframework.boot.test.autoconfigure.web.servlet.MockMvcAutoConfiguration, org.springframework.boot.autoconfigure.security.servlet.SecurityAutoConfiguration, org.springframework.boot.autoconfigure.security.servlet.SecurityFilterAutoConfiguration, org.springframework.boot.autoconfigure.http.HttpMessageConvertersAutoConfiguration, org.springframework.boot.autoconfigure.security.oauth2.client.OAuth2ClientAutoConfiguration, org.springframework.boot.test.autoconfigure.web.servlet.MockMvcSecurityConfiguration, org.springframework.boot.test.autoconfigure.web.servlet.MockMvcWebClientAutoConfiguration, org.springframework.boot.test.autoconfigure.web.servlet.MockMvcWebDriverAutoConfiguration, org.springframework.boot.autoconfigure.thymeleaf.ThymeleafAutoConfiguration, org.springframework.boot.autoconfigure.gson.GsonAutoConfiguration, org.springframework.boot.autoconfigure.jsonb.JsonbAutoConfiguration, org.springframework.boot.autoconfigure.freemarker.FreeMarkerAutoConfiguration, org.springframework.boot.autoconfigure.web.servlet.WebMvcAutoConfiguration, org.springframework.boot.autoconfigure.security.servlet.UserDetailsServiceAutoConfiguration, org.springframework.boot.autoconfigure.security.oauth2.resource.servlet.OAuth2ResourceServerAutoConfiguration, org.springframework.boot.autoconfigure.groovy.template.GroovyTemplateAutoConfiguration, org.springframework.boot.autoconfigure.mustache.MustacheAutoConfiguration]], org.springframework.boot.test.context.filter.ExcludeFilterContextCustomizer@1bdbf9be, org.springframework.boot.test.json.DuplicateJsonObjectContextCustomizerFactory$DuplicateJsonObjectContextCustomizer@78d39a69, org.springframework.boot.test.mock.mockito.MockitoContextCustomizer@0, org.springframework.boot.test.web.reactor.netty.DisableReactorResourceFactoryGlobalResourcesContextCustomizerFactory$DisableReactorResourceFactoryGlobalResourcesContextCustomizerCustomizer@6c000e0c, org.springframework.boot.test.autoconfigure.OnFailureConditionReportContextCustomizerFactory$OnFailureConditionReportContextCustomizer@6974a715, org.springframework.boot.test.autoconfigure.OverrideAutoConfigurationContextCustomizerFactory$DisableAutoConfigurationContextCustomizer@4c9e9fb8, org.springframework.boot.test.autoconfigure.actuate.observability.ObservabilityContextCustomizerFactory$DisableObservabilityContextCustomizer@1f, org.springframework.boot.test.autoconfigure.filter.TypeExcludeFiltersContextCustomizer@593bbbf1, org.springframework.boot.test.autoconfigure.properties.PropertyMappingContextCustomizer@e2e75f0e, org.springframework.boot.test.autoconfigure.web.servlet.WebDriverContextCustomizer@7fcff1b9, org.springframework.test.context.bean.override.BeanOverrideContextCustomizer@cd3a8e62, org.springframework.test.context.support.DynamicPropertiesContextCustomizer@0, org.springframework.boot.test.context.SpringBootTestAnnotation@223c3a5d], resourceBasePath = "src/main/webapp", contextLoader = org.springframework.boot.test.context.SpringBootContextLoader, parent = null]
	at org.springframework.test.context.cache.DefaultCacheAwareContextLoaderDelegate.loadContext(DefaultCacheAwareContextLoaderDelegate.java:145) ~[spring-test-6.2.7.jar:6.2.7]
	at org.springframework.test.context.support.DefaultTestContext.getApplicationContext(DefaultTestContext.java:130) ~[spring-test-6.2.7.jar:6.2.7]
	at org.springframework.test.context.bean.override.BeanOverrideTestExecutionListener.injectFields(BeanOverrideTestExecutionListener.java:99) ~[spring-test-6.2.7.jar:6.2.7]
	at org.springframework.test.context.bean.override.BeanOverrideTestExecutionListener.prepareTestInstance(BeanOverrideTestExecutionListener.java:70) ~[spring-test-6.2.7.jar:6.2.7]
	at org.springframework.test.context.TestContextManager.prepareTestInstance(TestContextManager.java:260) ~[spring-test-6.2.7.jar:6.2.7]
	at org.springframework.test.context.junit.jupiter.SpringExtension.postProcessTestInstance(SpringExtension.java:159) ~[spring-test-6.2.7.jar:6.2.7]
	at org.junit.jupiter.engine.descriptor.ClassBasedTestDescriptor.lambda$invokeTestInstancePostProcessors$10(ClassBasedTestDescriptor.java:383) ~[junit-jupiter-engine-5.12.2.jar:5.12.2]
	at org.junit.jupiter.engine.descriptor.ClassBasedTestDescriptor.executeAndMaskThrowable(ClassBasedTestDescriptor.java:388) ~[junit-jupiter-engine-5.12.2.jar:5.12.2]
	at org.junit.jupiter.engine.descriptor.ClassBasedTestDescriptor.lambda$invokeTestInstancePostProcessors$11(ClassBasedTestDescriptor.java:382) ~[junit-jupiter-engine-5.12.2.jar:5.12.2]
	at java.base/java.util.stream.ForEachOps$ForEachOp$OfRef.accept(ForEachOps.java:183) ~[?:?]
	at java.base/java.util.stream.ReferencePipeline$3$1.accept(ReferencePipeline.java:197) ~[?:?]
	at java.base/java.util.stream.ReferencePipeline$2$1.accept(ReferencePipeline.java:179) ~[?:?]
	at java.base/java.util.stream.ReferencePipeline$3$1.accept(ReferencePipeline.java:197) ~[?:?]
	at java.base/java.util.ArrayList$ArrayListSpliterator.forEachRemaining(ArrayList.java:1625) ~[?:?]
	at java.base/java.util.stream.AbstractPipeline.copyInto(AbstractPipeline.java:509) ~[?:?]
	at java.base/java.util.stream.AbstractPipeline.wrapAndCopyInto(AbstractPipeline.java:499) ~[?:?]
	at java.base/java.util.stream.ForEachOps$ForEachOp.evaluateSequential(ForEachOps.java:150) ~[?:?]
	at java.base/java.util.stream.ForEachOps$ForEachOp$OfRef.evaluateSequential(ForEachOps.java:173) ~[?:?]
	at java.base/java.util.stream.AbstractPipeline.evaluate(AbstractPipeline.java:234) ~[?:?]
	at java.base/java.util.stream.ReferencePipeline.forEach(ReferencePipeline.java:596) ~[?:?]
	at org.junit.jupiter.engine.descriptor.ClassBasedTestDescriptor.invokeTestInstancePostProcessors(ClassBasedTestDescriptor.java:382) ~[junit-jupiter-engine-5.12.2.jar:5.12.2]
	at org.junit.jupiter.engine.descriptor.ClassBasedTestDescriptor.lambda$instantiateAndPostProcessTestInstance$6(ClassBasedTestDescriptor.java:293) ~[junit-jupiter-engine-5.12.2.jar:5.12.2]
	at org.junit.platform.engine.support.hierarchical.ThrowableCollector.execute(ThrowableCollector.java:73) ~[junit-platform-engine-1.12.2.jar:1.12.2]
	at org.junit.jupiter.engine.descriptor.ClassBasedTestDescriptor.instantiateAndPostProcessTestInstance(ClassBasedTestDescriptor.java:292) ~[junit-jupiter-engine-5.12.2.jar:5.12.2]
	at org.junit.jupiter.engine.descriptor.ClassBasedTestDescriptor.lambda$testInstancesProvider$4(ClassBasedTestDescriptor.java:281) ~[junit-jupiter-engine-5.12.2.jar:5.12.2]
	at java.base/java.util.Optional.orElseGet(Optional.java:364) ~[?:?]
	at org.junit.jupiter.engine.descriptor.ClassBasedTestDescriptor.lambda$testInstancesProvider$5(ClassBasedTestDescriptor.java:280) ~[junit-jupiter-engine-5.12.2.jar:5.12.2]
	at org.junit.jupiter.engine.execution.TestInstancesProvider.getTestInstances(TestInstancesProvider.java:27) ~[junit-jupiter-engine-5.12.2.jar:5.12.2]
	at org.junit.jupiter.engine.descriptor.TestMethodTestDescriptor.lambda$prepare$0(TestMethodTestDescriptor.java:112) ~[junit-jupiter-engine-5.12.2.jar:5.12.2]
	at org.junit.platform.engine.support.hierarchical.ThrowableCollector.execute(ThrowableCollector.java:73) ~[junit-platform-engine-1.12.2.jar:1.12.2]
	at org.junit.jupiter.engine.descriptor.TestMethodTestDescriptor.prepare(TestMethodTestDescriptor.java:111) ~[junit-jupiter-engine-5.12.2.jar:5.12.2]
	at org.junit.jupiter.engine.descriptor.TestMethodTestDescriptor.prepare(TestMethodTestDescriptor.java:69) ~[junit-jupiter-engine-5.12.2.jar:5.12.2]
	at org.junit.platform.engine.support.hierarchical.NodeTestTask.lambda$prepare$2(NodeTestTask.java:128) ~[junit-platform-engine-1.12.2.jar:1.12.2]
	at org.junit.platform.engine.support.hierarchical.ThrowableCollector.execute(ThrowableCollector.java:73) ~[junit-platform-engine-1.12.2.jar:1.12.2]
	at org.junit.platform.engine.support.hierarchical.NodeTestTask.prepare(NodeTestTask.java:128) ~[junit-platform-engine-1.12.2.jar:1.12.2]
	at org.junit.platform.engine.support.hierarchical.NodeTestTask.execute(NodeTestTask.java:95) ~[junit-platform-engine-1.12.2.jar:1.12.2]
	at java.base/java.util.ArrayList.forEach(ArrayList.java:1511) ~[?:?]
	at org.junit.platform.engine.support.hierarchical.SameThreadHierarchicalTestExecutorService.invokeAll(SameThreadHierarchicalTestExecutorService.java:41) ~[junit-platform-engine-1.12.2.jar:1.12.2]
	at org.junit.platform.engine.support.hierarchical.NodeTestTask.lambda$executeRecursively$6(NodeTestTask.java:160) ~[junit-platform-engine-1.12.2.jar:1.12.2]
	at org.junit.platform.engine.support.hierarchical.ThrowableCollector.execute(ThrowableCollector.java:73) ~[junit-platform-engine-1.12.2.jar:1.12.2]
	at org.junit.platform.engine.support.hierarchical.NodeTestTask.lambda$executeRecursively$8(NodeTestTask.java:146) ~[junit-platform-engine-1.12.2.jar:1.12.2]
	at org.junit.platform.engine.support.hierarchical.Node.around(Node.java:137) ~[junit-platform-engine-1.12.2.jar:1.12.2]
	at org.junit.platform.engine.support.hierarchical.NodeTestTask.lambda$executeRecursively$9(NodeTestTask.java:144) ~[junit-platform-engine-1.12.2.jar:1.12.2]
	at org.junit.platform.engine.support.hierarchical.ThrowableCollector.execute(ThrowableCollector.java:73) ~[junit-platform-engine-1.12.2.jar:1.12.2]
	at org.junit.platform.engine.support.hierarchical.NodeTestTask.executeRecursively(NodeTestTask.java:143) ~[junit-platform-engine-1.12.2.jar:1.12.2]
	at org.junit.platform.engine.support.hierarchical.NodeTestTask.execute(NodeTestTask.java:100) ~[junit-platform-engine-1.12.2.jar:1.12.2]
	at java.base/java.util.ArrayList.forEach(ArrayList.java:1511) ~[?:?]
	at org.junit.platform.engine.support.hierarchical.SameThreadHierarchicalTestExecutorService.invokeAll(SameThreadHierarchicalTestExecutorService.java:41) ~[junit-platform-engine-1.12.2.jar:1.12.2]
	at org.junit.platform.engine.support.hierarchical.NodeTestTask.lambda$executeRecursively$6(NodeTestTask.java:160) ~[junit-platform-engine-1.12.2.jar:1.12.2]
	at org.junit.platform.engine.support.hierarchical.ThrowableCollector.execute(ThrowableCollector.java:73) ~[junit-platform-engine-1.12.2.jar:1.12.2]
	at org.junit.platform.engine.support.hierarchical.NodeTestTask.lambda$executeRecursively$8(NodeTestTask.java:146) ~[junit-platform-engine-1.12.2.jar:1.12.2]
	at org.junit.platform.engine.support.hierarchical.Node.around(Node.java:137) ~[junit-platform-engine-1.12.2.jar:1.12.2]
	at org.junit.platform.engine.support.hierarchical.NodeTestTask.lambda$executeRecursively$9(NodeTestTask.java:144) ~[junit-platform-engine-1.12.2.jar:1.12.2]
	at org.junit.platform.engine.support.hierarchical.ThrowableCollector.execute(ThrowableCollector.java:73) ~[junit-platform-engine-1.12.2.jar:1.12.2]
	at org.junit.platform.engine.support.hierarchical.NodeTestTask.executeRecursively(NodeTestTask.java:143) ~[junit-platform-engine-1.12.2.jar:1.12.2]
	at org.junit.platform.engine.support.hierarchical.NodeTestTask.execute(NodeTestTask.java:100) ~[junit-platform-engine-1.12.2.jar:1.12.2]
	at org.junit.platform.engine.support.hierarchical.SameThreadHierarchicalTestExecutorService.submit(SameThreadHierarchicalTestExecutorService.java:35) ~[junit-platform-engine-1.12.2.jar:1.12.2]
	at org.junit.platform.engine.support.hierarchical.HierarchicalTestExecutor.execute(HierarchicalTestExecutor.java:57) ~[junit-platform-engine-1.12.2.jar:1.12.2]
	at org.junit.platform.engine.support.hierarchical.HierarchicalTestEngine.execute(HierarchicalTestEngine.java:54) ~[junit-platform-engine-1.12.2.jar:1.12.2]
	at org.junit.platform.launcher.core.EngineExecutionOrchestrator.execute(EngineExecutionOrchestrator.java:201) ~[junit-platform-launcher-1.12.2.jar:1.12.2]
	at org.junit.platform.launcher.core.EngineExecutionOrchestrator.execute(EngineExecutionOrchestrator.java:170) ~[junit-platform-launcher-1.12.2.jar:1.12.2]
	at org.junit.platform.launcher.core.EngineExecutionOrchestrator.execute(EngineExecutionOrchestrator.java:94) ~[junit-platform-launcher-1.12.2.jar:1.12.2]
	at org.junit.platform.launcher.core.EngineExecutionOrchestrator.lambda$execute$0(EngineExecutionOrchestrator.java:59) ~[junit-platform-launcher-1.12.2.jar:1.12.2]
	at org.junit.platform.launcher.core.EngineExecutionOrchestrator.withInterceptedStreams(EngineExecutionOrchestrator.java:142) ~[junit-platform-launcher-1.12.2.jar:1.12.2]
	at org.junit.platform.launcher.core.EngineExecutionOrchestrator.execute(EngineExecutionOrchestrator.java:58) ~[junit-platform-launcher-1.12.2.jar:1.12.2]
	at org.junit.platform.launcher.core.DefaultLauncher.execute(DefaultLauncher.java:103) ~[junit-platform-launcher-1.12.2.jar:1.12.2]
	at org.junit.platform.launcher.core.DefaultLauncher.execute(DefaultLauncher.java:85) ~[junit-platform-launcher-1.12.2.jar:1.12.2]
	at org.junit.platform.launcher.core.DelegatingLauncher.execute(DelegatingLauncher.java:47) ~[junit-platform-launcher-1.12.2.jar:1.12.2]
	at org.junit.platform.launcher.core.InterceptingLauncher.lambda$execute$1(InterceptingLauncher.java:39) ~[junit-platform-launcher-1.12.2.jar:1.12.2]
	at org.junit.platform.launcher.core.ClasspathAlignmentCheckingLauncherInterceptor.intercept(ClasspathAlignmentCheckingLauncherInterceptor.java:25) [junit-platform-launcher-1.12.2.jar:1.12.2]
	at org.junit.platform.launcher.core.InterceptingLauncher.execute(InterceptingLauncher.java:38) [junit-platform-launcher-1.12.2.jar:1.12.2]
	at org.junit.platform.launcher.core.DelegatingLauncher.execute(DelegatingLauncher.java:47) [junit-platform-launcher-1.12.2.jar:1.12.2]
	at org.junit.platform.launcher.core.SessionPerRequestLauncher.execute(SessionPerRequestLauncher.java:63) [junit-platform-launcher-1.12.2.jar:1.12.2]
	at com.intellij.junit5.JUnit5IdeaTestRunner.startRunnerWithArgs(JUnit5IdeaTestRunner.java:57) [junit5-rt.jar:?]
	at com.intellij.rt.junit.IdeaTestRunner$Repeater$1.execute(IdeaTestRunner.java:38) [junit-rt.jar:?]
	at com.intellij.rt.execution.junit.TestsRepeater.repeat(TestsRepeater.java:11) [idea_rt.jar:?]
	at com.intellij.rt.junit.IdeaTestRunner$Repeater.startRunnerWithArgs(IdeaTestRunner.java:35) [junit-rt.jar:?]
	at com.intellij.rt.junit.JUnitStarter.prepareStreamsAndStart(JUnitStarter.java:231) [junit-rt.jar:?]
	at com.intellij.rt.junit.JUnitStarter.main(JUnitStarter.java:55) [junit-rt.jar:?]
2025-12-23 12:06:15 WARN  org.springframework.test.context.TestContextManager - Caught exception while allowing TestExecutionListener [org.springframework.test.context.bean.override.BeanOverrideTestExecutionListener] to prepare test instance [com.nihilent.BankingApplication.NihilentBank.controlllerTest.UpiControllerTest@38cb1606]
java.lang.IllegalStateException: ApplicationContext failure threshold (1) exceeded: skipping repeated attempt to load context for [WebMergedContextConfiguration@7856f41a testClass = com.nihilent.BankingApplication.NihilentBank.controlllerTest.UpiControllerTest, locations = [], classes = [com.nihilent.bank.NihilentBankApplication], contextInitializerClasses = [], activeProfiles = [], propertySourceDescriptors = [], propertySourceProperties = ["org.springframework.boot.test.autoconfigure.web.servlet.WebMvcTestContextBootstrapper=true"], contextCustomizers = [[ImportsContextCustomizer@5fbae40 key = [org.springframework.boot.autoconfigure.security.oauth2.client.servlet.OAuth2ClientWebSecurityAutoConfiguration, org.springframework.boot.autoconfigure.task.TaskExecutionAutoConfiguration, org.springframework.boot.autoconfigure.cache.CacheAutoConfiguration, org.springframework.boot.autoconfigure.web.servlet.HttpEncodingAutoConfiguration, org.springframework.boot.autoconfigure.validation.ValidationAutoConfiguration, org.springframework.boot.autoconfigure.context.MessageSourceAutoConfiguration, org.springframework.boot.autoconfigure.hateoas.HypermediaAutoConfiguration, org.springframework.boot.autoconfigure.jackson.JacksonAutoConfiguration, org.springframework.boot.autoconfigure.data.web.SpringDataWebAutoConfiguration, org.springframework.boot.test.autoconfigure.web.reactive.WebTestClientAutoConfiguration, org.springframework.boot.autoconfigure.web.servlet.error.ErrorMvcAutoConfiguration, org.springframework.boot.test.autoconfigure.web.servlet.MockMvcAutoConfiguration, org.springframework.boot.autoconfigure.security.servlet.SecurityAutoConfiguration, org.springframework.boot.autoconfigure.security.servlet.SecurityFilterAutoConfiguration, org.springframework.boot.autoconfigure.http.HttpMessageConvertersAutoConfiguration, org.springframework.boot.autoconfigure.security.oauth2.client.OAuth2ClientAutoConfiguration, org.springframework.boot.test.autoconfigure.web.servlet.MockMvcSecurityConfiguration, org.springframework.boot.test.autoconfigure.web.servlet.MockMvcWebClientAutoConfiguration, org.springframework.boot.test.autoconfigure.web.servlet.MockMvcWebDriverAutoConfiguration, org.springframework.boot.autoconfigure.thymeleaf.ThymeleafAutoConfiguration, org.springframework.boot.autoconfigure.gson.GsonAutoConfiguration, org.springframework.boot.autoconfigure.jsonb.JsonbAutoConfiguration, org.springframework.boot.autoconfigure.freemarker.FreeMarkerAutoConfiguration, org.springframework.boot.autoconfigure.web.servlet.WebMvcAutoConfiguration, org.springframework.boot.autoconfigure.security.servlet.UserDetailsServiceAutoConfiguration, org.springframework.boot.autoconfigure.security.oauth2.resource.servlet.OAuth2ResourceServerAutoConfiguration, org.springframework.boot.autoconfigure.groovy.template.GroovyTemplateAutoConfiguration, org.springframework.boot.autoconfigure.mustache.MustacheAutoConfiguration]], org.springframework.boot.test.context.filter.ExcludeFilterContextCustomizer@1bdbf9be, org.springframework.boot.test.json.DuplicateJsonObjectContextCustomizerFactory$DuplicateJsonObjectContextCustomizer@78d39a69, org.springframework.boot.test.mock.mockito.MockitoContextCustomizer@0, org.springframework.boot.test.web.reactor.netty.DisableReactorResourceFactoryGlobalResourcesContextCustomizerFactory$DisableReactorResourceFactoryGlobalResourcesContextCustomizerCustomizer@6c000e0c, org.springframework.boot.test.autoconfigure.OnFailureConditionReportContextCustomizerFactory$OnFailureConditionReportContextCustomizer@6974a715, org.springframework.boot.test.autoconfigure.OverrideAutoConfigurationContextCustomizerFactory$DisableAutoConfigurationContextCustomizer@4c9e9fb8, org.springframework.boot.test.autoconfigure.actuate.observability.ObservabilityContextCustomizerFactory$DisableObservabilityContextCustomizer@1f, org.springframework.boot.test.autoconfigure.filter.TypeExcludeFiltersContextCustomizer@593bbbf1, org.springframework.boot.test.autoconfigure.properties.PropertyMappingContextCustomizer@e2e75f0e, org.springframework.boot.test.autoconfigure.web.servlet.WebDriverContextCustomizer@7fcff1b9, org.springframework.test.context.bean.override.BeanOverrideContextCustomizer@cd3a8e62, org.springframework.test.context.support.DynamicPropertiesContextCustomizer@0, org.springframework.boot.test.context.SpringBootTestAnnotation@223c3a5d], resourceBasePath = "src/main/webapp", contextLoader = org.springframework.boot.test.context.SpringBootContextLoader, parent = null]
	at org.springframework.test.context.cache.DefaultCacheAwareContextLoaderDelegate.loadContext(DefaultCacheAwareContextLoaderDelegate.java:145) ~[spring-test-6.2.7.jar:6.2.7]
	at org.springframework.test.context.support.DefaultTestContext.getApplicationContext(DefaultTestContext.java:130) ~[spring-test-6.2.7.jar:6.2.7]
	at org.springframework.test.context.bean.override.BeanOverrideTestExecutionListener.injectFields(BeanOverrideTestExecutionListener.java:99) ~[spring-test-6.2.7.jar:6.2.7]
	at org.springframework.test.context.bean.override.BeanOverrideTestExecutionListener.prepareTestInstance(BeanOverrideTestExecutionListener.java:70) ~[spring-test-6.2.7.jar:6.2.7]
	at org.springframework.test.context.TestContextManager.prepareTestInstance(TestContextManager.java:260) ~[spring-test-6.2.7.jar:6.2.7]
	at org.springframework.test.context.junit.jupiter.SpringExtension.postProcessTestInstance(SpringExtension.java:159) ~[spring-test-6.2.7.jar:6.2.7]
	at org.junit.jupiter.engine.descriptor.ClassBasedTestDescriptor.lambda$invokeTestInstancePostProcessors$10(ClassBasedTestDescriptor.java:383) ~[junit-jupiter-engine-5.12.2.jar:5.12.2]
	at org.junit.jupiter.engine.descriptor.ClassBasedTestDescriptor.executeAndMaskThrowable(ClassBasedTestDescriptor.java:388) ~[junit-jupiter-engine-5.12.2.jar:5.12.2]
	at org.junit.jupiter.engine.descriptor.ClassBasedTestDescriptor.lambda$invokeTestInstancePostProcessors$11(ClassBasedTestDescriptor.java:382) ~[junit-jupiter-engine-5.12.2.jar:5.12.2]
	at java.base/java.util.stream.ForEachOps$ForEachOp$OfRef.accept(ForEachOps.java:183) ~[?:?]
	at java.base/java.util.stream.ReferencePipeline$3$1.accept(ReferencePipeline.java:197) ~[?:?]
	at java.base/java.util.stream.ReferencePipeline$2$1.accept(ReferencePipeline.java:179) ~[?:?]
	at java.base/java.util.stream.ReferencePipeline$3$1.accept(ReferencePipeline.java:197) ~[?:?]
	at java.base/java.util.ArrayList$ArrayListSpliterator.forEachRemaining(ArrayList.java:1625) ~[?:?]
	at java.base/java.util.stream.AbstractPipeline.copyInto(AbstractPipeline.java:509) ~[?:?]
	at java.base/java.util.stream.AbstractPipeline.wrapAndCopyInto(AbstractPipeline.java:499) ~[?:?]
	at java.base/java.util.stream.ForEachOps$ForEachOp.evaluateSequential(ForEachOps.java:150) ~[?:?]
	at java.base/java.util.stream.ForEachOps$ForEachOp$OfRef.evaluateSequential(ForEachOps.java:173) ~[?:?]
	at java.base/java.util.stream.AbstractPipeline.evaluate(AbstractPipeline.java:234) ~[?:?]
	at java.base/java.util.stream.ReferencePipeline.forEach(ReferencePipeline.java:596) ~[?:?]
	at org.junit.jupiter.engine.descriptor.ClassBasedTestDescriptor.invokeTestInstancePostProcessors(ClassBasedTestDescriptor.java:382) ~[junit-jupiter-engine-5.12.2.jar:5.12.2]
	at org.junit.jupiter.engine.descriptor.ClassBasedTestDescriptor.lambda$instantiateAndPostProcessTestInstance$6(ClassBasedTestDescriptor.java:293) ~[junit-jupiter-engine-5.12.2.jar:5.12.2]
	at org.junit.platform.engine.support.hierarchical.ThrowableCollector.execute(ThrowableCollector.java:73) ~[junit-platform-engine-1.12.2.jar:1.12.2]
	at org.junit.jupiter.engine.descriptor.ClassBasedTestDescriptor.instantiateAndPostProcessTestInstance(ClassBasedTestDescriptor.java:292) ~[junit-jupiter-engine-5.12.2.jar:5.12.2]
	at org.junit.jupiter.engine.descriptor.ClassBasedTestDescriptor.lambda$testInstancesProvider$4(ClassBasedTestDescriptor.java:281) ~[junit-jupiter-engine-5.12.2.jar:5.12.2]
	at java.base/java.util.Optional.orElseGet(Optional.java:364) ~[?:?]
	at org.junit.jupiter.engine.descriptor.ClassBasedTestDescriptor.lambda$testInstancesProvider$5(ClassBasedTestDescriptor.java:280) ~[junit-jupiter-engine-5.12.2.jar:5.12.2]
	at org.junit.jupiter.engine.execution.TestInstancesProvider.getTestInstances(TestInstancesProvider.java:27) ~[junit-jupiter-engine-5.12.2.jar:5.12.2]
	at org.junit.jupiter.engine.descriptor.TestMethodTestDescriptor.lambda$prepare$0(TestMethodTestDescriptor.java:112) ~[junit-jupiter-engine-5.12.2.jar:5.12.2]
	at org.junit.platform.engine.support.hierarchical.ThrowableCollector.execute(ThrowableCollector.java:73) ~[junit-platform-engine-1.12.2.jar:1.12.2]
	at org.junit.jupiter.engine.descriptor.TestMethodTestDescriptor.prepare(TestMethodTestDescriptor.java:111) ~[junit-jupiter-engine-5.12.2.jar:5.12.2]
	at org.junit.jupiter.engine.descriptor.TestMethodTestDescriptor.prepare(TestMethodTestDescriptor.java:69) ~[junit-jupiter-engine-5.12.2.jar:5.12.2]
	at org.junit.platform.engine.support.hierarchical.NodeTestTask.lambda$prepare$2(NodeTestTask.java:128) ~[junit-platform-engine-1.12.2.jar:1.12.2]
	at org.junit.platform.engine.support.hierarchical.ThrowableCollector.execute(ThrowableCollector.java:73) ~[junit-platform-engine-1.12.2.jar:1.12.2]
	at org.junit.platform.engine.support.hierarchical.NodeTestTask.prepare(NodeTestTask.java:128) ~[junit-platform-engine-1.12.2.jar:1.12.2]
	at org.junit.platform.engine.support.hierarchical.NodeTestTask.execute(NodeTestTask.java:95) ~[junit-platform-engine-1.12.2.jar:1.12.2]
	at java.base/java.util.ArrayList.forEach(ArrayList.java:1511) ~[?:?]
	at org.junit.platform.engine.support.hierarchical.SameThreadHierarchicalTestExecutorService.invokeAll(SameThreadHierarchicalTestExecutorService.java:41) ~[junit-platform-engine-1.12.2.jar:1.12.2]
	at org.junit.platform.engine.support.hierarchical.NodeTestTask.lambda$executeRecursively$6(NodeTestTask.java:160) ~[junit-platform-engine-1.12.2.jar:1.12.2]
	at org.junit.platform.engine.support.hierarchical.ThrowableCollector.execute(ThrowableCollector.java:73) ~[junit-platform-engine-1.12.2.jar:1.12.2]
	at org.junit.platform.engine.support.hierarchical.NodeTestTask.lambda$executeRecursively$8(NodeTestTask.java:146) ~[junit-platform-engine-1.12.2.jar:1.12.2]
	at org.junit.platform.engine.support.hierarchical.Node.around(Node.java:137) ~[junit-platform-engine-1.12.2.jar:1.12.2]
	at org.junit.platform.engine.support.hierarchical.NodeTestTask.lambda$executeRecursively$9(NodeTestTask.java:144) ~[junit-platform-engine-1.12.2.jar:1.12.2]
	at org.junit.platform.engine.support.hierarchical.ThrowableCollector.execute(ThrowableCollector.java:73) ~[junit-platform-engine-1.12.2.jar:1.12.2]
	at org.junit.platform.engine.support.hierarchical.NodeTestTask.executeRecursively(NodeTestTask.java:143) ~[junit-platform-engine-1.12.2.jar:1.12.2]
	at org.junit.platform.engine.support.hierarchical.NodeTestTask.execute(NodeTestTask.java:100) ~[junit-platform-engine-1.12.2.jar:1.12.2]
	at java.base/java.util.ArrayList.forEach(ArrayList.java:1511) ~[?:?]
	at org.junit.platform.engine.support.hierarchical.SameThreadHierarchicalTestExecutorService.invokeAll(SameThreadHierarchicalTestExecutorService.java:41) ~[junit-platform-engine-1.12.2.jar:1.12.2]
	at org.junit.platform.engine.support.hierarchical.NodeTestTask.lambda$executeRecursively$6(NodeTestTask.java:160) ~[junit-platform-engine-1.12.2.jar:1.12.2]
	at org.junit.platform.engine.support.hierarchical.ThrowableCollector.execute(ThrowableCollector.java:73) ~[junit-platform-engine-1.12.2.jar:1.12.2]
	at org.junit.platform.engine.support.hierarchical.NodeTestTask.lambda$executeRecursively$8(NodeTestTask.java:146) ~[junit-platform-engine-1.12.2.jar:1.12.2]
	at org.junit.platform.engine.support.hierarchical.Node.around(Node.java:137) ~[junit-platform-engine-1.12.2.jar:1.12.2]
	at org.junit.platform.engine.support.hierarchical.NodeTestTask.lambda$executeRecursively$9(NodeTestTask.java:144) ~[junit-platform-engine-1.12.2.jar:1.12.2]
	at org.junit.platform.engine.support.hierarchical.ThrowableCollector.execute(ThrowableCollector.java:73) ~[junit-platform-engine-1.12.2.jar:1.12.2]
	at org.junit.platform.engine.support.hierarchical.NodeTestTask.executeRecursively(NodeTestTask.java:143) ~[junit-platform-engine-1.12.2.jar:1.12.2]
	at org.junit.platform.engine.support.hierarchical.NodeTestTask.execute(NodeTestTask.java:100) ~[junit-platform-engine-1.12.2.jar:1.12.2]
	at org.junit.platform.engine.support.hierarchical.SameThreadHierarchicalTestExecutorService.submit(SameThreadHierarchicalTestExecutorService.java:35) ~[junit-platform-engine-1.12.2.jar:1.12.2]
	at org.junit.platform.engine.support.hierarchical.HierarchicalTestExecutor.execute(HierarchicalTestExecutor.java:57) ~[junit-platform-engine-1.12.2.jar:1.12.2]
	at org.junit.platform.engine.support.hierarchical.HierarchicalTestEngine.execute(HierarchicalTestEngine.java:54) ~[junit-platform-engine-1.12.2.jar:1.12.2]
	at org.junit.platform.launcher.core.EngineExecutionOrchestrator.execute(EngineExecutionOrchestrator.java:201) ~[junit-platform-launcher-1.12.2.jar:1.12.2]
	at org.junit.platform.launcher.core.EngineExecutionOrchestrator.execute(EngineExecutionOrchestrator.java:170) ~[junit-platform-launcher-1.12.2.jar:1.12.2]
	at org.junit.platform.launcher.core.EngineExecutionOrchestrator.execute(EngineExecutionOrchestrator.java:94) ~[junit-platform-launcher-1.12.2.jar:1.12.2]
	at org.junit.platform.launcher.core.EngineExecutionOrchestrator.lambda$execute$0(EngineExecutionOrchestrator.java:59) ~[junit-platform-launcher-1.12.2.jar:1.12.2]
	at org.junit.platform.launcher.core.EngineExecutionOrchestrator.withInterceptedStreams(EngineExecutionOrchestrator.java:142) ~[junit-platform-launcher-1.12.2.jar:1.12.2]
	at org.junit.platform.launcher.core.EngineExecutionOrchestrator.execute(EngineExecutionOrchestrator.java:58) ~[junit-platform-launcher-1.12.2.jar:1.12.2]
	at org.junit.platform.launcher.core.DefaultLauncher.execute(DefaultLauncher.java:103) ~[junit-platform-launcher-1.12.2.jar:1.12.2]
	at org.junit.platform.launcher.core.DefaultLauncher.execute(DefaultLauncher.java:85) ~[junit-platform-launcher-1.12.2.jar:1.12.2]
	at org.junit.platform.launcher.core.DelegatingLauncher.execute(DelegatingLauncher.java:47) ~[junit-platform-launcher-1.12.2.jar:1.12.2]
	at org.junit.platform.launcher.core.InterceptingLauncher.lambda$execute$1(InterceptingLauncher.java:39) ~[junit-platform-launcher-1.12.2.jar:1.12.2]
	at org.junit.platform.launcher.core.ClasspathAlignmentCheckingLauncherInterceptor.intercept(ClasspathAlignmentCheckingLauncherInterceptor.java:25) [junit-platform-launcher-1.12.2.jar:1.12.2]
	at org.junit.platform.launcher.core.InterceptingLauncher.execute(InterceptingLauncher.java:38) [junit-platform-launcher-1.12.2.jar:1.12.2]
	at org.junit.platform.launcher.core.DelegatingLauncher.execute(DelegatingLauncher.java:47) [junit-platform-launcher-1.12.2.jar:1.12.2]
	at org.junit.platform.launcher.core.SessionPerRequestLauncher.execute(SessionPerRequestLauncher.java:63) [junit-platform-launcher-1.12.2.jar:1.12.2]
	at com.intellij.junit5.JUnit5IdeaTestRunner.startRunnerWithArgs(JUnit5IdeaTestRunner.java:57) [junit5-rt.jar:?]
	at com.intellij.rt.junit.IdeaTestRunner$Repeater$1.execute(IdeaTestRunner.java:38) [junit-rt.jar:?]
	at com.intellij.rt.execution.junit.TestsRepeater.repeat(TestsRepeater.java:11) [idea_rt.jar:?]
	at com.intellij.rt.junit.IdeaTestRunner$Repeater.startRunnerWithArgs(IdeaTestRunner.java:35) [junit-rt.jar:?]
	at com.intellij.rt.junit.JUnitStarter.prepareStreamsAndStart(JUnitStarter.java:231) [junit-rt.jar:?]
	at com.intellij.rt.junit.JUnitStarter.main(JUnitStarter.java:55) [junit-rt.jar:?]
2025-12-23 12:06:15 WARN  org.springframework.test.context.TestContextManager - Caught exception while allowing TestExecutionListener [org.springframework.test.context.bean.override.BeanOverrideTestExecutionListener] to prepare test instance [com.nihilent.BankingApplication.NihilentBank.controlllerTest.UpiControllerTest@1171ba7e]
java.lang.IllegalStateException: ApplicationContext failure threshold (1) exceeded: skipping repeated attempt to load context for [WebMergedContextConfiguration@7856f41a testClass = com.nihilent.BankingApplication.NihilentBank.controlllerTest.UpiControllerTest, locations = [], classes = [com.nihilent.bank.NihilentBankApplication], contextInitializerClasses = [], activeProfiles = [], propertySourceDescriptors = [], propertySourceProperties = ["org.springframework.boot.test.autoconfigure.web.servlet.WebMvcTestContextBootstrapper=true"], contextCustomizers = [[ImportsContextCustomizer@5fbae40 key = [org.springframework.boot.autoconfigure.security.oauth2.client.servlet.OAuth2ClientWebSecurityAutoConfiguration, org.springframework.boot.autoconfigure.task.TaskExecutionAutoConfiguration, org.springframework.boot.autoconfigure.cache.CacheAutoConfiguration, org.springframework.boot.autoconfigure.web.servlet.HttpEncodingAutoConfiguration, org.springframework.boot.autoconfigure.validation.ValidationAutoConfiguration, org.springframework.boot.autoconfigure.context.MessageSourceAutoConfiguration, org.springframework.boot.autoconfigure.hateoas.HypermediaAutoConfiguration, org.springframework.boot.autoconfigure.jackson.JacksonAutoConfiguration, org.springframework.boot.autoconfigure.data.web.SpringDataWebAutoConfiguration, org.springframework.boot.test.autoconfigure.web.reactive.WebTestClientAutoConfiguration, org.springframework.boot.autoconfigure.web.servlet.error.ErrorMvcAutoConfiguration, org.springframework.boot.test.autoconfigure.web.servlet.MockMvcAutoConfiguration, org.springframework.boot.autoconfigure.security.servlet.SecurityAutoConfiguration, org.springframework.boot.autoconfigure.security.servlet.SecurityFilterAutoConfiguration, org.springframework.boot.autoconfigure.http.HttpMessageConvertersAutoConfiguration, org.springframework.boot.autoconfigure.security.oauth2.client.OAuth2ClientAutoConfiguration, org.springframework.boot.test.autoconfigure.web.servlet.MockMvcSecurityConfiguration, org.springframework.boot.test.autoconfigure.web.servlet.MockMvcWebClientAutoConfiguration, org.springframework.boot.test.autoconfigure.web.servlet.MockMvcWebDriverAutoConfiguration, org.springframework.boot.autoconfigure.thymeleaf.ThymeleafAutoConfiguration, org.springframework.boot.autoconfigure.gson.GsonAutoConfiguration, org.springframework.boot.autoconfigure.jsonb.JsonbAutoConfiguration, org.springframework.boot.autoconfigure.freemarker.FreeMarkerAutoConfiguration, org.springframework.boot.autoconfigure.web.servlet.WebMvcAutoConfiguration, org.springframework.boot.autoconfigure.security.servlet.UserDetailsServiceAutoConfiguration, org.springframework.boot.autoconfigure.security.oauth2.resource.servlet.OAuth2ResourceServerAutoConfiguration, org.springframework.boot.autoconfigure.groovy.template.GroovyTemplateAutoConfiguration, org.springframework.boot.autoconfigure.mustache.MustacheAutoConfiguration]], org.springframework.boot.test.context.filter.ExcludeFilterContextCustomizer@1bdbf9be, org.springframework.boot.test.json.DuplicateJsonObjectContextCustomizerFactory$DuplicateJsonObjectContextCustomizer@78d39a69, org.springframework.boot.test.mock.mockito.MockitoContextCustomizer@0, org.springframework.boot.test.web.reactor.netty.DisableReactorResourceFactoryGlobalResourcesContextCustomizerFactory$DisableReactorResourceFactoryGlobalResourcesContextCustomizerCustomizer@6c000e0c, org.springframework.boot.test.autoconfigure.OnFailureConditionReportContextCustomizerFactory$OnFailureConditionReportContextCustomizer@6974a715, org.springframework.boot.test.autoconfigure.OverrideAutoConfigurationContextCustomizerFactory$DisableAutoConfigurationContextCustomizer@4c9e9fb8, org.springframework.boot.test.autoconfigure.actuate.observability.ObservabilityContextCustomizerFactory$DisableObservabilityContextCustomizer@1f, org.springframework.boot.test.autoconfigure.filter.TypeExcludeFiltersContextCustomizer@593bbbf1, org.springframework.boot.test.autoconfigure.properties.PropertyMappingContextCustomizer@e2e75f0e, org.springframework.boot.test.autoconfigure.web.servlet.WebDriverContextCustomizer@7fcff1b9, org.springframework.test.context.bean.override.BeanOverrideContextCustomizer@cd3a8e62, org.springframework.test.context.support.DynamicPropertiesContextCustomizer@0, org.springframework.boot.test.context.SpringBootTestAnnotation@223c3a5d], resourceBasePath = "src/main/webapp", contextLoader = org.springframework.boot.test.context.SpringBootContextLoader, parent = null]
	at org.springframework.test.context.cache.DefaultCacheAwareContextLoaderDelegate.loadContext(DefaultCacheAwareContextLoaderDelegate.java:145) ~[spring-test-6.2.7.jar:6.2.7]
	at org.springframework.test.context.support.DefaultTestContext.getApplicationContext(DefaultTestContext.java:130) ~[spring-test-6.2.7.jar:6.2.7]
	at org.springframework.test.context.bean.override.BeanOverrideTestExecutionListener.injectFields(BeanOverrideTestExecutionListener.java:99) ~[spring-test-6.2.7.jar:6.2.7]
	at org.springframework.test.context.bean.override.BeanOverrideTestExecutionListener.prepareTestInstance(BeanOverrideTestExecutionListener.java:70) ~[spring-test-6.2.7.jar:6.2.7]
	at org.springframework.test.context.TestContextManager.prepareTestInstance(TestContextManager.java:260) ~[spring-test-6.2.7.jar:6.2.7]
	at org.springframework.test.context.junit.jupiter.SpringExtension.postProcessTestInstance(SpringExtension.java:159) ~[spring-test-6.2.7.jar:6.2.7]
	at org.junit.jupiter.engine.descriptor.ClassBasedTestDescriptor.lambda$invokeTestInstancePostProcessors$10(ClassBasedTestDescriptor.java:383) ~[junit-jupiter-engine-5.12.2.jar:5.12.2]
	at org.junit.jupiter.engine.descriptor.ClassBasedTestDescriptor.executeAndMaskThrowable(ClassBasedTestDescriptor.java:388) ~[junit-jupiter-engine-5.12.2.jar:5.12.2]
	at org.junit.jupiter.engine.descriptor.ClassBasedTestDescriptor.lambda$invokeTestInstancePostProcessors$11(ClassBasedTestDescriptor.java:382) ~[junit-jupiter-engine-5.12.2.jar:5.12.2]
	at java.base/java.util.stream.ForEachOps$ForEachOp$OfRef.accept(ForEachOps.java:183) ~[?:?]
	at java.base/java.util.stream.ReferencePipeline$3$1.accept(ReferencePipeline.java:197) ~[?:?]
	at java.base/java.util.stream.ReferencePipeline$2$1.accept(ReferencePipeline.java:179) ~[?:?]
	at java.base/java.util.stream.ReferencePipeline$3$1.accept(ReferencePipeline.java:197) ~[?:?]
	at java.base/java.util.ArrayList$ArrayListSpliterator.forEachRemaining(ArrayList.java:1625) ~[?:?]
	at java.base/java.util.stream.AbstractPipeline.copyInto(AbstractPipeline.java:509) ~[?:?]
	at java.base/java.util.stream.AbstractPipeline.wrapAndCopyInto(AbstractPipeline.java:499) ~[?:?]
	at java.base/java.util.stream.ForEachOps$ForEachOp.evaluateSequential(ForEachOps.java:150) ~[?:?]
	at java.base/java.util.stream.ForEachOps$ForEachOp$OfRef.evaluateSequential(ForEachOps.java:173) ~[?:?]
	at java.base/java.util.stream.AbstractPipeline.evaluate(AbstractPipeline.java:234) ~[?:?]
	at java.base/java.util.stream.ReferencePipeline.forEach(ReferencePipeline.java:596) ~[?:?]
	at org.junit.jupiter.engine.descriptor.ClassBasedTestDescriptor.invokeTestInstancePostProcessors(ClassBasedTestDescriptor.java:382) ~[junit-jupiter-engine-5.12.2.jar:5.12.2]
	at org.junit.jupiter.engine.descriptor.ClassBasedTestDescriptor.lambda$instantiateAndPostProcessTestInstance$6(ClassBasedTestDescriptor.java:293) ~[junit-jupiter-engine-5.12.2.jar:5.12.2]
	at org.junit.platform.engine.support.hierarchical.ThrowableCollector.execute(ThrowableCollector.java:73) ~[junit-platform-engine-1.12.2.jar:1.12.2]
	at org.junit.jupiter.engine.descriptor.ClassBasedTestDescriptor.instantiateAndPostProcessTestInstance(ClassBasedTestDescriptor.java:292) ~[junit-jupiter-engine-5.12.2.jar:5.12.2]
	at org.junit.jupiter.engine.descriptor.ClassBasedTestDescriptor.lambda$testInstancesProvider$4(ClassBasedTestDescriptor.java:281) ~[junit-jupiter-engine-5.12.2.jar:5.12.2]
	at java.base/java.util.Optional.orElseGet(Optional.java:364) ~[?:?]
	at org.junit.jupiter.engine.descriptor.ClassBasedTestDescriptor.lambda$testInstancesProvider$5(ClassBasedTestDescriptor.java:280) ~[junit-jupiter-engine-5.12.2.jar:5.12.2]
	at org.junit.jupiter.engine.execution.TestInstancesProvider.getTestInstances(TestInstancesProvider.java:27) ~[junit-jupiter-engine-5.12.2.jar:5.12.2]
	at org.junit.jupiter.engine.descriptor.TestMethodTestDescriptor.lambda$prepare$0(TestMethodTestDescriptor.java:112) ~[junit-jupiter-engine-5.12.2.jar:5.12.2]
	at org.junit.platform.engine.support.hierarchical.ThrowableCollector.execute(ThrowableCollector.java:73) ~[junit-platform-engine-1.12.2.jar:1.12.2]
	at org.junit.jupiter.engine.descriptor.TestMethodTestDescriptor.prepare(TestMethodTestDescriptor.java:111) ~[junit-jupiter-engine-5.12.2.jar:5.12.2]
	at org.junit.jupiter.engine.descriptor.TestMethodTestDescriptor.prepare(TestMethodTestDescriptor.java:69) ~[junit-jupiter-engine-5.12.2.jar:5.12.2]
	at org.junit.platform.engine.support.hierarchical.NodeTestTask.lambda$prepare$2(NodeTestTask.java:128) ~[junit-platform-engine-1.12.2.jar:1.12.2]
	at org.junit.platform.engine.support.hierarchical.ThrowableCollector.execute(ThrowableCollector.java:73) ~[junit-platform-engine-1.12.2.jar:1.12.2]
	at org.junit.platform.engine.support.hierarchical.NodeTestTask.prepare(NodeTestTask.java:128) ~[junit-platform-engine-1.12.2.jar:1.12.2]
	at org.junit.platform.engine.support.hierarchical.NodeTestTask.execute(NodeTestTask.java:95) ~[junit-platform-engine-1.12.2.jar:1.12.2]
	at java.base/java.util.ArrayList.forEach(ArrayList.java:1511) ~[?:?]
	at org.junit.platform.engine.support.hierarchical.SameThreadHierarchicalTestExecutorService.invokeAll(SameThreadHierarchicalTestExecutorService.java:41) ~[junit-platform-engine-1.12.2.jar:1.12.2]
	at org.junit.platform.engine.support.hierarchical.NodeTestTask.lambda$executeRecursively$6(NodeTestTask.java:160) ~[junit-platform-engine-1.12.2.jar:1.12.2]
	at org.junit.platform.engine.support.hierarchical.ThrowableCollector.execute(ThrowableCollector.java:73) ~[junit-platform-engine-1.12.2.jar:1.12.2]
	at org.junit.platform.engine.support.hierarchical.NodeTestTask.lambda$executeRecursively$8(NodeTestTask.java:146) ~[junit-platform-engine-1.12.2.jar:1.12.2]
	at org.junit.platform.engine.support.hierarchical.Node.around(Node.java:137) ~[junit-platform-engine-1.12.2.jar:1.12.2]
	at org.junit.platform.engine.support.hierarchical.NodeTestTask.lambda$executeRecursively$9(NodeTestTask.java:144) ~[junit-platform-engine-1.12.2.jar:1.12.2]
	at org.junit.platform.engine.support.hierarchical.ThrowableCollector.execute(ThrowableCollector.java:73) ~[junit-platform-engine-1.12.2.jar:1.12.2]
	at org.junit.platform.engine.support.hierarchical.NodeTestTask.executeRecursively(NodeTestTask.java:143) ~[junit-platform-engine-1.12.2.jar:1.12.2]
	at org.junit.platform.engine.support.hierarchical.NodeTestTask.execute(NodeTestTask.java:100) ~[junit-platform-engine-1.12.2.jar:1.12.2]
	at java.base/java.util.ArrayList.forEach(ArrayList.java:1511) ~[?:?]
	at org.junit.platform.engine.support.hierarchical.SameThreadHierarchicalTestExecutorService.invokeAll(SameThreadHierarchicalTestExecutorService.java:41) ~[junit-platform-engine-1.12.2.jar:1.12.2]
	at org.junit.platform.engine.support.hierarchical.NodeTestTask.lambda$executeRecursively$6(NodeTestTask.java:160) ~[junit-platform-engine-1.12.2.jar:1.12.2]
	at org.junit.platform.engine.support.hierarchical.ThrowableCollector.execute(ThrowableCollector.java:73) ~[junit-platform-engine-1.12.2.jar:1.12.2]
	at org.junit.platform.engine.support.hierarchical.NodeTestTask.lambda$executeRecursively$8(NodeTestTask.java:146) ~[junit-platform-engine-1.12.2.jar:1.12.2]
	at org.junit.platform.engine.support.hierarchical.Node.around(Node.java:137) ~[junit-platform-engine-1.12.2.jar:1.12.2]
	at org.junit.platform.engine.support.hierarchical.NodeTestTask.lambda$executeRecursively$9(NodeTestTask.java:144) ~[junit-platform-engine-1.12.2.jar:1.12.2]
	at org.junit.platform.engine.support.hierarchical.ThrowableCollector.execute(ThrowableCollector.java:73) ~[junit-platform-engine-1.12.2.jar:1.12.2]
	at org.junit.platform.engine.support.hierarchical.NodeTestTask.executeRecursively(NodeTestTask.java:143) ~[junit-platform-engine-1.12.2.jar:1.12.2]
	at org.junit.platform.engine.support.hierarchical.NodeTestTask.execute(NodeTestTask.java:100) ~[junit-platform-engine-1.12.2.jar:1.12.2]
	at org.junit.platform.engine.support.hierarchical.SameThreadHierarchicalTestExecutorService.submit(SameThreadHierarchicalTestExecutorService.java:35) ~[junit-platform-engine-1.12.2.jar:1.12.2]
	at org.junit.platform.engine.support.hierarchical.HierarchicalTestExecutor.execute(HierarchicalTestExecutor.java:57) ~[junit-platform-engine-1.12.2.jar:1.12.2]
	at org.junit.platform.engine.support.hierarchical.HierarchicalTestEngine.execute(HierarchicalTestEngine.java:54) ~[junit-platform-engine-1.12.2.jar:1.12.2]
	at org.junit.platform.launcher.core.EngineExecutionOrchestrator.execute(EngineExecutionOrchestrator.java:201) ~[junit-platform-launcher-1.12.2.jar:1.12.2]
	at org.junit.platform.launcher.core.EngineExecutionOrchestrator.execute(EngineExecutionOrchestrator.java:170) ~[junit-platform-launcher-1.12.2.jar:1.12.2]
	at org.junit.platform.launcher.core.EngineExecutionOrchestrator.execute(EngineExecutionOrchestrator.java:94) ~[junit-platform-launcher-1.12.2.jar:1.12.2]
	at org.junit.platform.launcher.core.EngineExecutionOrchestrator.lambda$execute$0(EngineExecutionOrchestrator.java:59) ~[junit-platform-launcher-1.12.2.jar:1.12.2]
	at org.junit.platform.launcher.core.EngineExecutionOrchestrator.withInterceptedStreams(EngineExecutionOrchestrator.java:142) ~[junit-platform-launcher-1.12.2.jar:1.12.2]
	at org.junit.platform.launcher.core.EngineExecutionOrchestrator.execute(EngineExecutionOrchestrator.java:58) ~[junit-platform-launcher-1.12.2.jar:1.12.2]
	at org.junit.platform.launcher.core.DefaultLauncher.execute(DefaultLauncher.java:103) ~[junit-platform-launcher-1.12.2.jar:1.12.2]
	at org.junit.platform.launcher.core.DefaultLauncher.execute(DefaultLauncher.java:85) ~[junit-platform-launcher-1.12.2.jar:1.12.2]
	at org.junit.platform.launcher.core.DelegatingLauncher.execute(DelegatingLauncher.java:47) ~[junit-platform-launcher-1.12.2.jar:1.12.2]
	at org.junit.platform.launcher.core.InterceptingLauncher.lambda$execute$1(InterceptingLauncher.java:39) ~[junit-platform-launcher-1.12.2.jar:1.12.2]
	at org.junit.platform.launcher.core.ClasspathAlignmentCheckingLauncherInterceptor.intercept(ClasspathAlignmentCheckingLauncherInterceptor.java:25) [junit-platform-launcher-1.12.2.jar:1.12.2]
	at org.junit.platform.launcher.core.InterceptingLauncher.execute(InterceptingLauncher.java:38) [junit-platform-launcher-1.12.2.jar:1.12.2]
	at org.junit.platform.launcher.core.DelegatingLauncher.execute(DelegatingLauncher.java:47) [junit-platform-launcher-1.12.2.jar:1.12.2]
	at org.junit.platform.launcher.core.SessionPerRequestLauncher.execute(SessionPerRequestLauncher.java:63) [junit-platform-launcher-1.12.2.jar:1.12.2]
	at com.intellij.junit5.JUnit5IdeaTestRunner.startRunnerWithArgs(JUnit5IdeaTestRunner.java:57) [junit5-rt.jar:?]
	at com.intellij.rt.junit.IdeaTestRunner$Repeater$1.execute(IdeaTestRunner.java:38) [junit-rt.jar:?]
	at com.intellij.rt.execution.junit.TestsRepeater.repeat(TestsRepeater.java:11) [idea_rt.jar:?]
	at com.intellij.rt.junit.IdeaTestRunner$Repeater.startRunnerWithArgs(IdeaTestRunner.java:35) [junit-rt.jar:?]
	at com.intellij.rt.junit.JUnitStarter.prepareStreamsAndStart(JUnitStarter.java:231) [junit-rt.jar:?]
	at com.intellij.rt.junit.JUnitStarter.main(JUnitStarter.java:55) [junit-rt.jar:?]
2025-12-23 12:09:56 INFO  org.springframework.boot.devtools.restart.RestartApplicationListener - Restart disabled due to context in which it is running
2025-12-23 12:09:57 INFO  org.hibernate.validator.internal.util.Version - HV000001: Hibernate Validator 8.0.2.Final
2025-12-23 12:09:57 INFO  com.nihilent.BankingApplication.NihilentBank.controlllerTest.UpiControllerTest - Starting UpiControllerTest using Java 17.0.10 with PID 40896 (started by aniket.dhakate in C:\NihilentBankTestCases\BankingApplication)
2025-12-23 12:09:57 INFO  com.nihilent.BankingApplication.NihilentBank.controlllerTest.UpiControllerTest - The following 1 profile is active: "dev"
2025-12-23 12:10:06 WARN  org.springframework.boot.autoconfigure.security.servlet.UserDetailsServiceAutoConfiguration - 

Using generated security password: 350f7ec7-869b-4beb-933d-ddecde2b9331

This generated password is for development use only. Your security configuration must be updated before running your application in production.

2025-12-23 12:10:06 INFO  org.springframework.security.config.annotation.authentication.configuration.InitializeUserDetailsBeanManagerConfigurer$InitializeUserDetailsManagerConfigurer - Global AuthenticationManager configured with UserDetailsService bean with name inMemoryUserDetailsManager
2025-12-23 12:10:08 INFO  org.springframework.boot.test.mock.web.SpringBootMockServletContext - Initializing Spring TestDispatcherServlet ''
2025-12-23 12:10:08 INFO  org.springframework.test.web.servlet.TestDispatcherServlet - Initializing Servlet ''
2025-12-23 12:10:08 INFO  org.springframework.test.web.servlet.TestDispatcherServlet - Completed initialization in 93 ms
2025-12-23 12:10:09 INFO  com.nihilent.BankingApplication.NihilentBank.controlllerTest.UpiControllerTest - Started UpiControllerTest in 12.516 seconds (process running for 17.428)
2025-12-23 12:20:45 INFO  org.springframework.boot.devtools.restart.RestartApplicationListener - Restart disabled due to context in which it is running
2025-12-23 12:20:46 INFO  org.hibernate.validator.internal.util.Version - HV000001: Hibernate Validator 8.0.2.Final
2025-12-23 12:20:46 INFO  com.nihilent.BankingApplication.NihilentBank.controlllerTest.UpiControllerTest - Starting UpiControllerTest using Java 17.0.10 with PID 16168 (started by aniket.dhakate in C:\NihilentBankTestCases\BankingApplication)
2025-12-23 12:20:46 INFO  com.nihilent.BankingApplication.NihilentBank.controlllerTest.UpiControllerTest - The following 1 profile is active: "dev"
2025-12-23 12:20:54 WARN  org.springframework.boot.autoconfigure.security.servlet.UserDetailsServiceAutoConfiguration - 

Using generated security password: 9d6a542d-dd79-4f41-bb5c-d3895e9d0bb4

This generated password is for development use only. Your security configuration must be updated before running your application in production.

2025-12-23 12:20:54 INFO  org.springframework.security.config.annotation.authentication.configuration.InitializeUserDetailsBeanManagerConfigurer$InitializeUserDetailsManagerConfigurer - Global AuthenticationManager configured with UserDetailsService bean with name inMemoryUserDetailsManager
2025-12-23 12:20:55 INFO  org.springframework.boot.test.mock.web.SpringBootMockServletContext - Initializing Spring TestDispatcherServlet ''
2025-12-23 12:20:55 INFO  org.springframework.test.web.servlet.TestDispatcherServlet - Initializing Servlet ''
2025-12-23 12:20:55 INFO  org.springframework.test.web.servlet.TestDispatcherServlet - Completed initialization in 5 ms
2025-12-23 12:20:55 INFO  com.nihilent.BankingApplication.NihilentBank.controlllerTest.UpiControllerTest - Started UpiControllerTest in 9.993 seconds (process running for 17.685)
2025-12-23 12:21:19 INFO  org.springframework.boot.devtools.restart.RestartApplicationListener - Restart disabled due to context in which it is running
2025-12-23 12:21:20 INFO  org.hibernate.validator.internal.util.Version - HV000001: Hibernate Validator 8.0.2.Final
2025-12-23 12:21:21 INFO  com.nihilent.BankingApplication.NihilentBank.controlllerTest.DigitalBankControllerTest - Starting DigitalBankControllerTest using Java 17.0.10 with PID 8960 (started by aniket.dhakate in C:\NihilentBankTestCases\BankingApplication)
2025-12-23 12:21:21 INFO  com.nihilent.BankingApplication.NihilentBank.controlllerTest.DigitalBankControllerTest - The following 1 profile is active: "dev"
2025-12-23 12:21:31 WARN  org.springframework.boot.autoconfigure.security.servlet.UserDetailsServiceAutoConfiguration - 

Using generated security password: 37283d45-3e58-4300-aced-ea3ad2e306f5

This generated password is for development use only. Your security configuration must be updated before running your application in production.

2025-12-23 12:21:31 INFO  org.springframework.security.config.annotation.authentication.configuration.InitializeUserDetailsBeanManagerConfigurer$InitializeUserDetailsManagerConfigurer - Global AuthenticationManager configured with UserDetailsService bean with name inMemoryUserDetailsManager
2025-12-23 12:21:31 INFO  org.springframework.boot.test.mock.web.SpringBootMockServletContext - Initializing Spring TestDispatcherServlet ''
2025-12-23 12:21:31 INFO  org.springframework.test.web.servlet.TestDispatcherServlet - Initializing Servlet ''
2025-12-23 12:21:31 INFO  org.springframework.test.web.servlet.TestDispatcherServlet - Completed initialization in 4 ms
2025-12-23 12:21:32 INFO  com.nihilent.BankingApplication.NihilentBank.controlllerTest.DigitalBankControllerTest - Started DigitalBankControllerTest in 13.076 seconds (process running for 25.117)
2025-12-23 12:21:34 INFO  com.nihilent.bank.serviceimpl.TransactionServiceImpl - DEBIT SUCCESS
2025-12-23 12:21:34 INFO  com.nihilent.bank.serviceimpl.TransactionServiceImpl - CREDIT SUCCESS
2025-12-23 12:21:34 ERROR com.nihilent.bank.serviceimpl.TransactionServiceImpl - Insufficient Balance
2025-12-23 12:21:34 INFO  org.springframework.boot.devtools.restart.RestartApplicationListener - Restart disabled due to context in which it is running
2025-12-23 12:21:34 INFO  com.nihilent.BankingApplication.NihilentBank.controlllerTest.BankAccountControllerTest - Starting BankAccountControllerTest using Java 17.0.10 with PID 8960 (started by aniket.dhakate in C:\NihilentBankTestCases\BankingApplication)
2025-12-23 12:21:34 INFO  com.nihilent.BankingApplication.NihilentBank.controlllerTest.BankAccountControllerTest - The following 1 profile is active: "dev"
2025-12-23 12:21:36 WARN  org.springframework.boot.autoconfigure.security.servlet.UserDetailsServiceAutoConfiguration - 

Using generated security password: 78c56123-966b-4ed8-8f6e-4e8c81ea8740

This generated password is for development use only. Your security configuration must be updated before running your application in production.

2025-12-23 12:21:36 INFO  org.springframework.security.config.annotation.authentication.configuration.InitializeUserDetailsBeanManagerConfigurer$InitializeUserDetailsManagerConfigurer - Global AuthenticationManager configured with UserDetailsService bean with name inMemoryUserDetailsManager
2025-12-23 12:21:36 INFO  org.springframework.boot.test.mock.web.SpringBootMockServletContext - Initializing Spring TestDispatcherServlet ''
2025-12-23 12:21:36 INFO  org.springframework.test.web.servlet.TestDispatcherServlet - Initializing Servlet ''
2025-12-23 12:21:36 INFO  org.springframework.test.web.servlet.TestDispatcherServlet - Completed initialization in 1 ms
2025-12-23 12:21:36 INFO  com.nihilent.BankingApplication.NihilentBank.controlllerTest.BankAccountControllerTest - Started BankAccountControllerTest in 1.557 seconds (process running for 29.078)
2025-12-23 12:21:38 INFO  org.springframework.boot.devtools.restart.RestartApplicationListener - Restart disabled due to context in which it is running
2025-12-23 12:21:38 INFO  com.nihilent.BankingApplication.NihilentBank.controlllerTest.BeneficiaryAccountTest - Starting BeneficiaryAccountTest using Java 17.0.10 with PID 8960 (started by aniket.dhakate in C:\NihilentBankTestCases\BankingApplication)
2025-12-23 12:21:38 INFO  com.nihilent.BankingApplication.NihilentBank.controlllerTest.BeneficiaryAccountTest - The following 1 profile is active: "dev"
2025-12-23 12:21:40 WARN  org.springframework.boot.autoconfigure.security.servlet.UserDetailsServiceAutoConfiguration - 

Using generated security password: c40c41be-552e-46b3-8d72-a57204cc4600

This generated password is for development use only. Your security configuration must be updated before running your application in production.

2025-12-23 12:21:40 INFO  org.springframework.security.config.annotation.authentication.configuration.InitializeUserDetailsBeanManagerConfigurer$InitializeUserDetailsManagerConfigurer - Global AuthenticationManager configured with UserDetailsService bean with name inMemoryUserDetailsManager
2025-12-23 12:21:40 INFO  org.springframework.boot.test.mock.web.SpringBootMockServletContext - Initializing Spring TestDispatcherServlet ''
2025-12-23 12:21:40 INFO  org.springframework.test.web.servlet.TestDispatcherServlet - Initializing Servlet ''
2025-12-23 12:21:40 INFO  org.springframework.test.web.servlet.TestDispatcherServlet - Completed initialization in 2 ms
2025-12-23 12:21:40 INFO  com.nihilent.BankingApplication.NihilentBank.controlllerTest.BeneficiaryAccountTest - Started BeneficiaryAccountTest in 1.279 seconds (process running for 33.072)
2025-12-23 12:21:40 INFO  org.springframework.boot.devtools.restart.RestartApplicationListener - Restart disabled due to context in which it is running
2025-12-23 12:21:40 INFO  com.nihilent.BankingApplication.NihilentBank.controlllerTest.BillPaymentsControllerTest - Starting BillPaymentsControllerTest using Java 17.0.10 with PID 8960 (started by aniket.dhakate in C:\NihilentBankTestCases\BankingApplication)
2025-12-23 12:21:40 INFO  com.nihilent.BankingApplication.NihilentBank.controlllerTest.BillPaymentsControllerTest - The following 1 profile is active: "dev"
2025-12-23 12:21:41 WARN  org.springframework.boot.autoconfigure.security.servlet.UserDetailsServiceAutoConfiguration - 

Using generated security password: 2b69dc26-eeac-4e3c-bf9b-1c0d75e3e739

This generated password is for development use only. Your security configuration must be updated before running your application in production.

2025-12-23 12:21:41 INFO  org.springframework.security.config.annotation.authentication.configuration.InitializeUserDetailsBeanManagerConfigurer$InitializeUserDetailsManagerConfigurer - Global AuthenticationManager configured with UserDetailsService bean with name inMemoryUserDetailsManager
2025-12-23 12:21:41 INFO  org.springframework.boot.test.mock.web.SpringBootMockServletContext - Initializing Spring TestDispatcherServlet ''
2025-12-23 12:21:41 INFO  org.springframework.test.web.servlet.TestDispatcherServlet - Initializing Servlet ''
2025-12-23 12:21:41 INFO  org.springframework.test.web.servlet.TestDispatcherServlet - Completed initialization in 4 ms
2025-12-23 12:21:41 INFO  com.nihilent.BankingApplication.NihilentBank.controlllerTest.BillPaymentsControllerTest - Started BillPaymentsControllerTest in 1.185 seconds (process running for 34.581)
2025-12-23 12:21:41 INFO  org.springframework.boot.devtools.restart.RestartApplicationListener - Restart disabled due to context in which it is running
2025-12-23 12:21:42 INFO  com.nihilent.BankingApplication.NihilentBank.controlllerTest.LoanControllerTest - Starting LoanControllerTest using Java 17.0.10 with PID 8960 (started by aniket.dhakate in C:\NihilentBankTestCases\BankingApplication)
2025-12-23 12:21:42 INFO  com.nihilent.BankingApplication.NihilentBank.controlllerTest.LoanControllerTest - The following 1 profile is active: "dev"
2025-12-23 12:21:42 WARN  org.springframework.boot.autoconfigure.security.servlet.UserDetailsServiceAutoConfiguration - 

Using generated security password: 7965b5f0-955a-44f9-946d-c0a8300f2091

This generated password is for development use only. Your security configuration must be updated before running your application in production.

2025-12-23 12:21:42 INFO  org.springframework.security.config.annotation.authentication.configuration.InitializeUserDetailsBeanManagerConfigurer$InitializeUserDetailsManagerConfigurer - Global AuthenticationManager configured with UserDetailsService bean with name inMemoryUserDetailsManager
2025-12-23 12:21:42 INFO  org.springframework.boot.test.mock.web.SpringBootMockServletContext - Initializing Spring TestDispatcherServlet ''
2025-12-23 12:21:42 INFO  org.springframework.test.web.servlet.TestDispatcherServlet - Initializing Servlet ''
2025-12-23 12:21:42 INFO  org.springframework.test.web.servlet.TestDispatcherServlet - Completed initialization in 2 ms
2025-12-23 12:21:42 INFO  com.nihilent.BankingApplication.NihilentBank.controlllerTest.LoanControllerTest - Started LoanControllerTest in 0.933 seconds (process running for 35.808)
2025-12-23 12:21:43 WARN  com.nihilent.bank.serviceimpl.BeneficiaryAccountServiceImpl - Beneficiary Already Exists
2025-12-23 12:21:43 WARN  com.nihilent.bank.serviceimpl.BeneficiaryAccountServiceImpl - Beneficiary Not Found
2025-12-23 12:21:43 WARN  com.nihilent.bank.serviceimpl.BeneficiaryAccountServiceImpl - Beneficiary Not Found
2025-12-23 12:21:43 INFO  com.nihilent.bank.serviceimpl.BeneficiaryAccountServiceImpl - Beneficiary Deleted
2025-12-23 12:21:43 INFO  com.nihilent.bank.serviceimpl.BeneficiaryAccountServiceImpl - Beneficiary Added Successfully
2025-12-23 12:21:43 INFO  org.springframework.boot.devtools.restart.RestartApplicationListener - Restart disabled due to context in which it is running
2025-12-23 12:21:43 INFO  com.nihilent.BankingApplication.NihilentBank.controlllerTest.CreditCardControllerTest - Starting CreditCardControllerTest using Java 17.0.10 with PID 8960 (started by aniket.dhakate in C:\NihilentBankTestCases\BankingApplication)
2025-12-23 12:21:43 INFO  com.nihilent.BankingApplication.NihilentBank.controlllerTest.CreditCardControllerTest - The following 1 profile is active: "dev"
2025-12-23 12:21:44 WARN  org.springframework.boot.autoconfigure.security.servlet.UserDetailsServiceAutoConfiguration - 

Using generated security password: d5bd2417-2f29-4ece-b439-94c58b26058d

This generated password is for development use only. Your security configuration must be updated before running your application in production.

2025-12-23 12:21:44 INFO  org.springframework.security.config.annotation.authentication.configuration.InitializeUserDetailsBeanManagerConfigurer$InitializeUserDetailsManagerConfigurer - Global AuthenticationManager configured with UserDetailsService bean with name inMemoryUserDetailsManager
2025-12-23 12:21:44 INFO  org.springframework.boot.test.mock.web.SpringBootMockServletContext - Initializing Spring TestDispatcherServlet ''
2025-12-23 12:21:44 INFO  org.springframework.test.web.servlet.TestDispatcherServlet - Initializing Servlet ''
2025-12-23 12:21:44 INFO  org.springframework.test.web.servlet.TestDispatcherServlet - Completed initialization in 1 ms
2025-12-23 12:21:44 INFO  com.nihilent.BankingApplication.NihilentBank.controlllerTest.CreditCardControllerTest - Started CreditCardControllerTest in 0.964 seconds (process running for 37.283)
2025-12-23 12:21:44 INFO  org.springframework.boot.devtools.restart.RestartApplicationListener - Restart disabled due to context in which it is running
2025-12-23 12:21:44 INFO  com.nihilent.BankingApplication.NihilentBank.controlllerTest.UpiControllerTest - Starting UpiControllerTest using Java 17.0.10 with PID 8960 (started by aniket.dhakate in C:\NihilentBankTestCases\BankingApplication)
2025-12-23 12:21:44 INFO  com.nihilent.BankingApplication.NihilentBank.controlllerTest.UpiControllerTest - The following 1 profile is active: "dev"
2025-12-23 12:21:45 WARN  org.springframework.boot.autoconfigure.security.servlet.UserDetailsServiceAutoConfiguration - 

Using generated security password: 39d24b68-9a44-48f1-99c7-c4436218ce21

This generated password is for development use only. Your security configuration must be updated before running your application in production.

2025-12-23 12:21:45 INFO  org.springframework.security.config.annotation.authentication.configuration.InitializeUserDetailsBeanManagerConfigurer$InitializeUserDetailsManagerConfigurer - Global AuthenticationManager configured with UserDetailsService bean with name inMemoryUserDetailsManager
2025-12-23 12:21:45 INFO  org.springframework.boot.test.mock.web.SpringBootMockServletContext - Initializing Spring TestDispatcherServlet ''
2025-12-23 12:21:45 INFO  org.springframework.test.web.servlet.TestDispatcherServlet - Initializing Servlet ''
2025-12-23 12:21:45 INFO  org.springframework.test.web.servlet.TestDispatcherServlet - Completed initialization in 1 ms
2025-12-23 12:21:45 INFO  com.nihilent.BankingApplication.NihilentBank.controlllerTest.UpiControllerTest - Started UpiControllerTest in 0.696 seconds (process running for 38.134)
2025-12-23 12:21:45 INFO  com.nihilent.bank.serviceimpl.CreditCardServiceImpl - Request Sent
2025-12-23 12:21:46 INFO  org.springframework.boot.devtools.restart.RestartApplicationListener - Restart disabled due to context in which it is running
2025-12-23 12:21:46 INFO  com.nihilent.BankingApplication.NihilentBank.controlllerTest.CustomerControllerTest - Starting CustomerControllerTest using Java 17.0.10 with PID 8960 (started by aniket.dhakate in C:\NihilentBankTestCases\BankingApplication)
2025-12-23 12:21:46 INFO  com.nihilent.BankingApplication.NihilentBank.controlllerTest.CustomerControllerTest - The following 1 profile is active: "dev"
2025-12-23 12:21:46 WARN  org.springframework.boot.autoconfigure.security.servlet.UserDetailsServiceAutoConfiguration - 

Using generated security password: eafb6f6f-31ea-46e2-ba43-749f40f4fa3d

This generated password is for development use only. Your security configuration must be updated before running your application in production.

2025-12-23 12:21:46 INFO  org.springframework.security.config.annotation.authentication.configuration.InitializeUserDetailsBeanManagerConfigurer$InitializeUserDetailsManagerConfigurer - Global AuthenticationManager configured with UserDetailsService bean with name inMemoryUserDetailsManager
2025-12-23 12:21:46 INFO  org.springframework.boot.test.mock.web.SpringBootMockServletContext - Initializing Spring TestDispatcherServlet ''
2025-12-23 12:21:46 INFO  org.springframework.test.web.servlet.TestDispatcherServlet - Initializing Servlet ''
2025-12-23 12:21:46 INFO  org.springframework.test.web.servlet.TestDispatcherServlet - Completed initialization in 2 ms
2025-12-23 12:21:46 INFO  com.nihilent.BankingApplication.NihilentBank.controlllerTest.CustomerControllerTest - Started CustomerControllerTest in 0.973 seconds (process running for 39.915)
2025-12-23 12:21:47 INFO  com.nihilent.bank.serviceimpl.CustomerServiceImpl - Customer Registered Successfully
2025-12-23 12:21:47 ERROR com.nihilent.bank.serviceimpl.CustomerServiceImpl - null
2025-12-23 12:21:47 INFO  org.springframework.boot.devtools.restart.RestartApplicationListener - Restart disabled due to context in which it is running
2025-12-23 12:21:47 INFO  com.nihilent.BankingApplication.NihilentBank.controlllerTest.TransactionControllerTest - Starting TransactionControllerTest using Java 17.0.10 with PID 8960 (started by aniket.dhakate in C:\NihilentBankTestCases\BankingApplication)
2025-12-23 12:21:47 INFO  com.nihilent.BankingApplication.NihilentBank.controlllerTest.TransactionControllerTest - The following 1 profile is active: "dev"
2025-12-23 12:21:48 WARN  org.springframework.boot.autoconfigure.security.servlet.UserDetailsServiceAutoConfiguration - 

Using generated security password: 83c2c6a1-5116-44c0-acd3-dc6ed0c6560b

This generated password is for development use only. Your security configuration must be updated before running your application in production.

2025-12-23 12:21:48 INFO  org.springframework.security.config.annotation.authentication.configuration.InitializeUserDetailsBeanManagerConfigurer$InitializeUserDetailsManagerConfigurer - Global AuthenticationManager configured with UserDetailsService bean with name inMemoryUserDetailsManager
2025-12-23 12:21:48 INFO  org.springframework.boot.test.mock.web.SpringBootMockServletContext - Initializing Spring TestDispatcherServlet ''
2025-12-23 12:21:48 INFO  org.springframework.test.web.servlet.TestDispatcherServlet - Initializing Servlet ''
2025-12-23 12:21:48 INFO  org.springframework.test.web.servlet.TestDispatcherServlet - Completed initialization in 1 ms
2025-12-23 12:21:48 INFO  com.nihilent.BankingApplication.NihilentBank.controlllerTest.TransactionControllerTest - Started TransactionControllerTest in 1.127 seconds (process running for 41.88)
2025-12-23 12:39:12 INFO  org.springframework.boot.devtools.restart.RestartApplicationListener - Restart disabled due to context in which it is running
2025-12-23 12:39:13 INFO  org.hibernate.validator.internal.util.Version - HV000001: Hibernate Validator 8.0.2.Final
2025-12-23 12:39:14 INFO  com.nihilent.BankingApplication.NihilentBank.controlllerTest.DigitalBankControllerTest - Starting DigitalBankControllerTest using Java 17.0.10 with PID 27652 (started by aniket.dhakate in C:\NihilentBankTestCases\BankingApplication)
2025-12-23 12:39:14 INFO  com.nihilent.BankingApplication.NihilentBank.controlllerTest.DigitalBankControllerTest - The following 1 profile is active: "dev"
2025-12-23 12:39:26 WARN  org.springframework.boot.autoconfigure.security.servlet.UserDetailsServiceAutoConfiguration - 

Using generated security password: 65be1489-fb5d-41b0-9936-734111c02c20

This generated password is for development use only. Your security configuration must be updated before running your application in production.

2025-12-23 12:39:26 INFO  org.springframework.security.config.annotation.authentication.configuration.InitializeUserDetailsBeanManagerConfigurer$InitializeUserDetailsManagerConfigurer - Global AuthenticationManager configured with UserDetailsService bean with name inMemoryUserDetailsManager
2025-12-23 12:39:27 INFO  org.springframework.boot.test.mock.web.SpringBootMockServletContext - Initializing Spring TestDispatcherServlet ''
2025-12-23 12:39:27 INFO  org.springframework.test.web.servlet.TestDispatcherServlet - Initializing Servlet ''
2025-12-23 12:39:27 INFO  org.springframework.test.web.servlet.TestDispatcherServlet - Completed initialization in 4 ms
2025-12-23 12:39:27 INFO  com.nihilent.BankingApplication.NihilentBank.controlllerTest.DigitalBankControllerTest - Started DigitalBankControllerTest in 15.512 seconds (process running for 26.087)
2025-12-23 12:39:29 INFO  com.nihilent.bank.serviceimpl.TransactionServiceImpl - DEBIT SUCCESS
2025-12-23 12:39:29 INFO  com.nihilent.bank.serviceimpl.TransactionServiceImpl - CREDIT SUCCESS
2025-12-23 12:39:29 ERROR com.nihilent.bank.serviceimpl.TransactionServiceImpl - Insufficient Balance
2025-12-23 12:39:29 INFO  org.springframework.boot.devtools.restart.RestartApplicationListener - Restart disabled due to context in which it is running
2025-12-23 12:39:29 INFO  com.nihilent.BankingApplication.NihilentBank.controlllerTest.BankAccountControllerTest - Starting BankAccountControllerTest using Java 17.0.10 with PID 27652 (started by aniket.dhakate in C:\NihilentBankTestCases\BankingApplication)
2025-12-23 12:39:29 INFO  com.nihilent.BankingApplication.NihilentBank.controlllerTest.BankAccountControllerTest - The following 1 profile is active: "dev"
2025-12-23 12:39:30 WARN  org.springframework.boot.autoconfigure.security.servlet.UserDetailsServiceAutoConfiguration - 

Using generated security password: 7c3643a9-c4d1-455c-8b3c-df7fbf6cb370

This generated password is for development use only. Your security configuration must be updated before running your application in production.

2025-12-23 12:39:30 INFO  org.springframework.security.config.annotation.authentication.configuration.InitializeUserDetailsBeanManagerConfigurer$InitializeUserDetailsManagerConfigurer - Global AuthenticationManager configured with UserDetailsService bean with name inMemoryUserDetailsManager
2025-12-23 12:39:30 INFO  org.springframework.boot.test.mock.web.SpringBootMockServletContext - Initializing Spring TestDispatcherServlet ''
2025-12-23 12:39:30 INFO  org.springframework.test.web.servlet.TestDispatcherServlet - Initializing Servlet ''
2025-12-23 12:39:30 INFO  org.springframework.test.web.servlet.TestDispatcherServlet - Completed initialization in 1 ms
2025-12-23 12:39:30 INFO  com.nihilent.BankingApplication.NihilentBank.controlllerTest.BankAccountControllerTest - Started BankAccountControllerTest in 1.13 seconds (process running for 29.398)
2025-12-23 12:39:33 INFO  org.springframework.boot.devtools.restart.RestartApplicationListener - Restart disabled due to context in which it is running
2025-12-23 12:39:33 INFO  com.nihilent.BankingApplication.NihilentBank.controlllerTest.BeneficiaryAccountTest - Starting BeneficiaryAccountTest using Java 17.0.10 with PID 27652 (started by aniket.dhakate in C:\NihilentBankTestCases\BankingApplication)
2025-12-23 12:39:33 INFO  com.nihilent.BankingApplication.NihilentBank.controlllerTest.BeneficiaryAccountTest - The following 1 profile is active: "dev"
2025-12-23 12:39:34 WARN  org.springframework.boot.autoconfigure.security.servlet.UserDetailsServiceAutoConfiguration - 

Using generated security password: 61be9938-8cd2-4e7d-bbd4-fbe9cfdbffc0

This generated password is for development use only. Your security configuration must be updated before running your application in production.

2025-12-23 12:39:34 INFO  org.springframework.security.config.annotation.authentication.configuration.InitializeUserDetailsBeanManagerConfigurer$InitializeUserDetailsManagerConfigurer - Global AuthenticationManager configured with UserDetailsService bean with name inMemoryUserDetailsManager
2025-12-23 12:39:34 INFO  org.springframework.boot.test.mock.web.SpringBootMockServletContext - Initializing Spring TestDispatcherServlet ''
2025-12-23 12:39:34 INFO  org.springframework.test.web.servlet.TestDispatcherServlet - Initializing Servlet ''
2025-12-23 12:39:34 INFO  org.springframework.test.web.servlet.TestDispatcherServlet - Completed initialization in 1 ms
2025-12-23 12:39:34 INFO  com.nihilent.BankingApplication.NihilentBank.controlllerTest.BeneficiaryAccountTest - Started BeneficiaryAccountTest in 1.383 seconds (process running for 33.389)
2025-12-23 12:39:35 INFO  org.springframework.boot.devtools.restart.RestartApplicationListener - Restart disabled due to context in which it is running
2025-12-23 12:39:35 INFO  com.nihilent.BankingApplication.NihilentBank.controlllerTest.BillPaymentsControllerTest - Starting BillPaymentsControllerTest using Java 17.0.10 with PID 27652 (started by aniket.dhakate in C:\NihilentBankTestCases\BankingApplication)
2025-12-23 12:39:35 INFO  com.nihilent.BankingApplication.NihilentBank.controlllerTest.BillPaymentsControllerTest - The following 1 profile is active: "dev"
2025-12-23 12:39:36 WARN  org.springframework.boot.autoconfigure.security.servlet.UserDetailsServiceAutoConfiguration - 

Using generated security password: 047b2461-29d7-4dde-89e8-d3d0e6783d60

This generated password is for development use only. Your security configuration must be updated before running your application in production.

2025-12-23 12:39:36 INFO  org.springframework.security.config.annotation.authentication.configuration.InitializeUserDetailsBeanManagerConfigurer$InitializeUserDetailsManagerConfigurer - Global AuthenticationManager configured with UserDetailsService bean with name inMemoryUserDetailsManager
2025-12-23 12:39:36 INFO  org.springframework.boot.test.mock.web.SpringBootMockServletContext - Initializing Spring TestDispatcherServlet ''
2025-12-23 12:39:36 INFO  org.springframework.test.web.servlet.TestDispatcherServlet - Initializing Servlet ''
2025-12-23 12:39:36 INFO  org.springframework.test.web.servlet.TestDispatcherServlet - Completed initialization in 0 ms
2025-12-23 12:39:36 INFO  com.nihilent.BankingApplication.NihilentBank.controlllerTest.BillPaymentsControllerTest - Started BillPaymentsControllerTest in 0.953 seconds (process running for 34.654)
2025-12-23 12:39:36 INFO  org.springframework.boot.devtools.restart.RestartApplicationListener - Restart disabled due to context in which it is running
2025-12-23 12:39:36 INFO  com.nihilent.BankingApplication.NihilentBank.controlllerTest.LoanControllerTest - Starting LoanControllerTest using Java 17.0.10 with PID 27652 (started by aniket.dhakate in C:\NihilentBankTestCases\BankingApplication)
2025-12-23 12:39:36 INFO  com.nihilent.BankingApplication.NihilentBank.controlllerTest.LoanControllerTest - The following 1 profile is active: "dev"
2025-12-23 12:39:37 WARN  org.springframework.boot.autoconfigure.security.servlet.UserDetailsServiceAutoConfiguration - 

Using generated security password: 20604c53-e7d5-4cb5-8d1d-0a0f7a391d9f

This generated password is for development use only. Your security configuration must be updated before running your application in production.

2025-12-23 12:39:37 INFO  org.springframework.security.config.annotation.authentication.configuration.InitializeUserDetailsBeanManagerConfigurer$InitializeUserDetailsManagerConfigurer - Global AuthenticationManager configured with UserDetailsService bean with name inMemoryUserDetailsManager
2025-12-23 12:39:37 INFO  org.springframework.boot.test.mock.web.SpringBootMockServletContext - Initializing Spring TestDispatcherServlet ''
2025-12-23 12:39:37 INFO  org.springframework.test.web.servlet.TestDispatcherServlet - Initializing Servlet ''
2025-12-23 12:39:37 INFO  org.springframework.test.web.servlet.TestDispatcherServlet - Completed initialization in 1 ms
2025-12-23 12:39:37 INFO  com.nihilent.BankingApplication.NihilentBank.controlllerTest.LoanControllerTest - Started LoanControllerTest in 0.911 seconds (process running for 35.84)
2025-12-23 12:39:37 WARN  com.nihilent.bank.serviceimpl.BeneficiaryAccountServiceImpl - Beneficiary Already Exists
2025-12-23 12:39:37 WARN  com.nihilent.bank.serviceimpl.BeneficiaryAccountServiceImpl - Beneficiary Not Found
2025-12-23 12:39:37 WARN  com.nihilent.bank.serviceimpl.BeneficiaryAccountServiceImpl - Beneficiary Not Found
2025-12-23 12:39:37 INFO  com.nihilent.bank.serviceimpl.BeneficiaryAccountServiceImpl - Beneficiary Deleted
2025-12-23 12:39:37 INFO  com.nihilent.bank.serviceimpl.BeneficiaryAccountServiceImpl - Beneficiary Added Successfully
2025-12-23 12:39:37 INFO  org.springframework.boot.devtools.restart.RestartApplicationListener - Restart disabled due to context in which it is running
2025-12-23 12:39:37 INFO  com.nihilent.BankingApplication.NihilentBank.controlllerTest.CreditCardControllerTest - Starting CreditCardControllerTest using Java 17.0.10 with PID 27652 (started by aniket.dhakate in C:\NihilentBankTestCases\BankingApplication)
2025-12-23 12:39:37 INFO  com.nihilent.BankingApplication.NihilentBank.controlllerTest.CreditCardControllerTest - The following 1 profile is active: "dev"
2025-12-23 12:39:39 WARN  org.springframework.boot.autoconfigure.security.servlet.UserDetailsServiceAutoConfiguration - 

Using generated security password: 02e083a1-fb71-4540-9c35-3eb1712f1de4

This generated password is for development use only. Your security configuration must be updated before running your application in production.

2025-12-23 12:39:39 INFO  org.springframework.security.config.annotation.authentication.configuration.InitializeUserDetailsBeanManagerConfigurer$InitializeUserDetailsManagerConfigurer - Global AuthenticationManager configured with UserDetailsService bean with name inMemoryUserDetailsManager
2025-12-23 12:39:39 INFO  org.springframework.boot.test.mock.web.SpringBootMockServletContext - Initializing Spring TestDispatcherServlet ''
2025-12-23 12:39:39 INFO  org.springframework.test.web.servlet.TestDispatcherServlet - Initializing Servlet ''
2025-12-23 12:39:39 INFO  org.springframework.test.web.servlet.TestDispatcherServlet - Completed initialization in 5 ms
2025-12-23 12:39:39 INFO  com.nihilent.BankingApplication.NihilentBank.controlllerTest.CreditCardControllerTest - Started CreditCardControllerTest in 1.286 seconds (process running for 37.635)
2025-12-23 12:39:39 INFO  org.springframework.boot.devtools.restart.RestartApplicationListener - Restart disabled due to context in which it is running
2025-12-23 12:39:39 INFO  com.nihilent.BankingApplication.NihilentBank.controlllerTest.UpiControllerTest - Starting UpiControllerTest using Java 17.0.10 with PID 27652 (started by aniket.dhakate in C:\NihilentBankTestCases\BankingApplication)
2025-12-23 12:39:39 INFO  com.nihilent.BankingApplication.NihilentBank.controlllerTest.UpiControllerTest - The following 1 profile is active: "dev"
2025-12-23 12:39:40 WARN  org.springframework.boot.autoconfigure.security.servlet.UserDetailsServiceAutoConfiguration - 

Using generated security password: 56a32364-488f-44e3-9cad-e428c6f9b332

This generated password is for development use only. Your security configuration must be updated before running your application in production.

2025-12-23 12:39:40 INFO  org.springframework.security.config.annotation.authentication.configuration.InitializeUserDetailsBeanManagerConfigurer$InitializeUserDetailsManagerConfigurer - Global AuthenticationManager configured with UserDetailsService bean with name inMemoryUserDetailsManager
2025-12-23 12:39:40 INFO  org.springframework.boot.test.mock.web.SpringBootMockServletContext - Initializing Spring TestDispatcherServlet ''
2025-12-23 12:39:40 INFO  org.springframework.test.web.servlet.TestDispatcherServlet - Initializing Servlet ''
2025-12-23 12:39:40 INFO  org.springframework.test.web.servlet.TestDispatcherServlet - Completed initialization in 1 ms
2025-12-23 12:39:40 INFO  com.nihilent.BankingApplication.NihilentBank.controlllerTest.UpiControllerTest - Started UpiControllerTest in 1.454 seconds (process running for 39.44)
2025-12-23 12:39:42 INFO  com.nihilent.bank.serviceimpl.CreditCardServiceImpl - Request Sent
2025-12-23 12:39:42 INFO  org.springframework.boot.devtools.restart.RestartApplicationListener - Restart disabled due to context in which it is running
2025-12-23 12:39:42 INFO  com.nihilent.BankingApplication.NihilentBank.controlllerTest.CustomerControllerTest - Starting CustomerControllerTest using Java 17.0.10 with PID 27652 (started by aniket.dhakate in C:\NihilentBankTestCases\BankingApplication)
2025-12-23 12:39:42 INFO  com.nihilent.BankingApplication.NihilentBank.controlllerTest.CustomerControllerTest - The following 1 profile is active: "dev"
2025-12-23 12:39:42 WARN  org.springframework.boot.autoconfigure.security.servlet.UserDetailsServiceAutoConfiguration - 

Using generated security password: b8ec330b-b9df-44b1-a369-1e26c71154c5

This generated password is for development use only. Your security configuration must be updated before running your application in production.

2025-12-23 12:39:42 INFO  org.springframework.security.config.annotation.authentication.configuration.InitializeUserDetailsBeanManagerConfigurer$InitializeUserDetailsManagerConfigurer - Global AuthenticationManager configured with UserDetailsService bean with name inMemoryUserDetailsManager
2025-12-23 12:39:43 INFO  org.springframework.boot.test.mock.web.SpringBootMockServletContext - Initializing Spring TestDispatcherServlet ''
2025-12-23 12:39:43 INFO  org.springframework.test.web.servlet.TestDispatcherServlet - Initializing Servlet ''
2025-12-23 12:39:43 INFO  org.springframework.test.web.servlet.TestDispatcherServlet - Completed initialization in 1 ms
2025-12-23 12:39:43 INFO  com.nihilent.BankingApplication.NihilentBank.controlllerTest.CustomerControllerTest - Started CustomerControllerTest in 0.852 seconds (process running for 41.5)
2025-12-23 12:39:43 INFO  com.nihilent.bank.serviceimpl.CustomerServiceImpl - Customer Registered Successfully
2025-12-23 12:39:43 ERROR com.nihilent.bank.serviceimpl.CustomerServiceImpl - null
2025-12-23 12:39:43 INFO  org.springframework.boot.devtools.restart.RestartApplicationListener - Restart disabled due to context in which it is running
2025-12-23 12:39:43 INFO  com.nihilent.BankingApplication.NihilentBank.controlllerTest.TransactionControllerTest - Starting TransactionControllerTest using Java 17.0.10 with PID 27652 (started by aniket.dhakate in C:\NihilentBankTestCases\BankingApplication)
2025-12-23 12:39:43 INFO  com.nihilent.BankingApplication.NihilentBank.controlllerTest.TransactionControllerTest - The following 1 profile is active: "dev"
2025-12-23 12:39:44 WARN  org.springframework.boot.autoconfigure.security.servlet.UserDetailsServiceAutoConfiguration - 

Using generated security password: ff3cdad2-9b0c-4f66-a47b-26905d8eb09a

This generated password is for development use only. Your security configuration must be updated before running your application in production.

2025-12-23 12:39:44 INFO  org.springframework.security.config.annotation.authentication.configuration.InitializeUserDetailsBeanManagerConfigurer$InitializeUserDetailsManagerConfigurer - Global AuthenticationManager configured with UserDetailsService bean with name inMemoryUserDetailsManager
2025-12-23 12:39:44 INFO  org.springframework.boot.test.mock.web.SpringBootMockServletContext - Initializing Spring TestDispatcherServlet ''
2025-12-23 12:39:44 INFO  org.springframework.test.web.servlet.TestDispatcherServlet - Initializing Servlet ''
2025-12-23 12:39:44 INFO  org.springframework.test.web.servlet.TestDispatcherServlet - Completed initialization in 1 ms
2025-12-23 12:39:44 INFO  com.nihilent.BankingApplication.NihilentBank.controlllerTest.TransactionControllerTest - Started TransactionControllerTest in 0.775 seconds (process running for 42.912)
2025-12-23 12:40:59 INFO  org.springframework.boot.devtools.restart.RestartApplicationListener - Restart disabled due to context in which it is running
2025-12-23 12:41:01 INFO  org.hibernate.validator.internal.util.Version - HV000001: Hibernate Validator 8.0.2.Final
2025-12-23 12:41:02 INFO  com.nihilent.BankingApplication.NihilentBank.controlllerTest.DigitalBankControllerTest - Starting DigitalBankControllerTest using Java 17.0.10 with PID 35264 (started by aniket.dhakate in C:\NihilentBankTestCases\BankingApplication)
2025-12-23 12:41:02 INFO  com.nihilent.BankingApplication.NihilentBank.controlllerTest.DigitalBankControllerTest - The following 1 profile is active: "dev"
2025-12-23 12:41:14 WARN  org.springframework.boot.autoconfigure.security.servlet.UserDetailsServiceAutoConfiguration - 

Using generated security password: e0b3510f-9086-4715-a909-7f30f4ad886c

This generated password is for development use only. Your security configuration must be updated before running your application in production.

2025-12-23 12:41:14 INFO  org.springframework.security.config.annotation.authentication.configuration.InitializeUserDetailsBeanManagerConfigurer$InitializeUserDetailsManagerConfigurer - Global AuthenticationManager configured with UserDetailsService bean with name inMemoryUserDetailsManager
2025-12-23 12:41:15 INFO  org.springframework.boot.test.mock.web.SpringBootMockServletContext - Initializing Spring TestDispatcherServlet ''
2025-12-23 12:41:15 INFO  org.springframework.test.web.servlet.TestDispatcherServlet - Initializing Servlet ''
2025-12-23 12:41:15 INFO  org.springframework.test.web.servlet.TestDispatcherServlet - Completed initialization in 3 ms
2025-12-23 12:41:15 INFO  com.nihilent.BankingApplication.NihilentBank.controlllerTest.DigitalBankControllerTest - Started DigitalBankControllerTest in 16.415 seconds (process running for 25.484)
2025-12-23 12:41:18 INFO  com.nihilent.bank.serviceimpl.TransactionServiceImpl - DEBIT SUCCESS
2025-12-23 12:41:18 INFO  com.nihilent.bank.serviceimpl.TransactionServiceImpl - CREDIT SUCCESS
2025-12-23 12:41:18 ERROR com.nihilent.bank.serviceimpl.TransactionServiceImpl - Insufficient Balance
2025-12-23 12:41:18 INFO  org.springframework.boot.devtools.restart.RestartApplicationListener - Restart disabled due to context in which it is running
2025-12-23 12:41:18 INFO  com.nihilent.BankingApplication.NihilentBank.controlllerTest.BankAccountControllerTest - Starting BankAccountControllerTest using Java 17.0.10 with PID 35264 (started by aniket.dhakate in C:\NihilentBankTestCases\BankingApplication)
2025-12-23 12:41:18 INFO  com.nihilent.BankingApplication.NihilentBank.controlllerTest.BankAccountControllerTest - The following 1 profile is active: "dev"
2025-12-23 12:41:19 WARN  org.springframework.boot.autoconfigure.security.servlet.UserDetailsServiceAutoConfiguration - 

Using generated security password: 7a53ee6b-0f70-4d79-b612-6e10304f1b8f

This generated password is for development use only. Your security configuration must be updated before running your application in production.

2025-12-23 12:41:19 INFO  org.springframework.security.config.annotation.authentication.configuration.InitializeUserDetailsBeanManagerConfigurer$InitializeUserDetailsManagerConfigurer - Global AuthenticationManager configured with UserDetailsService bean with name inMemoryUserDetailsManager
2025-12-23 12:41:20 INFO  org.springframework.boot.test.mock.web.SpringBootMockServletContext - Initializing Spring TestDispatcherServlet ''
2025-12-23 12:41:20 INFO  org.springframework.test.web.servlet.TestDispatcherServlet - Initializing Servlet ''
2025-12-23 12:41:20 INFO  org.springframework.test.web.servlet.TestDispatcherServlet - Completed initialization in 2 ms
2025-12-23 12:41:20 INFO  com.nihilent.BankingApplication.NihilentBank.controlllerTest.BankAccountControllerTest - Started BankAccountControllerTest in 1.671 seconds (process running for 29.712)
2025-12-23 12:41:22 INFO  org.springframework.boot.devtools.restart.RestartApplicationListener - Restart disabled due to context in which it is running
2025-12-23 12:41:22 INFO  com.nihilent.BankingApplication.NihilentBank.controlllerTest.BeneficiaryAccountTest - Starting BeneficiaryAccountTest using Java 17.0.10 with PID 35264 (started by aniket.dhakate in C:\NihilentBankTestCases\BankingApplication)
2025-12-23 12:41:22 INFO  com.nihilent.BankingApplication.NihilentBank.controlllerTest.BeneficiaryAccountTest - The following 1 profile is active: "dev"
2025-12-23 12:41:23 WARN  org.springframework.boot.autoconfigure.security.servlet.UserDetailsServiceAutoConfiguration - 

Using generated security password: 9e1bf778-3302-4932-8654-9bfa794cc184

This generated password is for development use only. Your security configuration must be updated before running your application in production.

2025-12-23 12:41:23 INFO  org.springframework.security.config.annotation.authentication.configuration.InitializeUserDetailsBeanManagerConfigurer$InitializeUserDetailsManagerConfigurer - Global AuthenticationManager configured with UserDetailsService bean with name inMemoryUserDetailsManager
2025-12-23 12:41:23 INFO  org.springframework.boot.test.mock.web.SpringBootMockServletContext - Initializing Spring TestDispatcherServlet ''
2025-12-23 12:41:23 INFO  org.springframework.test.web.servlet.TestDispatcherServlet - Initializing Servlet ''
2025-12-23 12:41:23 INFO  org.springframework.test.web.servlet.TestDispatcherServlet - Completed initialization in 1 ms
2025-12-23 12:41:23 INFO  com.nihilent.BankingApplication.NihilentBank.controlllerTest.BeneficiaryAccountTest - Started BeneficiaryAccountTest in 0.944 seconds (process running for 33.314)
2025-12-23 12:41:23 INFO  org.springframework.boot.devtools.restart.RestartApplicationListener - Restart disabled due to context in which it is running
2025-12-23 12:41:24 INFO  com.nihilent.BankingApplication.NihilentBank.controlllerTest.BillPaymentsControllerTest - Starting BillPaymentsControllerTest using Java 17.0.10 with PID 35264 (started by aniket.dhakate in C:\NihilentBankTestCases\BankingApplication)
2025-12-23 12:41:24 INFO  com.nihilent.BankingApplication.NihilentBank.controlllerTest.BillPaymentsControllerTest - The following 1 profile is active: "dev"
2025-12-23 12:41:24 WARN  org.springframework.boot.autoconfigure.security.servlet.UserDetailsServiceAutoConfiguration - 

Using generated security password: 5348e077-d6f5-4813-ad79-867b27a0969a

This generated password is for development use only. Your security configuration must be updated before running your application in production.

2025-12-23 12:41:24 INFO  org.springframework.security.config.annotation.authentication.configuration.InitializeUserDetailsBeanManagerConfigurer$InitializeUserDetailsManagerConfigurer - Global AuthenticationManager configured with UserDetailsService bean with name inMemoryUserDetailsManager
2025-12-23 12:41:24 INFO  org.springframework.boot.test.mock.web.SpringBootMockServletContext - Initializing Spring TestDispatcherServlet ''
2025-12-23 12:41:24 INFO  org.springframework.test.web.servlet.TestDispatcherServlet - Initializing Servlet ''
2025-12-23 12:41:24 INFO  org.springframework.test.web.servlet.TestDispatcherServlet - Completed initialization in 1 ms
2025-12-23 12:41:24 INFO  com.nihilent.BankingApplication.NihilentBank.controlllerTest.BillPaymentsControllerTest - Started BillPaymentsControllerTest in 0.934 seconds (process running for 34.51)
2025-12-23 12:41:25 INFO  org.springframework.boot.devtools.restart.RestartApplicationListener - Restart disabled due to context in which it is running
2025-12-23 12:41:25 INFO  com.nihilent.BankingApplication.NihilentBank.controlllerTest.LoanControllerTest - Starting LoanControllerTest using Java 17.0.10 with PID 35264 (started by aniket.dhakate in C:\NihilentBankTestCases\BankingApplication)
2025-12-23 12:41:25 INFO  com.nihilent.BankingApplication.NihilentBank.controlllerTest.LoanControllerTest - The following 1 profile is active: "dev"
2025-12-23 12:41:25 WARN  org.springframework.boot.autoconfigure.security.servlet.UserDetailsServiceAutoConfiguration - 

Using generated security password: 60ecc65a-ecdf-4130-a474-371dcaab6fd7

This generated password is for development use only. Your security configuration must be updated before running your application in production.

2025-12-23 12:41:25 INFO  org.springframework.security.config.annotation.authentication.configuration.InitializeUserDetailsBeanManagerConfigurer$InitializeUserDetailsManagerConfigurer - Global AuthenticationManager configured with UserDetailsService bean with name inMemoryUserDetailsManager
2025-12-23 12:41:26 INFO  org.springframework.boot.test.mock.web.SpringBootMockServletContext - Initializing Spring TestDispatcherServlet ''
2025-12-23 12:41:26 INFO  org.springframework.test.web.servlet.TestDispatcherServlet - Initializing Servlet ''
2025-12-23 12:41:26 INFO  org.springframework.test.web.servlet.TestDispatcherServlet - Completed initialization in 1 ms
2025-12-23 12:41:26 INFO  com.nihilent.BankingApplication.NihilentBank.controlllerTest.LoanControllerTest - Started LoanControllerTest in 0.949 seconds (process running for 35.672)
2025-12-23 12:41:26 WARN  com.nihilent.bank.serviceimpl.BeneficiaryAccountServiceImpl - Beneficiary Already Exists
2025-12-23 12:41:26 WARN  com.nihilent.bank.serviceimpl.BeneficiaryAccountServiceImpl - Beneficiary Not Found
2025-12-23 12:41:26 WARN  com.nihilent.bank.serviceimpl.BeneficiaryAccountServiceImpl - Beneficiary Not Found
2025-12-23 12:41:26 INFO  com.nihilent.bank.serviceimpl.BeneficiaryAccountServiceImpl - Beneficiary Deleted
2025-12-23 12:41:26 INFO  com.nihilent.bank.serviceimpl.BeneficiaryAccountServiceImpl - Beneficiary Added Successfully
2025-12-23 12:41:26 INFO  org.springframework.boot.devtools.restart.RestartApplicationListener - Restart disabled due to context in which it is running
2025-12-23 12:41:26 INFO  com.nihilent.BankingApplication.NihilentBank.controlllerTest.CreditCardControllerTest - Starting CreditCardControllerTest using Java 17.0.10 with PID 35264 (started by aniket.dhakate in C:\NihilentBankTestCases\BankingApplication)
2025-12-23 12:41:26 INFO  com.nihilent.BankingApplication.NihilentBank.controlllerTest.CreditCardControllerTest - The following 1 profile is active: "dev"
2025-12-23 12:41:27 WARN  org.springframework.boot.autoconfigure.security.servlet.UserDetailsServiceAutoConfiguration - 

Using generated security password: b1df0854-528c-45b5-9b71-4456fe566808

This generated password is for development use only. Your security configuration must be updated before running your application in production.

2025-12-23 12:41:27 INFO  org.springframework.security.config.annotation.authentication.configuration.InitializeUserDetailsBeanManagerConfigurer$InitializeUserDetailsManagerConfigurer - Global AuthenticationManager configured with UserDetailsService bean with name inMemoryUserDetailsManager
2025-12-23 12:41:27 INFO  org.springframework.boot.test.mock.web.SpringBootMockServletContext - Initializing Spring TestDispatcherServlet ''
2025-12-23 12:41:27 INFO  org.springframework.test.web.servlet.TestDispatcherServlet - Initializing Servlet ''
2025-12-23 12:41:27 INFO  org.springframework.test.web.servlet.TestDispatcherServlet - Completed initialization in 3 ms
2025-12-23 12:41:27 INFO  com.nihilent.BankingApplication.NihilentBank.controlllerTest.CreditCardControllerTest - Started CreditCardControllerTest in 1.173 seconds (process running for 37.505)
2025-12-23 12:41:28 INFO  org.springframework.boot.devtools.restart.RestartApplicationListener - Restart disabled due to context in which it is running
2025-12-23 12:41:28 INFO  com.nihilent.BankingApplication.NihilentBank.controlllerTest.UpiControllerTest - Starting UpiControllerTest using Java 17.0.10 with PID 35264 (started by aniket.dhakate in C:\NihilentBankTestCases\BankingApplication)
2025-12-23 12:41:28 INFO  com.nihilent.BankingApplication.NihilentBank.controlllerTest.UpiControllerTest - The following 1 profile is active: "dev"
2025-12-23 12:41:28 WARN  org.springframework.boot.autoconfigure.security.servlet.UserDetailsServiceAutoConfiguration - 

Using generated security password: c696a3dd-2219-420a-be02-c016a31b2165

This generated password is for development use only. Your security configuration must be updated before running your application in production.

2025-12-23 12:41:28 INFO  org.springframework.security.config.annotation.authentication.configuration.InitializeUserDetailsBeanManagerConfigurer$InitializeUserDetailsManagerConfigurer - Global AuthenticationManager configured with UserDetailsService bean with name inMemoryUserDetailsManager
2025-12-23 12:41:28 INFO  org.springframework.boot.test.mock.web.SpringBootMockServletContext - Initializing Spring TestDispatcherServlet ''
2025-12-23 12:41:28 INFO  org.springframework.test.web.servlet.TestDispatcherServlet - Initializing Servlet ''
2025-12-23 12:41:28 INFO  org.springframework.test.web.servlet.TestDispatcherServlet - Completed initialization in 1 ms
2025-12-23 12:41:28 INFO  com.nihilent.BankingApplication.NihilentBank.controlllerTest.UpiControllerTest - Started UpiControllerTest in 0.742 seconds (process running for 38.552)
2025-12-23 12:41:29 INFO  com.nihilent.bank.serviceimpl.CreditCardServiceImpl - Request Sent
2025-12-23 12:41:30 INFO  org.springframework.boot.devtools.restart.RestartApplicationListener - Restart disabled due to context in which it is running
2025-12-23 12:41:30 INFO  com.nihilent.BankingApplication.NihilentBank.controlllerTest.CustomerControllerTest - Starting CustomerControllerTest using Java 17.0.10 with PID 35264 (started by aniket.dhakate in C:\NihilentBankTestCases\BankingApplication)
2025-12-23 12:41:30 INFO  com.nihilent.BankingApplication.NihilentBank.controlllerTest.CustomerControllerTest - The following 1 profile is active: "dev"
2025-12-23 12:41:30 WARN  org.springframework.boot.autoconfigure.security.servlet.UserDetailsServiceAutoConfiguration - 

Using generated security password: 516102ff-8f82-4575-9ad7-21e9d901f87e

This generated password is for development use only. Your security configuration must be updated before running your application in production.

2025-12-23 12:41:30 INFO  org.springframework.security.config.annotation.authentication.configuration.InitializeUserDetailsBeanManagerConfigurer$InitializeUserDetailsManagerConfigurer - Global AuthenticationManager configured with UserDetailsService bean with name inMemoryUserDetailsManager
2025-12-23 12:41:30 INFO  org.springframework.boot.test.mock.web.SpringBootMockServletContext - Initializing Spring TestDispatcherServlet ''
2025-12-23 12:41:30 INFO  org.springframework.test.web.servlet.TestDispatcherServlet - Initializing Servlet ''
2025-12-23 12:41:30 INFO  org.springframework.test.web.servlet.TestDispatcherServlet - Completed initialization in 1 ms
2025-12-23 12:41:30 INFO  com.nihilent.BankingApplication.NihilentBank.controlllerTest.CustomerControllerTest - Started CustomerControllerTest in 0.767 seconds (process running for 40.388)
2025-12-23 12:41:31 INFO  com.nihilent.bank.serviceimpl.CustomerServiceImpl - Customer Registered Successfully
2025-12-23 12:41:31 ERROR com.nihilent.bank.serviceimpl.CustomerServiceImpl - null
2025-12-23 12:41:31 INFO  org.springframework.boot.devtools.restart.RestartApplicationListener - Restart disabled due to context in which it is running
2025-12-23 12:41:31 INFO  com.nihilent.BankingApplication.NihilentBank.controlllerTest.TransactionControllerTest - Starting TransactionControllerTest using Java 17.0.10 with PID 35264 (started by aniket.dhakate in C:\NihilentBankTestCases\BankingApplication)
2025-12-23 12:41:31 INFO  com.nihilent.BankingApplication.NihilentBank.controlllerTest.TransactionControllerTest - The following 1 profile is active: "dev"
2025-12-23 12:41:32 WARN  org.springframework.boot.autoconfigure.security.servlet.UserDetailsServiceAutoConfiguration - 

Using generated security password: 1b951115-63cd-444c-8c37-28ba3629355e

This generated password is for development use only. Your security configuration must be updated before running your application in production.

2025-12-23 12:41:32 INFO  org.springframework.security.config.annotation.authentication.configuration.InitializeUserDetailsBeanManagerConfigurer$InitializeUserDetailsManagerConfigurer - Global AuthenticationManager configured with UserDetailsService bean with name inMemoryUserDetailsManager
2025-12-23 12:41:32 INFO  org.springframework.boot.test.mock.web.SpringBootMockServletContext - Initializing Spring TestDispatcherServlet ''
2025-12-23 12:41:32 INFO  org.springframework.test.web.servlet.TestDispatcherServlet - Initializing Servlet ''
2025-12-23 12:41:32 INFO  org.springframework.test.web.servlet.TestDispatcherServlet - Completed initialization in 2 ms
2025-12-23 12:41:32 INFO  com.nihilent.BankingApplication.NihilentBank.controlllerTest.TransactionControllerTest - Started TransactionControllerTest in 1.003 seconds (process running for 42.034)
2025-12-23 13:59:26 INFO  org.springframework.boot.devtools.restart.RestartApplicationListener - Restart disabled due to context in which it is running
2025-12-23 13:59:29 INFO  org.hibernate.validator.internal.util.Version - HV000001: Hibernate Validator 8.0.2.Final
2025-12-23 13:59:29 INFO  com.nihilent.BankingApplication.NihilentBank.controlllerTest.DigitalBankControllerTest - Starting DigitalBankControllerTest using Java 17.0.10 with PID 30756 (started by aniket.dhakate in C:\NihilentBankTestCases\BankingApplication)
2025-12-23 13:59:29 INFO  com.nihilent.BankingApplication.NihilentBank.controlllerTest.DigitalBankControllerTest - The following 1 profile is active: "dev"
2025-12-23 13:59:46 WARN  org.springframework.boot.autoconfigure.security.servlet.UserDetailsServiceAutoConfiguration - 

Using generated security password: 92f01e1b-e0ba-43a6-9d02-b898e724b0b2

This generated password is for development use only. Your security configuration must be updated before running your application in production.

2025-12-23 13:59:46 INFO  org.springframework.security.config.annotation.authentication.configuration.InitializeUserDetailsBeanManagerConfigurer$InitializeUserDetailsManagerConfigurer - Global AuthenticationManager configured with UserDetailsService bean with name inMemoryUserDetailsManager
2025-12-23 13:59:48 INFO  org.springframework.boot.test.mock.web.SpringBootMockServletContext - Initializing Spring TestDispatcherServlet ''
2025-12-23 13:59:48 INFO  org.springframework.test.web.servlet.TestDispatcherServlet - Initializing Servlet ''
2025-12-23 13:59:48 INFO  org.springframework.test.web.servlet.TestDispatcherServlet - Completed initialization in 4 ms
2025-12-23 13:59:48 INFO  com.nihilent.BankingApplication.NihilentBank.controlllerTest.DigitalBankControllerTest - Started DigitalBankControllerTest in 22.672 seconds (process running for 40.735)
2025-12-23 13:59:55 INFO  com.nihilent.bank.serviceimpl.TransactionServiceImpl - DEBIT SUCCESS
2025-12-23 13:59:55 INFO  com.nihilent.bank.serviceimpl.TransactionServiceImpl - CREDIT SUCCESS
2025-12-23 13:59:55 ERROR com.nihilent.bank.serviceimpl.TransactionServiceImpl - Insufficient Balance
2025-12-23 13:59:56 INFO  org.springframework.boot.devtools.restart.RestartApplicationListener - Restart disabled due to context in which it is running
2025-12-23 13:59:56 INFO  com.nihilent.BankingApplication.NihilentBank.controlllerTest.BankAccountControllerTest - Starting BankAccountControllerTest using Java 17.0.10 with PID 30756 (started by aniket.dhakate in C:\NihilentBankTestCases\BankingApplication)
2025-12-23 13:59:56 INFO  com.nihilent.BankingApplication.NihilentBank.controlllerTest.BankAccountControllerTest - The following 1 profile is active: "dev"
2025-12-23 13:59:58 WARN  org.springframework.boot.autoconfigure.security.servlet.UserDetailsServiceAutoConfiguration - 

Using generated security password: e6f6b4f0-f1b9-4ff5-97ae-170ffd7d205a

This generated password is for development use only. Your security configuration must be updated before running your application in production.

2025-12-23 13:59:58 INFO  org.springframework.security.config.annotation.authentication.configuration.InitializeUserDetailsBeanManagerConfigurer$InitializeUserDetailsManagerConfigurer - Global AuthenticationManager configured with UserDetailsService bean with name inMemoryUserDetailsManager
2025-12-23 13:59:58 INFO  org.springframework.boot.test.mock.web.SpringBootMockServletContext - Initializing Spring TestDispatcherServlet ''
2025-12-23 13:59:58 INFO  org.springframework.test.web.servlet.TestDispatcherServlet - Initializing Servlet ''
2025-12-23 13:59:58 INFO  org.springframework.test.web.servlet.TestDispatcherServlet - Completed initialization in 2 ms
2025-12-23 13:59:58 INFO  com.nihilent.BankingApplication.NihilentBank.controlllerTest.BankAccountControllerTest - Started BankAccountControllerTest in 2.629 seconds (process running for 50.702)
2025-12-23 14:00:03 INFO  org.springframework.boot.devtools.restart.RestartApplicationListener - Restart disabled due to context in which it is running
2025-12-23 14:00:04 INFO  com.nihilent.BankingApplication.NihilentBank.controlllerTest.BeneficiaryAccountTest - Starting BeneficiaryAccountTest using Java 17.0.10 with PID 30756 (started by aniket.dhakate in C:\NihilentBankTestCases\BankingApplication)
2025-12-23 14:00:04 INFO  com.nihilent.BankingApplication.NihilentBank.controlllerTest.BeneficiaryAccountTest - The following 1 profile is active: "dev"
2025-12-23 14:00:06 WARN  org.springframework.boot.autoconfigure.security.servlet.UserDetailsServiceAutoConfiguration - 

Using generated security password: 4cc7ba35-e6ba-432c-9beb-218775ba8022

This generated password is for development use only. Your security configuration must be updated before running your application in production.

2025-12-23 14:00:06 INFO  org.springframework.security.config.annotation.authentication.configuration.InitializeUserDetailsBeanManagerConfigurer$InitializeUserDetailsManagerConfigurer - Global AuthenticationManager configured with UserDetailsService bean with name inMemoryUserDetailsManager
2025-12-23 14:00:06 INFO  org.springframework.boot.test.mock.web.SpringBootMockServletContext - Initializing Spring TestDispatcherServlet ''
2025-12-23 14:00:06 INFO  org.springframework.test.web.servlet.TestDispatcherServlet - Initializing Servlet ''
2025-12-23 14:00:06 INFO  org.springframework.test.web.servlet.TestDispatcherServlet - Completed initialization in 10 ms
2025-12-23 14:00:06 INFO  com.nihilent.BankingApplication.NihilentBank.controlllerTest.BeneficiaryAccountTest - Started BeneficiaryAccountTest in 2.271 seconds (process running for 58.1)
2025-12-23 14:00:07 INFO  org.springframework.boot.devtools.restart.RestartApplicationListener - Restart disabled due to context in which it is running
2025-12-23 14:00:07 INFO  com.nihilent.BankingApplication.NihilentBank.controlllerTest.BillPaymentsControllerTest - Starting BillPaymentsControllerTest using Java 17.0.10 with PID 30756 (started by aniket.dhakate in C:\NihilentBankTestCases\BankingApplication)
2025-12-23 14:00:07 INFO  com.nihilent.BankingApplication.NihilentBank.controlllerTest.BillPaymentsControllerTest - The following 1 profile is active: "dev"
2025-12-23 14:00:08 WARN  org.springframework.boot.autoconfigure.security.servlet.UserDetailsServiceAutoConfiguration - 

Using generated security password: 657b0a00-3bfd-49f1-a48f-02f9c5786660

This generated password is for development use only. Your security configuration must be updated before running your application in production.

2025-12-23 14:00:08 INFO  org.springframework.security.config.annotation.authentication.configuration.InitializeUserDetailsBeanManagerConfigurer$InitializeUserDetailsManagerConfigurer - Global AuthenticationManager configured with UserDetailsService bean with name inMemoryUserDetailsManager
2025-12-23 14:00:08 INFO  org.springframework.boot.test.mock.web.SpringBootMockServletContext - Initializing Spring TestDispatcherServlet ''
2025-12-23 14:00:08 INFO  org.springframework.test.web.servlet.TestDispatcherServlet - Initializing Servlet ''
2025-12-23 14:00:08 INFO  org.springframework.test.web.servlet.TestDispatcherServlet - Completed initialization in 1 ms
2025-12-23 14:00:08 INFO  com.nihilent.BankingApplication.NihilentBank.controlllerTest.BillPaymentsControllerTest - Started BillPaymentsControllerTest in 1.622 seconds (process running for 60.577)
2025-12-23 14:00:08 INFO  org.springframework.boot.devtools.restart.RestartApplicationListener - Restart disabled due to context in which it is running
2025-12-23 14:00:09 INFO  com.nihilent.BankingApplication.NihilentBank.controlllerTest.LoanControllerTest - Starting LoanControllerTest using Java 17.0.10 with PID 30756 (started by aniket.dhakate in C:\NihilentBankTestCases\BankingApplication)
2025-12-23 14:00:09 INFO  com.nihilent.BankingApplication.NihilentBank.controlllerTest.LoanControllerTest - The following 1 profile is active: "dev"
2025-12-23 14:00:10 WARN  org.springframework.boot.autoconfigure.security.servlet.UserDetailsServiceAutoConfiguration - 

Using generated security password: c9f6961e-eac6-48e1-b79a-2ccbb6807410

This generated password is for development use only. Your security configuration must be updated before running your application in production.

2025-12-23 14:00:10 INFO  org.springframework.security.config.annotation.authentication.configuration.InitializeUserDetailsBeanManagerConfigurer$InitializeUserDetailsManagerConfigurer - Global AuthenticationManager configured with UserDetailsService bean with name inMemoryUserDetailsManager
2025-12-23 14:00:10 INFO  org.springframework.boot.test.mock.web.SpringBootMockServletContext - Initializing Spring TestDispatcherServlet ''
2025-12-23 14:00:10 INFO  org.springframework.test.web.servlet.TestDispatcherServlet - Initializing Servlet ''
2025-12-23 14:00:10 INFO  org.springframework.test.web.servlet.TestDispatcherServlet - Completed initialization in 1 ms
2025-12-23 14:00:10 INFO  com.nihilent.BankingApplication.NihilentBank.controlllerTest.LoanControllerTest - Started LoanControllerTest in 1.268 seconds (process running for 62.158)
2025-12-23 14:00:10 WARN  com.nihilent.bank.serviceimpl.BeneficiaryAccountServiceImpl - Beneficiary Already Exists
2025-12-23 14:00:10 WARN  com.nihilent.bank.serviceimpl.BeneficiaryAccountServiceImpl - Beneficiary Not Found
2025-12-23 14:00:10 WARN  com.nihilent.bank.serviceimpl.BeneficiaryAccountServiceImpl - Beneficiary Not Found
2025-12-23 14:00:10 INFO  com.nihilent.bank.serviceimpl.BeneficiaryAccountServiceImpl - Beneficiary Deleted
2025-12-23 14:00:10 INFO  com.nihilent.bank.serviceimpl.BeneficiaryAccountServiceImpl - Beneficiary Added Successfully
2025-12-23 14:00:10 INFO  org.springframework.boot.devtools.restart.RestartApplicationListener - Restart disabled due to context in which it is running
2025-12-23 14:00:10 INFO  com.nihilent.BankingApplication.NihilentBank.controlllerTest.CreditCardControllerTest - Starting CreditCardControllerTest using Java 17.0.10 with PID 30756 (started by aniket.dhakate in C:\NihilentBankTestCases\BankingApplication)
2025-12-23 14:00:11 INFO  com.nihilent.BankingApplication.NihilentBank.controlllerTest.CreditCardControllerTest - The following 1 profile is active: "dev"
2025-12-23 14:00:12 WARN  org.springframework.boot.autoconfigure.security.servlet.UserDetailsServiceAutoConfiguration - 

Using generated security password: f21fceb3-e4f9-4ef8-977b-4924762e4f62

This generated password is for development use only. Your security configuration must be updated before running your application in production.

2025-12-23 14:00:12 INFO  org.springframework.security.config.annotation.authentication.configuration.InitializeUserDetailsBeanManagerConfigurer$InitializeUserDetailsManagerConfigurer - Global AuthenticationManager configured with UserDetailsService bean with name inMemoryUserDetailsManager
2025-12-23 14:00:12 INFO  org.springframework.boot.test.mock.web.SpringBootMockServletContext - Initializing Spring TestDispatcherServlet ''
2025-12-23 14:00:12 INFO  org.springframework.test.web.servlet.TestDispatcherServlet - Initializing Servlet ''
2025-12-23 14:00:12 INFO  org.springframework.test.web.servlet.TestDispatcherServlet - Completed initialization in 1 ms
2025-12-23 14:00:12 INFO  com.nihilent.BankingApplication.NihilentBank.controlllerTest.CreditCardControllerTest - Started CreditCardControllerTest in 1.511 seconds (process running for 64.366)
2025-12-23 14:00:12 INFO  org.springframework.boot.devtools.restart.RestartApplicationListener - Restart disabled due to context in which it is running
2025-12-23 14:00:12 INFO  com.nihilent.BankingApplication.NihilentBank.controlllerTest.UpiControllerTest - Starting UpiControllerTest using Java 17.0.10 with PID 30756 (started by aniket.dhakate in C:\NihilentBankTestCases\BankingApplication)
2025-12-23 14:00:12 INFO  com.nihilent.BankingApplication.NihilentBank.controlllerTest.UpiControllerTest - The following 1 profile is active: "dev"
2025-12-23 14:00:13 WARN  org.springframework.boot.autoconfigure.security.servlet.UserDetailsServiceAutoConfiguration - 

Using generated security password: dff95331-afaf-4e76-86fb-098c6bb3e1ee

This generated password is for development use only. Your security configuration must be updated before running your application in production.

2025-12-23 14:00:13 INFO  org.springframework.security.config.annotation.authentication.configuration.InitializeUserDetailsBeanManagerConfigurer$InitializeUserDetailsManagerConfigurer - Global AuthenticationManager configured with UserDetailsService bean with name inMemoryUserDetailsManager
2025-12-23 14:00:13 INFO  org.springframework.boot.test.mock.web.SpringBootMockServletContext - Initializing Spring TestDispatcherServlet ''
2025-12-23 14:00:13 INFO  org.springframework.test.web.servlet.TestDispatcherServlet - Initializing Servlet ''
2025-12-23 14:00:13 INFO  org.springframework.test.web.servlet.TestDispatcherServlet - Completed initialization in 2 ms
2025-12-23 14:00:13 INFO  com.nihilent.BankingApplication.NihilentBank.controlllerTest.UpiControllerTest - Started UpiControllerTest in 1.055 seconds (process running for 65.687)
2025-12-23 14:00:14 INFO  com.nihilent.bank.serviceimpl.CreditCardServiceImpl - Request Sent
2025-12-23 14:00:15 INFO  org.springframework.boot.devtools.restart.RestartApplicationListener - Restart disabled due to context in which it is running
2025-12-23 14:00:15 INFO  com.nihilent.BankingApplication.NihilentBank.controlllerTest.CustomerControllerTest - Starting CustomerControllerTest using Java 17.0.10 with PID 30756 (started by aniket.dhakate in C:\NihilentBankTestCases\BankingApplication)
2025-12-23 14:00:15 INFO  com.nihilent.BankingApplication.NihilentBank.controlllerTest.CustomerControllerTest - The following 1 profile is active: "dev"
2025-12-23 14:00:16 WARN  org.springframework.boot.autoconfigure.security.servlet.UserDetailsServiceAutoConfiguration - 

Using generated security password: 9dbfa539-1bd0-4f3f-9676-4ae607998ba8

This generated password is for development use only. Your security configuration must be updated before running your application in production.

2025-12-23 14:00:16 INFO  org.springframework.security.config.annotation.authentication.configuration.InitializeUserDetailsBeanManagerConfigurer$InitializeUserDetailsManagerConfigurer - Global AuthenticationManager configured with UserDetailsService bean with name inMemoryUserDetailsManager
2025-12-23 14:00:16 INFO  org.springframework.boot.test.mock.web.SpringBootMockServletContext - Initializing Spring TestDispatcherServlet ''
2025-12-23 14:00:16 INFO  org.springframework.test.web.servlet.TestDispatcherServlet - Initializing Servlet ''
2025-12-23 14:00:16 INFO  org.springframework.test.web.servlet.TestDispatcherServlet - Completed initialization in 1 ms
2025-12-23 14:00:16 INFO  com.nihilent.BankingApplication.NihilentBank.controlllerTest.CustomerControllerTest - Started CustomerControllerTest in 1.277 seconds (process running for 68.32)
2025-12-23 14:00:17 INFO  com.nihilent.bank.serviceimpl.CustomerServiceImpl - Customer Registered Successfully
2025-12-23 14:00:17 ERROR com.nihilent.bank.serviceimpl.CustomerServiceImpl - null
2025-12-23 14:00:17 INFO  org.springframework.boot.devtools.restart.RestartApplicationListener - Restart disabled due to context in which it is running
2025-12-23 14:00:17 INFO  com.nihilent.BankingApplication.NihilentBank.controlllerTest.TransactionControllerTest - Starting TransactionControllerTest using Java 17.0.10 with PID 30756 (started by aniket.dhakate in C:\NihilentBankTestCases\BankingApplication)
2025-12-23 14:00:17 INFO  com.nihilent.BankingApplication.NihilentBank.controlllerTest.TransactionControllerTest - The following 1 profile is active: "dev"
2025-12-23 14:00:18 WARN  org.springframework.boot.autoconfigure.security.servlet.UserDetailsServiceAutoConfiguration - 

Using generated security password: 26d3bf13-ea0f-4bda-92c7-3eaf4f5e487a

This generated password is for development use only. Your security configuration must be updated before running your application in production.

2025-12-23 14:00:18 INFO  org.springframework.security.config.annotation.authentication.configuration.InitializeUserDetailsBeanManagerConfigurer$InitializeUserDetailsManagerConfigurer - Global AuthenticationManager configured with UserDetailsService bean with name inMemoryUserDetailsManager
2025-12-23 14:00:18 INFO  org.springframework.boot.test.mock.web.SpringBootMockServletContext - Initializing Spring TestDispatcherServlet ''
2025-12-23 14:00:18 INFO  org.springframework.test.web.servlet.TestDispatcherServlet - Initializing Servlet ''
2025-12-23 14:00:18 INFO  org.springframework.test.web.servlet.TestDispatcherServlet - Completed initialization in 0 ms
2025-12-23 14:00:18 INFO  com.nihilent.BankingApplication.NihilentBank.controlllerTest.TransactionControllerTest - Started TransactionControllerTest in 0.857 seconds (process running for 70.033)
2025-12-23 14:21:45 INFO  org.springframework.boot.devtools.restart.RestartApplicationListener - Restart disabled due to context in which it is running
2025-12-23 14:21:46 INFO  org.hibernate.validator.internal.util.Version - HV000001: Hibernate Validator 8.0.2.Final
2025-12-23 14:21:47 INFO  com.nihilent.BankingApplication.NihilentBank.controlllerTest.DigitalBankControllerTest - Starting DigitalBankControllerTest using Java 17.0.10 with PID 38188 (started by aniket.dhakate in C:\NihilentBankTestCases\BankingApplication)
2025-12-23 14:21:47 INFO  com.nihilent.BankingApplication.NihilentBank.controlllerTest.DigitalBankControllerTest - The following 1 profile is active: "dev"
2025-12-23 14:21:58 WARN  org.springframework.boot.autoconfigure.security.servlet.UserDetailsServiceAutoConfiguration - 

Using generated security password: 57c8a4e1-7e87-4225-8114-52b4aa4cac08

This generated password is for development use only. Your security configuration must be updated before running your application in production.

2025-12-23 14:21:58 INFO  org.springframework.security.config.annotation.authentication.configuration.InitializeUserDetailsBeanManagerConfigurer$InitializeUserDetailsManagerConfigurer - Global AuthenticationManager configured with UserDetailsService bean with name inMemoryUserDetailsManager
2025-12-23 14:21:58 INFO  org.springframework.boot.test.mock.web.SpringBootMockServletContext - Initializing Spring TestDispatcherServlet ''
2025-12-23 14:21:58 INFO  org.springframework.test.web.servlet.TestDispatcherServlet - Initializing Servlet ''
2025-12-23 14:21:58 INFO  org.springframework.test.web.servlet.TestDispatcherServlet - Completed initialization in 4 ms
2025-12-23 14:21:59 INFO  com.nihilent.BankingApplication.NihilentBank.controlllerTest.DigitalBankControllerTest - Started DigitalBankControllerTest in 14.068 seconds (process running for 25.764)
2025-12-23 14:22:01 INFO  com.nihilent.bank.serviceimpl.TransactionServiceImpl - DEBIT SUCCESS
2025-12-23 14:22:01 INFO  com.nihilent.bank.serviceimpl.TransactionServiceImpl - CREDIT SUCCESS
2025-12-23 14:22:01 ERROR com.nihilent.bank.serviceimpl.TransactionServiceImpl - Insufficient Balance
2025-12-23 14:22:01 INFO  org.springframework.boot.devtools.restart.RestartApplicationListener - Restart disabled due to context in which it is running
2025-12-23 14:22:01 INFO  com.nihilent.BankingApplication.NihilentBank.controlllerTest.BankAccountControllerTest - Starting BankAccountControllerTest using Java 17.0.10 with PID 38188 (started by aniket.dhakate in C:\NihilentBankTestCases\BankingApplication)
2025-12-23 14:22:01 INFO  com.nihilent.BankingApplication.NihilentBank.controlllerTest.BankAccountControllerTest - The following 1 profile is active: "dev"
2025-12-23 14:22:03 WARN  org.springframework.boot.autoconfigure.security.servlet.UserDetailsServiceAutoConfiguration - 

Using generated security password: 54dc54ec-b3f4-456a-bbda-58d823f0347c

This generated password is for development use only. Your security configuration must be updated before running your application in production.

2025-12-23 14:22:03 INFO  org.springframework.security.config.annotation.authentication.configuration.InitializeUserDetailsBeanManagerConfigurer$InitializeUserDetailsManagerConfigurer - Global AuthenticationManager configured with UserDetailsService bean with name inMemoryUserDetailsManager
2025-12-23 14:22:03 INFO  org.springframework.boot.test.mock.web.SpringBootMockServletContext - Initializing Spring TestDispatcherServlet ''
2025-12-23 14:22:03 INFO  org.springframework.test.web.servlet.TestDispatcherServlet - Initializing Servlet ''
2025-12-23 14:22:03 INFO  org.springframework.test.web.servlet.TestDispatcherServlet - Completed initialization in 3 ms
2025-12-23 14:22:03 INFO  com.nihilent.BankingApplication.NihilentBank.controlllerTest.BankAccountControllerTest - Started BankAccountControllerTest in 1.694 seconds (process running for 30.169)
2025-12-23 14:22:05 INFO  org.springframework.boot.devtools.restart.RestartApplicationListener - Restart disabled due to context in which it is running
2025-12-23 14:22:06 INFO  com.nihilent.BankingApplication.NihilentBank.controlllerTest.BeneficiaryAccountTest - Starting BeneficiaryAccountTest using Java 17.0.10 with PID 38188 (started by aniket.dhakate in C:\NihilentBankTestCases\BankingApplication)
2025-12-23 14:22:06 INFO  com.nihilent.BankingApplication.NihilentBank.controlllerTest.BeneficiaryAccountTest - The following 1 profile is active: "dev"
2025-12-23 14:22:06 WARN  org.springframework.boot.autoconfigure.security.servlet.UserDetailsServiceAutoConfiguration - 

Using generated security password: 5a1eb014-427f-4696-aaad-4907fcd0f0f4

This generated password is for development use only. Your security configuration must be updated before running your application in production.

2025-12-23 14:22:06 INFO  org.springframework.security.config.annotation.authentication.configuration.InitializeUserDetailsBeanManagerConfigurer$InitializeUserDetailsManagerConfigurer - Global AuthenticationManager configured with UserDetailsService bean with name inMemoryUserDetailsManager
2025-12-23 14:22:06 INFO  org.springframework.boot.test.mock.web.SpringBootMockServletContext - Initializing Spring TestDispatcherServlet ''
2025-12-23 14:22:06 INFO  org.springframework.test.web.servlet.TestDispatcherServlet - Initializing Servlet ''
2025-12-23 14:22:06 INFO  org.springframework.test.web.servlet.TestDispatcherServlet - Completed initialization in 3 ms
2025-12-23 14:22:06 INFO  com.nihilent.BankingApplication.NihilentBank.controlllerTest.BeneficiaryAccountTest - Started BeneficiaryAccountTest in 0.984 seconds (process running for 33.544)
2025-12-23 14:22:07 INFO  org.springframework.boot.devtools.restart.RestartApplicationListener - Restart disabled due to context in which it is running
2025-12-23 14:22:07 INFO  com.nihilent.BankingApplication.NihilentBank.controlllerTest.BillPaymentsControllerTest - Starting BillPaymentsControllerTest using Java 17.0.10 with PID 38188 (started by aniket.dhakate in C:\NihilentBankTestCases\BankingApplication)
2025-12-23 14:22:07 INFO  com.nihilent.BankingApplication.NihilentBank.controlllerTest.BillPaymentsControllerTest - The following 1 profile is active: "dev"
2025-12-23 14:22:08 WARN  org.springframework.boot.autoconfigure.security.servlet.UserDetailsServiceAutoConfiguration - 

Using generated security password: 2ba3cb84-4e1a-461f-8ea3-165dea68fa6e

This generated password is for development use only. Your security configuration must be updated before running your application in production.

2025-12-23 14:22:08 INFO  org.springframework.security.config.annotation.authentication.configuration.InitializeUserDetailsBeanManagerConfigurer$InitializeUserDetailsManagerConfigurer - Global AuthenticationManager configured with UserDetailsService bean with name inMemoryUserDetailsManager
2025-12-23 14:22:08 INFO  org.springframework.boot.test.mock.web.SpringBootMockServletContext - Initializing Spring TestDispatcherServlet ''
2025-12-23 14:22:08 INFO  org.springframework.test.web.servlet.TestDispatcherServlet - Initializing Servlet ''
2025-12-23 14:22:08 INFO  org.springframework.test.web.servlet.TestDispatcherServlet - Completed initialization in 7 ms
2025-12-23 14:22:08 INFO  com.nihilent.BankingApplication.NihilentBank.controlllerTest.BillPaymentsControllerTest - Started BillPaymentsControllerTest in 1.01 seconds (process running for 34.839)
2025-12-23 14:22:08 INFO  org.springframework.boot.devtools.restart.RestartApplicationListener - Restart disabled due to context in which it is running
2025-12-23 14:22:08 INFO  com.nihilent.BankingApplication.NihilentBank.controlllerTest.LoanControllerTest - Starting LoanControllerTest using Java 17.0.10 with PID 38188 (started by aniket.dhakate in C:\NihilentBankTestCases\BankingApplication)
2025-12-23 14:22:08 INFO  com.nihilent.BankingApplication.NihilentBank.controlllerTest.LoanControllerTest - The following 1 profile is active: "dev"
2025-12-23 14:22:09 WARN  org.springframework.boot.autoconfigure.security.servlet.UserDetailsServiceAutoConfiguration - 

Using generated security password: a98d19c4-a87a-4c7b-8dd8-dd57e9fb1f12

This generated password is for development use only. Your security configuration must be updated before running your application in production.

2025-12-23 14:22:09 INFO  org.springframework.security.config.annotation.authentication.configuration.InitializeUserDetailsBeanManagerConfigurer$InitializeUserDetailsManagerConfigurer - Global AuthenticationManager configured with UserDetailsService bean with name inMemoryUserDetailsManager
2025-12-23 14:22:09 INFO  org.springframework.boot.test.mock.web.SpringBootMockServletContext - Initializing Spring TestDispatcherServlet ''
2025-12-23 14:22:09 INFO  org.springframework.test.web.servlet.TestDispatcherServlet - Initializing Servlet ''
2025-12-23 14:22:09 INFO  org.springframework.test.web.servlet.TestDispatcherServlet - Completed initialization in 1 ms
2025-12-23 14:22:09 INFO  com.nihilent.BankingApplication.NihilentBank.controlllerTest.LoanControllerTest - Started LoanControllerTest in 1.003 seconds (process running for 36.187)
2025-12-23 14:22:10 WARN  com.nihilent.bank.serviceimpl.BeneficiaryAccountServiceImpl - Beneficiary Already Exists
2025-12-23 14:22:10 WARN  com.nihilent.bank.serviceimpl.BeneficiaryAccountServiceImpl - Beneficiary Not Found
2025-12-23 14:22:10 WARN  com.nihilent.bank.serviceimpl.BeneficiaryAccountServiceImpl - Beneficiary Not Found
2025-12-23 14:22:10 INFO  com.nihilent.bank.serviceimpl.BeneficiaryAccountServiceImpl - Beneficiary Deleted
2025-12-23 14:22:10 INFO  com.nihilent.bank.serviceimpl.BeneficiaryAccountServiceImpl - Beneficiary Added Successfully
2025-12-23 14:22:10 INFO  org.springframework.boot.devtools.restart.RestartApplicationListener - Restart disabled due to context in which it is running
2025-12-23 14:22:10 INFO  com.nihilent.BankingApplication.NihilentBank.controlllerTest.CreditCardControllerTest - Starting CreditCardControllerTest using Java 17.0.10 with PID 38188 (started by aniket.dhakate in C:\NihilentBankTestCases\BankingApplication)
2025-12-23 14:22:10 INFO  com.nihilent.BankingApplication.NihilentBank.controlllerTest.CreditCardControllerTest - The following 1 profile is active: "dev"
2025-12-23 14:22:11 WARN  org.springframework.boot.autoconfigure.security.servlet.UserDetailsServiceAutoConfiguration - 

Using generated security password: 09f18908-d5b2-492c-b30e-c36b433f0bf5

This generated password is for development use only. Your security configuration must be updated before running your application in production.

2025-12-23 14:22:11 INFO  org.springframework.security.config.annotation.authentication.configuration.InitializeUserDetailsBeanManagerConfigurer$InitializeUserDetailsManagerConfigurer - Global AuthenticationManager configured with UserDetailsService bean with name inMemoryUserDetailsManager
2025-12-23 14:22:11 INFO  org.springframework.boot.test.mock.web.SpringBootMockServletContext - Initializing Spring TestDispatcherServlet ''
2025-12-23 14:22:11 INFO  org.springframework.test.web.servlet.TestDispatcherServlet - Initializing Servlet ''
2025-12-23 14:22:11 INFO  org.springframework.test.web.servlet.TestDispatcherServlet - Completed initialization in 2 ms
2025-12-23 14:22:11 INFO  com.nihilent.BankingApplication.NihilentBank.controlllerTest.CreditCardControllerTest - Started CreditCardControllerTest in 0.963 seconds (process running for 37.736)
2025-12-23 14:22:11 INFO  org.springframework.boot.devtools.restart.RestartApplicationListener - Restart disabled due to context in which it is running
2025-12-23 14:22:11 INFO  com.nihilent.BankingApplication.NihilentBank.controlllerTest.UpiControllerTest - Starting UpiControllerTest using Java 17.0.10 with PID 38188 (started by aniket.dhakate in C:\NihilentBankTestCases\BankingApplication)
2025-12-23 14:22:11 INFO  com.nihilent.BankingApplication.NihilentBank.controlllerTest.UpiControllerTest - The following 1 profile is active: "dev"
2025-12-23 14:22:11 WARN  org.springframework.boot.autoconfigure.security.servlet.UserDetailsServiceAutoConfiguration - 

Using generated security password: 772ba703-5c86-4035-8f61-a4e1fb8fc9d1

This generated password is for development use only. Your security configuration must be updated before running your application in production.

2025-12-23 14:22:11 INFO  org.springframework.security.config.annotation.authentication.configuration.InitializeUserDetailsBeanManagerConfigurer$InitializeUserDetailsManagerConfigurer - Global AuthenticationManager configured with UserDetailsService bean with name inMemoryUserDetailsManager
2025-12-23 14:22:12 INFO  org.springframework.boot.test.mock.web.SpringBootMockServletContext - Initializing Spring TestDispatcherServlet ''
2025-12-23 14:22:12 INFO  org.springframework.test.web.servlet.TestDispatcherServlet - Initializing Servlet ''
2025-12-23 14:22:12 INFO  org.springframework.test.web.servlet.TestDispatcherServlet - Completed initialization in 2 ms
2025-12-23 14:22:12 INFO  com.nihilent.BankingApplication.NihilentBank.controlllerTest.UpiControllerTest - Started UpiControllerTest in 0.75 seconds (process running for 38.668)
2025-12-23 14:22:12 INFO  com.nihilent.bank.serviceimpl.CreditCardServiceImpl - Request Sent
2025-12-23 14:22:12 INFO  org.springframework.boot.devtools.restart.RestartApplicationListener - Restart disabled due to context in which it is running
2025-12-23 14:22:12 INFO  com.nihilent.BankingApplication.NihilentBank.controlllerTest.CustomerControllerTest - Starting CustomerControllerTest using Java 17.0.10 with PID 38188 (started by aniket.dhakate in C:\NihilentBankTestCases\BankingApplication)
2025-12-23 14:22:12 INFO  com.nihilent.BankingApplication.NihilentBank.controlllerTest.CustomerControllerTest - The following 1 profile is active: "dev"
2025-12-23 14:22:13 WARN  org.springframework.boot.autoconfigure.security.servlet.UserDetailsServiceAutoConfiguration - 

Using generated security password: 573924fa-5c18-44df-a4a5-ca2b53763039

This generated password is for development use only. Your security configuration must be updated before running your application in production.

2025-12-23 14:22:13 INFO  org.springframework.security.config.annotation.authentication.configuration.InitializeUserDetailsBeanManagerConfigurer$InitializeUserDetailsManagerConfigurer - Global AuthenticationManager configured with UserDetailsService bean with name inMemoryUserDetailsManager
2025-12-23 14:22:13 INFO  org.springframework.boot.test.mock.web.SpringBootMockServletContext - Initializing Spring TestDispatcherServlet ''
2025-12-23 14:22:13 INFO  org.springframework.test.web.servlet.TestDispatcherServlet - Initializing Servlet ''
2025-12-23 14:22:13 INFO  org.springframework.test.web.servlet.TestDispatcherServlet - Completed initialization in 1 ms
2025-12-23 14:22:13 INFO  com.nihilent.BankingApplication.NihilentBank.controlllerTest.CustomerControllerTest - Started CustomerControllerTest in 0.695 seconds (process running for 40.247)
2025-12-23 14:22:14 INFO  com.nihilent.bank.serviceimpl.CustomerServiceImpl - Customer Registered Successfully
2025-12-23 14:22:14 ERROR com.nihilent.bank.serviceimpl.CustomerServiceImpl - null
2025-12-23 14:22:14 INFO  org.springframework.boot.devtools.restart.RestartApplicationListener - Restart disabled due to context in which it is running
2025-12-23 14:22:14 INFO  com.nihilent.BankingApplication.NihilentBank.controlllerTest.TransactionControllerTest - Starting TransactionControllerTest using Java 17.0.10 with PID 38188 (started by aniket.dhakate in C:\NihilentBankTestCases\BankingApplication)
2025-12-23 14:22:14 INFO  com.nihilent.BankingApplication.NihilentBank.controlllerTest.TransactionControllerTest - The following 1 profile is active: "dev"
2025-12-23 14:22:15 WARN  org.springframework.boot.autoconfigure.security.servlet.UserDetailsServiceAutoConfiguration - 

Using generated security password: e34f9fc2-a916-42ac-904f-da8bde4e464e

This generated password is for development use only. Your security configuration must be updated before running your application in production.

2025-12-23 14:22:15 INFO  org.springframework.security.config.annotation.authentication.configuration.InitializeUserDetailsBeanManagerConfigurer$InitializeUserDetailsManagerConfigurer - Global AuthenticationManager configured with UserDetailsService bean with name inMemoryUserDetailsManager
2025-12-23 14:22:15 INFO  org.springframework.boot.test.mock.web.SpringBootMockServletContext - Initializing Spring TestDispatcherServlet ''
2025-12-23 14:22:15 INFO  org.springframework.test.web.servlet.TestDispatcherServlet - Initializing Servlet ''
2025-12-23 14:22:15 INFO  org.springframework.test.web.servlet.TestDispatcherServlet - Completed initialization in 2 ms
2025-12-23 14:22:15 INFO  com.nihilent.BankingApplication.NihilentBank.controlllerTest.TransactionControllerTest - Started TransactionControllerTest in 0.974 seconds (process running for 41.929)
2025-12-23 14:28:44 INFO  org.springframework.boot.devtools.restart.RestartApplicationListener - Restart disabled due to context in which it is running
2025-12-23 14:28:46 INFO  org.hibernate.validator.internal.util.Version - HV000001: Hibernate Validator 8.0.2.Final
2025-12-23 14:28:46 INFO  com.nihilent.BankingApplication.NihilentBank.controlllerTest.DigitalBankControllerTest - Starting DigitalBankControllerTest using Java 17.0.10 with PID 29828 (started by aniket.dhakate in C:\NihilentBankTestCases\BankingApplication)
2025-12-23 14:28:46 INFO  com.nihilent.BankingApplication.NihilentBank.controlllerTest.DigitalBankControllerTest - The following 1 profile is active: "dev"
2025-12-23 14:28:57 WARN  org.springframework.boot.autoconfigure.security.servlet.UserDetailsServiceAutoConfiguration - 

Using generated security password: d49a6eff-2aa0-4db8-b02f-33ed871b8cb0

This generated password is for development use only. Your security configuration must be updated before running your application in production.

2025-12-23 14:28:57 INFO  org.springframework.security.config.annotation.authentication.configuration.InitializeUserDetailsBeanManagerConfigurer$InitializeUserDetailsManagerConfigurer - Global AuthenticationManager configured with UserDetailsService bean with name inMemoryUserDetailsManager
2025-12-23 14:28:58 INFO  org.springframework.boot.test.mock.web.SpringBootMockServletContext - Initializing Spring TestDispatcherServlet ''
2025-12-23 14:28:58 INFO  org.springframework.test.web.servlet.TestDispatcherServlet - Initializing Servlet ''
2025-12-23 14:28:58 INFO  org.springframework.test.web.servlet.TestDispatcherServlet - Completed initialization in 5 ms
2025-12-23 14:28:58 INFO  com.nihilent.BankingApplication.NihilentBank.controlllerTest.DigitalBankControllerTest - Started DigitalBankControllerTest in 14.646 seconds (process running for 25.906)
2025-12-23 14:29:01 INFO  com.nihilent.bank.serviceimpl.TransactionServiceImpl - DEBIT SUCCESS
2025-12-23 14:29:01 INFO  com.nihilent.bank.serviceimpl.TransactionServiceImpl - CREDIT SUCCESS
2025-12-23 14:29:01 ERROR com.nihilent.bank.serviceimpl.TransactionServiceImpl - Insufficient Balance
2025-12-23 14:29:01 INFO  org.springframework.boot.devtools.restart.RestartApplicationListener - Restart disabled due to context in which it is running
2025-12-23 14:29:02 INFO  com.nihilent.BankingApplication.NihilentBank.controlllerTest.BankAccountControllerTest - Starting BankAccountControllerTest using Java 17.0.10 with PID 29828 (started by aniket.dhakate in C:\NihilentBankTestCases\BankingApplication)
2025-12-23 14:29:02 INFO  com.nihilent.BankingApplication.NihilentBank.controlllerTest.BankAccountControllerTest - The following 1 profile is active: "dev"
2025-12-23 14:29:03 WARN  org.springframework.boot.autoconfigure.security.servlet.UserDetailsServiceAutoConfiguration - 

Using generated security password: ca804137-85a5-4648-bb74-cb1551e818a5

This generated password is for development use only. Your security configuration must be updated before running your application in production.

2025-12-23 14:29:03 INFO  org.springframework.security.config.annotation.authentication.configuration.InitializeUserDetailsBeanManagerConfigurer$InitializeUserDetailsManagerConfigurer - Global AuthenticationManager configured with UserDetailsService bean with name inMemoryUserDetailsManager
2025-12-23 14:29:03 INFO  org.springframework.boot.test.mock.web.SpringBootMockServletContext - Initializing Spring TestDispatcherServlet ''
2025-12-23 14:29:03 INFO  org.springframework.test.web.servlet.TestDispatcherServlet - Initializing Servlet ''
2025-12-23 14:29:03 INFO  org.springframework.test.web.servlet.TestDispatcherServlet - Completed initialization in 1 ms
2025-12-23 14:29:03 INFO  com.nihilent.BankingApplication.NihilentBank.controlllerTest.BankAccountControllerTest - Started BankAccountControllerTest in 1.739 seconds (process running for 30.737)
2025-12-23 14:29:06 INFO  org.springframework.boot.devtools.restart.RestartApplicationListener - Restart disabled due to context in which it is running
2025-12-23 14:29:06 INFO  com.nihilent.BankingApplication.NihilentBank.controlllerTest.BeneficiaryAccountTest - Starting BeneficiaryAccountTest using Java 17.0.10 with PID 29828 (started by aniket.dhakate in C:\NihilentBankTestCases\BankingApplication)
2025-12-23 14:29:06 INFO  com.nihilent.BankingApplication.NihilentBank.controlllerTest.BeneficiaryAccountTest - The following 1 profile is active: "dev"
2025-12-23 14:29:07 WARN  org.springframework.boot.autoconfigure.security.servlet.UserDetailsServiceAutoConfiguration - 

Using generated security password: 368e010b-207e-4107-b05a-8ddc49e74a46

This generated password is for development use only. Your security configuration must be updated before running your application in production.

2025-12-23 14:29:07 INFO  org.springframework.security.config.annotation.authentication.configuration.InitializeUserDetailsBeanManagerConfigurer$InitializeUserDetailsManagerConfigurer - Global AuthenticationManager configured with UserDetailsService bean with name inMemoryUserDetailsManager
2025-12-23 14:29:07 INFO  org.springframework.boot.test.mock.web.SpringBootMockServletContext - Initializing Spring TestDispatcherServlet ''
2025-12-23 14:29:07 INFO  org.springframework.test.web.servlet.TestDispatcherServlet - Initializing Servlet ''
2025-12-23 14:29:07 INFO  org.springframework.test.web.servlet.TestDispatcherServlet - Completed initialization in 2 ms
2025-12-23 14:29:07 INFO  com.nihilent.BankingApplication.NihilentBank.controlllerTest.BeneficiaryAccountTest - Started BeneficiaryAccountTest in 1.055 seconds (process running for 34.402)
2025-12-23 14:29:07 INFO  org.springframework.boot.devtools.restart.RestartApplicationListener - Restart disabled due to context in which it is running
2025-12-23 14:29:07 INFO  com.nihilent.BankingApplication.NihilentBank.controlllerTest.BillPaymentsControllerTest - Starting BillPaymentsControllerTest using Java 17.0.10 with PID 29828 (started by aniket.dhakate in C:\NihilentBankTestCases\BankingApplication)
2025-12-23 14:29:07 INFO  com.nihilent.BankingApplication.NihilentBank.controlllerTest.BillPaymentsControllerTest - The following 1 profile is active: "dev"
2025-12-23 14:29:08 WARN  org.springframework.boot.autoconfigure.security.servlet.UserDetailsServiceAutoConfiguration - 

Using generated security password: 6a4ba877-a321-4d7b-afcc-d17c6c4b5e7c

This generated password is for development use only. Your security configuration must be updated before running your application in production.

2025-12-23 14:29:08 INFO  org.springframework.security.config.annotation.authentication.configuration.InitializeUserDetailsBeanManagerConfigurer$InitializeUserDetailsManagerConfigurer - Global AuthenticationManager configured with UserDetailsService bean with name inMemoryUserDetailsManager
2025-12-23 14:29:08 INFO  org.springframework.boot.test.mock.web.SpringBootMockServletContext - Initializing Spring TestDispatcherServlet ''
2025-12-23 14:29:08 INFO  org.springframework.test.web.servlet.TestDispatcherServlet - Initializing Servlet ''
2025-12-23 14:29:08 INFO  org.springframework.test.web.servlet.TestDispatcherServlet - Completed initialization in 1 ms
2025-12-23 14:29:08 INFO  com.nihilent.BankingApplication.NihilentBank.controlllerTest.BillPaymentsControllerTest - Started BillPaymentsControllerTest in 0.999 seconds (process running for 35.712)
2025-12-23 14:29:08 INFO  org.springframework.boot.devtools.restart.RestartApplicationListener - Restart disabled due to context in which it is running
2025-12-23 14:29:08 INFO  com.nihilent.BankingApplication.NihilentBank.controlllerTest.LoanControllerTest - Starting LoanControllerTest using Java 17.0.10 with PID 29828 (started by aniket.dhakate in C:\NihilentBankTestCases\BankingApplication)
2025-12-23 14:29:08 INFO  com.nihilent.BankingApplication.NihilentBank.controlllerTest.LoanControllerTest - The following 1 profile is active: "dev"
2025-12-23 14:29:09 WARN  org.springframework.boot.autoconfigure.security.servlet.UserDetailsServiceAutoConfiguration - 

Using generated security password: a1eef5b9-203d-4976-80ad-29261d1dcf7f

This generated password is for development use only. Your security configuration must be updated before running your application in production.

2025-12-23 14:29:09 INFO  org.springframework.security.config.annotation.authentication.configuration.InitializeUserDetailsBeanManagerConfigurer$InitializeUserDetailsManagerConfigurer - Global AuthenticationManager configured with UserDetailsService bean with name inMemoryUserDetailsManager
2025-12-23 14:29:09 INFO  org.springframework.boot.test.mock.web.SpringBootMockServletContext - Initializing Spring TestDispatcherServlet ''
2025-12-23 14:29:09 INFO  org.springframework.test.web.servlet.TestDispatcherServlet - Initializing Servlet ''
2025-12-23 14:29:09 INFO  org.springframework.test.web.servlet.TestDispatcherServlet - Completed initialization in 2 ms
2025-12-23 14:29:09 INFO  com.nihilent.BankingApplication.NihilentBank.controlllerTest.LoanControllerTest - Started LoanControllerTest in 1.041 seconds (process running for 36.981)
2025-12-23 14:29:10 WARN  com.nihilent.bank.serviceimpl.BeneficiaryAccountServiceImpl - Beneficiary Already Exists
2025-12-23 14:29:10 WARN  com.nihilent.bank.serviceimpl.BeneficiaryAccountServiceImpl - Beneficiary Not Found
2025-12-23 14:29:10 WARN  com.nihilent.bank.serviceimpl.BeneficiaryAccountServiceImpl - Beneficiary Not Found
2025-12-23 14:29:10 INFO  com.nihilent.bank.serviceimpl.BeneficiaryAccountServiceImpl - Beneficiary Deleted
2025-12-23 14:29:10 INFO  com.nihilent.bank.serviceimpl.BeneficiaryAccountServiceImpl - Beneficiary Added Successfully
2025-12-23 14:29:10 INFO  org.springframework.boot.devtools.restart.RestartApplicationListener - Restart disabled due to context in which it is running
2025-12-23 14:29:10 INFO  com.nihilent.BankingApplication.NihilentBank.controlllerTest.CreditCardControllerTest - Starting CreditCardControllerTest using Java 17.0.10 with PID 29828 (started by aniket.dhakate in C:\NihilentBankTestCases\BankingApplication)
2025-12-23 14:29:10 INFO  com.nihilent.BankingApplication.NihilentBank.controlllerTest.CreditCardControllerTest - The following 1 profile is active: "dev"
2025-12-23 14:29:12 WARN  org.springframework.boot.autoconfigure.security.servlet.UserDetailsServiceAutoConfiguration - 

Using generated security password: 3a9978e1-8a69-4ba8-8bf6-675288afa920

This generated password is for development use only. Your security configuration must be updated before running your application in production.

2025-12-23 14:29:12 INFO  org.springframework.security.config.annotation.authentication.configuration.InitializeUserDetailsBeanManagerConfigurer$InitializeUserDetailsManagerConfigurer - Global AuthenticationManager configured with UserDetailsService bean with name inMemoryUserDetailsManager
2025-12-23 14:29:12 INFO  org.springframework.boot.test.mock.web.SpringBootMockServletContext - Initializing Spring TestDispatcherServlet ''
2025-12-23 14:29:12 INFO  org.springframework.test.web.servlet.TestDispatcherServlet - Initializing Servlet ''
2025-12-23 14:29:12 INFO  org.springframework.test.web.servlet.TestDispatcherServlet - Completed initialization in 2 ms
2025-12-23 14:29:12 INFO  com.nihilent.BankingApplication.NihilentBank.controlllerTest.CreditCardControllerTest - Started CreditCardControllerTest in 1.482 seconds (process running for 39.235)
2025-12-23 14:29:12 INFO  org.springframework.boot.devtools.restart.RestartApplicationListener - Restart disabled due to context in which it is running
2025-12-23 14:29:12 INFO  com.nihilent.BankingApplication.NihilentBank.controlllerTest.UpiControllerTest - Starting UpiControllerTest using Java 17.0.10 with PID 29828 (started by aniket.dhakate in C:\NihilentBankTestCases\BankingApplication)
2025-12-23 14:29:12 INFO  com.nihilent.BankingApplication.NihilentBank.controlllerTest.UpiControllerTest - The following 1 profile is active: "dev"
2025-12-23 14:29:13 WARN  org.springframework.boot.autoconfigure.security.servlet.UserDetailsServiceAutoConfiguration - 

Using generated security password: 018bc8cd-287c-4c47-acd5-61217083722c

This generated password is for development use only. Your security configuration must be updated before running your application in production.

2025-12-23 14:29:13 INFO  org.springframework.security.config.annotation.authentication.configuration.InitializeUserDetailsBeanManagerConfigurer$InitializeUserDetailsManagerConfigurer - Global AuthenticationManager configured with UserDetailsService bean with name inMemoryUserDetailsManager
2025-12-23 14:29:13 INFO  org.springframework.boot.test.mock.web.SpringBootMockServletContext - Initializing Spring TestDispatcherServlet ''
2025-12-23 14:29:13 INFO  org.springframework.test.web.servlet.TestDispatcherServlet - Initializing Servlet ''
2025-12-23 14:29:13 INFO  org.springframework.test.web.servlet.TestDispatcherServlet - Completed initialization in 2 ms
2025-12-23 14:29:13 INFO  com.nihilent.BankingApplication.NihilentBank.controlllerTest.UpiControllerTest - Started UpiControllerTest in 0.969 seconds (process running for 40.434)
2025-12-23 14:29:13 INFO  com.nihilent.bank.serviceimpl.CreditCardServiceImpl - Request Sent
2025-12-23 14:29:13 INFO  org.springframework.boot.devtools.restart.RestartApplicationListener - Restart disabled due to context in which it is running
2025-12-23 14:29:13 INFO  com.nihilent.BankingApplication.NihilentBank.controlllerTest.CustomerControllerTest - Starting CustomerControllerTest using Java 17.0.10 with PID 29828 (started by aniket.dhakate in C:\NihilentBankTestCases\BankingApplication)
2025-12-23 14:29:13 INFO  com.nihilent.BankingApplication.NihilentBank.controlllerTest.CustomerControllerTest - The following 1 profile is active: "dev"
2025-12-23 14:29:14 WARN  org.springframework.boot.autoconfigure.security.servlet.UserDetailsServiceAutoConfiguration - 

Using generated security password: 9ba28776-cc88-4da0-9e9a-d3c34bfc283a

This generated password is for development use only. Your security configuration must be updated before running your application in production.

2025-12-23 14:29:14 INFO  org.springframework.security.config.annotation.authentication.configuration.InitializeUserDetailsBeanManagerConfigurer$InitializeUserDetailsManagerConfigurer - Global AuthenticationManager configured with UserDetailsService bean with name inMemoryUserDetailsManager
2025-12-23 14:29:14 INFO  org.springframework.boot.test.mock.web.SpringBootMockServletContext - Initializing Spring TestDispatcherServlet ''
2025-12-23 14:29:14 INFO  org.springframework.test.web.servlet.TestDispatcherServlet - Initializing Servlet ''
2025-12-23 14:29:14 INFO  org.springframework.test.web.servlet.TestDispatcherServlet - Completed initialization in 1 ms
2025-12-23 14:29:14 INFO  com.nihilent.BankingApplication.NihilentBank.controlllerTest.CustomerControllerTest - Started CustomerControllerTest in 1.098 seconds (process running for 41.952)
2025-12-23 14:29:15 INFO  com.nihilent.bank.serviceimpl.CustomerServiceImpl - Customer Registered Successfully
2025-12-23 14:29:15 ERROR com.nihilent.bank.serviceimpl.CustomerServiceImpl - null
2025-12-23 14:29:15 INFO  org.springframework.boot.devtools.restart.RestartApplicationListener - Restart disabled due to context in which it is running
2025-12-23 14:29:15 INFO  com.nihilent.BankingApplication.NihilentBank.controlllerTest.TransactionControllerTest - Starting TransactionControllerTest using Java 17.0.10 with PID 29828 (started by aniket.dhakate in C:\NihilentBankTestCases\BankingApplication)
2025-12-23 14:29:15 INFO  com.nihilent.BankingApplication.NihilentBank.controlllerTest.TransactionControllerTest - The following 1 profile is active: "dev"
2025-12-23 14:29:16 WARN  org.springframework.boot.autoconfigure.security.servlet.UserDetailsServiceAutoConfiguration - 

Using generated security password: 2a635e05-1c12-4b97-a3bf-fe1222ae8314

This generated password is for development use only. Your security configuration must be updated before running your application in production.

2025-12-23 14:29:16 INFO  org.springframework.security.config.annotation.authentication.configuration.InitializeUserDetailsBeanManagerConfigurer$InitializeUserDetailsManagerConfigurer - Global AuthenticationManager configured with UserDetailsService bean with name inMemoryUserDetailsManager
2025-12-23 14:29:16 INFO  org.springframework.boot.test.mock.web.SpringBootMockServletContext - Initializing Spring TestDispatcherServlet ''
2025-12-23 14:29:16 INFO  org.springframework.test.web.servlet.TestDispatcherServlet - Initializing Servlet ''
2025-12-23 14:29:16 INFO  org.springframework.test.web.servlet.TestDispatcherServlet - Completed initialization in 2 ms
2025-12-23 14:29:16 INFO  com.nihilent.BankingApplication.NihilentBank.controlllerTest.TransactionControllerTest - Started TransactionControllerTest in 1.051 seconds (process running for 43.794)
2025-12-23 14:40:04 INFO  org.springframework.boot.devtools.restart.RestartApplicationListener - Restart disabled due to context in which it is running
2025-12-23 14:40:06 INFO  org.hibernate.validator.internal.util.Version - HV000001: Hibernate Validator 8.0.2.Final
2025-12-23 14:40:06 INFO  com.nihilent.BankingApplication.NihilentBank.controlllerTest.DigitalBankControllerTest - Starting DigitalBankControllerTest using Java 17.0.10 with PID 21892 (started by aniket.dhakate in C:\NihilentBankTestCases\BankingApplication)
2025-12-23 14:40:06 INFO  com.nihilent.BankingApplication.NihilentBank.controlllerTest.DigitalBankControllerTest - The following 1 profile is active: "dev"
2025-12-23 14:40:18 WARN  org.springframework.boot.autoconfigure.security.servlet.UserDetailsServiceAutoConfiguration - 

Using generated security password: 15980bfd-3a03-4bf1-9a83-e7158b9f0554

This generated password is for development use only. Your security configuration must be updated before running your application in production.

2025-12-23 14:40:18 INFO  org.springframework.security.config.annotation.authentication.configuration.InitializeUserDetailsBeanManagerConfigurer$InitializeUserDetailsManagerConfigurer - Global AuthenticationManager configured with UserDetailsService bean with name inMemoryUserDetailsManager
2025-12-23 14:40:19 INFO  org.springframework.boot.test.mock.web.SpringBootMockServletContext - Initializing Spring TestDispatcherServlet ''
2025-12-23 14:40:19 INFO  org.springframework.test.web.servlet.TestDispatcherServlet - Initializing Servlet ''
2025-12-23 14:40:19 INFO  org.springframework.test.web.servlet.TestDispatcherServlet - Completed initialization in 4 ms
2025-12-23 14:40:19 INFO  com.nihilent.BankingApplication.NihilentBank.controlllerTest.DigitalBankControllerTest - Started DigitalBankControllerTest in 14.491 seconds (process running for 26.335)
2025-12-23 14:40:21 INFO  com.nihilent.bank.serviceimpl.TransactionServiceImpl - DEBIT SUCCESS
2025-12-23 14:40:21 INFO  com.nihilent.bank.serviceimpl.TransactionServiceImpl - CREDIT SUCCESS
2025-12-23 14:40:21 ERROR com.nihilent.bank.serviceimpl.TransactionServiceImpl - Insufficient Balance
2025-12-23 14:40:21 INFO  org.springframework.boot.devtools.restart.RestartApplicationListener - Restart disabled due to context in which it is running
2025-12-23 14:40:21 INFO  com.nihilent.BankingApplication.NihilentBank.controlllerTest.BankAccountControllerTest - Starting BankAccountControllerTest using Java 17.0.10 with PID 21892 (started by aniket.dhakate in C:\NihilentBankTestCases\BankingApplication)
2025-12-23 14:40:21 INFO  com.nihilent.BankingApplication.NihilentBank.controlllerTest.BankAccountControllerTest - The following 1 profile is active: "dev"
2025-12-23 14:40:23 WARN  org.springframework.boot.autoconfigure.security.servlet.UserDetailsServiceAutoConfiguration - 

Using generated security password: 8764eb80-01a1-4de2-919f-fbff81d16125

This generated password is for development use only. Your security configuration must be updated before running your application in production.

2025-12-23 14:40:23 INFO  org.springframework.security.config.annotation.authentication.configuration.InitializeUserDetailsBeanManagerConfigurer$InitializeUserDetailsManagerConfigurer - Global AuthenticationManager configured with UserDetailsService bean with name inMemoryUserDetailsManager
2025-12-23 14:40:23 INFO  org.springframework.boot.test.mock.web.SpringBootMockServletContext - Initializing Spring TestDispatcherServlet ''
2025-12-23 14:40:23 INFO  org.springframework.test.web.servlet.TestDispatcherServlet - Initializing Servlet ''
2025-12-23 14:40:23 INFO  org.springframework.test.web.servlet.TestDispatcherServlet - Completed initialization in 2 ms
2025-12-23 14:40:23 INFO  com.nihilent.BankingApplication.NihilentBank.controlllerTest.BankAccountControllerTest - Started BankAccountControllerTest in 1.535 seconds (process running for 30.308)
2025-12-23 14:40:26 INFO  org.springframework.boot.devtools.restart.RestartApplicationListener - Restart disabled due to context in which it is running
2025-12-23 14:40:26 INFO  com.nihilent.BankingApplication.NihilentBank.controlllerTest.BeneficiaryAccountTest - Starting BeneficiaryAccountTest using Java 17.0.10 with PID 21892 (started by aniket.dhakate in C:\NihilentBankTestCases\BankingApplication)
2025-12-23 14:40:26 INFO  com.nihilent.BankingApplication.NihilentBank.controlllerTest.BeneficiaryAccountTest - The following 1 profile is active: "dev"
2025-12-23 14:40:28 WARN  org.springframework.boot.autoconfigure.security.servlet.UserDetailsServiceAutoConfiguration - 

Using generated security password: c0bff35e-ad9f-4eee-a336-70ae297a6566

This generated password is for development use only. Your security configuration must be updated before running your application in production.

2025-12-23 14:40:28 INFO  org.springframework.security.config.annotation.authentication.configuration.InitializeUserDetailsBeanManagerConfigurer$InitializeUserDetailsManagerConfigurer - Global AuthenticationManager configured with UserDetailsService bean with name inMemoryUserDetailsManager
2025-12-23 14:40:28 INFO  org.springframework.boot.test.mock.web.SpringBootMockServletContext - Initializing Spring TestDispatcherServlet ''
2025-12-23 14:40:28 INFO  org.springframework.test.web.servlet.TestDispatcherServlet - Initializing Servlet ''
2025-12-23 14:40:28 INFO  org.springframework.test.web.servlet.TestDispatcherServlet - Completed initialization in 3 ms
2025-12-23 14:40:28 INFO  com.nihilent.BankingApplication.NihilentBank.controlllerTest.BeneficiaryAccountTest - Started BeneficiaryAccountTest in 1.433 seconds (process running for 35.073)
2025-12-23 14:40:28 INFO  org.springframework.boot.devtools.restart.RestartApplicationListener - Restart disabled due to context in which it is running
2025-12-23 14:40:28 INFO  com.nihilent.BankingApplication.NihilentBank.controlllerTest.BillPaymentsControllerTest - Starting BillPaymentsControllerTest using Java 17.0.10 with PID 21892 (started by aniket.dhakate in C:\NihilentBankTestCases\BankingApplication)
2025-12-23 14:40:28 INFO  com.nihilent.BankingApplication.NihilentBank.controlllerTest.BillPaymentsControllerTest - The following 1 profile is active: "dev"
2025-12-23 14:40:29 WARN  org.springframework.boot.autoconfigure.security.servlet.UserDetailsServiceAutoConfiguration - 

Using generated security password: 2648e42c-650f-4af5-beae-a1d2cdba9543

This generated password is for development use only. Your security configuration must be updated before running your application in production.

2025-12-23 14:40:29 INFO  org.springframework.security.config.annotation.authentication.configuration.InitializeUserDetailsBeanManagerConfigurer$InitializeUserDetailsManagerConfigurer - Global AuthenticationManager configured with UserDetailsService bean with name inMemoryUserDetailsManager
2025-12-23 14:40:29 INFO  org.springframework.boot.test.mock.web.SpringBootMockServletContext - Initializing Spring TestDispatcherServlet ''
2025-12-23 14:40:29 INFO  org.springframework.test.web.servlet.TestDispatcherServlet - Initializing Servlet ''
2025-12-23 14:40:29 INFO  org.springframework.test.web.servlet.TestDispatcherServlet - Completed initialization in 2 ms
2025-12-23 14:40:29 INFO  com.nihilent.BankingApplication.NihilentBank.controlllerTest.BillPaymentsControllerTest - Started BillPaymentsControllerTest in 1.012 seconds (process running for 36.445)
2025-12-23 14:40:29 INFO  org.springframework.boot.devtools.restart.RestartApplicationListener - Restart disabled due to context in which it is running
2025-12-23 14:40:29 INFO  com.nihilent.BankingApplication.NihilentBank.controlllerTest.LoanControllerTest - Starting LoanControllerTest using Java 17.0.10 with PID 21892 (started by aniket.dhakate in C:\NihilentBankTestCases\BankingApplication)
2025-12-23 14:40:29 INFO  com.nihilent.BankingApplication.NihilentBank.controlllerTest.LoanControllerTest - The following 1 profile is active: "dev"
2025-12-23 14:40:30 WARN  org.springframework.boot.autoconfigure.security.servlet.UserDetailsServiceAutoConfiguration - 

Using generated security password: ca9d7b70-c3a3-4097-b707-a80e9c710de8

This generated password is for development use only. Your security configuration must be updated before running your application in production.

2025-12-23 14:40:30 INFO  org.springframework.security.config.annotation.authentication.configuration.InitializeUserDetailsBeanManagerConfigurer$InitializeUserDetailsManagerConfigurer - Global AuthenticationManager configured with UserDetailsService bean with name inMemoryUserDetailsManager
2025-12-23 14:40:30 INFO  org.springframework.boot.test.mock.web.SpringBootMockServletContext - Initializing Spring TestDispatcherServlet ''
2025-12-23 14:40:30 INFO  org.springframework.test.web.servlet.TestDispatcherServlet - Initializing Servlet ''
2025-12-23 14:40:30 INFO  org.springframework.test.web.servlet.TestDispatcherServlet - Completed initialization in 2 ms
2025-12-23 14:40:30 INFO  com.nihilent.BankingApplication.NihilentBank.controlllerTest.LoanControllerTest - Started LoanControllerTest in 1.19 seconds (process running for 37.908)
2025-12-23 14:40:31 WARN  com.nihilent.bank.serviceimpl.BeneficiaryAccountServiceImpl - Beneficiary Already Exists
2025-12-23 14:40:31 WARN  com.nihilent.bank.serviceimpl.BeneficiaryAccountServiceImpl - Beneficiary Not Found
2025-12-23 14:40:31 WARN  com.nihilent.bank.serviceimpl.BeneficiaryAccountServiceImpl - Beneficiary Not Found
2025-12-23 14:40:31 INFO  com.nihilent.bank.serviceimpl.BeneficiaryAccountServiceImpl - Beneficiary Deleted
2025-12-23 14:40:31 INFO  com.nihilent.bank.serviceimpl.BeneficiaryAccountServiceImpl - Beneficiary Added Successfully
2025-12-23 14:40:31 INFO  org.springframework.boot.devtools.restart.RestartApplicationListener - Restart disabled due to context in which it is running
2025-12-23 14:40:31 INFO  com.nihilent.BankingApplication.NihilentBank.controlllerTest.CreditCardControllerTest - Starting CreditCardControllerTest using Java 17.0.10 with PID 21892 (started by aniket.dhakate in C:\NihilentBankTestCases\BankingApplication)
2025-12-23 14:40:31 INFO  com.nihilent.BankingApplication.NihilentBank.controlllerTest.CreditCardControllerTest - The following 1 profile is active: "dev"
2025-12-23 14:40:32 WARN  org.springframework.boot.autoconfigure.security.servlet.UserDetailsServiceAutoConfiguration - 

Using generated security password: a8c68d75-eadd-4cbe-95e3-a007fcf9de75

This generated password is for development use only. Your security configuration must be updated before running your application in production.

2025-12-23 14:40:32 INFO  org.springframework.security.config.annotation.authentication.configuration.InitializeUserDetailsBeanManagerConfigurer$InitializeUserDetailsManagerConfigurer - Global AuthenticationManager configured with UserDetailsService bean with name inMemoryUserDetailsManager
2025-12-23 14:40:32 INFO  org.springframework.boot.test.mock.web.SpringBootMockServletContext - Initializing Spring TestDispatcherServlet ''
2025-12-23 14:40:32 INFO  org.springframework.test.web.servlet.TestDispatcherServlet - Initializing Servlet ''
2025-12-23 14:40:32 INFO  org.springframework.test.web.servlet.TestDispatcherServlet - Completed initialization in 2 ms
2025-12-23 14:40:32 INFO  com.nihilent.BankingApplication.NihilentBank.controlllerTest.CreditCardControllerTest - Started CreditCardControllerTest in 1.042 seconds (process running for 39.668)
2025-12-23 14:40:32 INFO  org.springframework.boot.devtools.restart.RestartApplicationListener - Restart disabled due to context in which it is running
2025-12-23 14:40:33 INFO  com.nihilent.BankingApplication.NihilentBank.controlllerTest.UpiControllerTest - Starting UpiControllerTest using Java 17.0.10 with PID 21892 (started by aniket.dhakate in C:\NihilentBankTestCases\BankingApplication)
2025-12-23 14:40:33 INFO  com.nihilent.BankingApplication.NihilentBank.controlllerTest.UpiControllerTest - The following 1 profile is active: "dev"
2025-12-23 14:40:33 WARN  org.springframework.boot.autoconfigure.security.servlet.UserDetailsServiceAutoConfiguration - 

Using generated security password: ac4ff5cf-ba9a-4d5a-a1dd-a9ac27028c38

This generated password is for development use only. Your security configuration must be updated before running your application in production.

2025-12-23 14:40:33 INFO  org.springframework.security.config.annotation.authentication.configuration.InitializeUserDetailsBeanManagerConfigurer$InitializeUserDetailsManagerConfigurer - Global AuthenticationManager configured with UserDetailsService bean with name inMemoryUserDetailsManager
2025-12-23 14:40:33 INFO  org.springframework.boot.test.mock.web.SpringBootMockServletContext - Initializing Spring TestDispatcherServlet ''
2025-12-23 14:40:33 INFO  org.springframework.test.web.servlet.TestDispatcherServlet - Initializing Servlet ''
2025-12-23 14:40:33 INFO  org.springframework.test.web.servlet.TestDispatcherServlet - Completed initialization in 1 ms
2025-12-23 14:40:33 INFO  com.nihilent.BankingApplication.NihilentBank.controlllerTest.UpiControllerTest - Started UpiControllerTest in 0.973 seconds (process running for 40.842)
2025-12-23 14:40:34 INFO  com.nihilent.bank.serviceimpl.CreditCardServiceImpl - Request Sent
2025-12-23 14:40:34 INFO  org.springframework.boot.devtools.restart.RestartApplicationListener - Restart disabled due to context in which it is running
2025-12-23 14:40:34 INFO  com.nihilent.BankingApplication.NihilentBank.controlllerTest.CustomerControllerTest - Starting CustomerControllerTest using Java 17.0.10 with PID 21892 (started by aniket.dhakate in C:\NihilentBankTestCases\BankingApplication)
2025-12-23 14:40:34 INFO  com.nihilent.BankingApplication.NihilentBank.controlllerTest.CustomerControllerTest - The following 1 profile is active: "dev"
2025-12-23 14:40:34 WARN  org.springframework.boot.autoconfigure.security.servlet.UserDetailsServiceAutoConfiguration - 

Using generated security password: 79c6f713-65b4-47f8-bd3b-31d15437e88e

This generated password is for development use only. Your security configuration must be updated before running your application in production.

2025-12-23 14:40:34 INFO  org.springframework.security.config.annotation.authentication.configuration.InitializeUserDetailsBeanManagerConfigurer$InitializeUserDetailsManagerConfigurer - Global AuthenticationManager configured with UserDetailsService bean with name inMemoryUserDetailsManager
2025-12-23 14:40:34 INFO  org.springframework.boot.test.mock.web.SpringBootMockServletContext - Initializing Spring TestDispatcherServlet ''
2025-12-23 14:40:34 INFO  org.springframework.test.web.servlet.TestDispatcherServlet - Initializing Servlet ''
2025-12-23 14:40:34 INFO  org.springframework.test.web.servlet.TestDispatcherServlet - Completed initialization in 0 ms
2025-12-23 14:40:34 INFO  com.nihilent.BankingApplication.NihilentBank.controlllerTest.CustomerControllerTest - Started CustomerControllerTest in 0.804 seconds (process running for 41.948)
2025-12-23 14:40:35 INFO  com.nihilent.bank.serviceimpl.CustomerServiceImpl - Customer Registered Successfully
2025-12-23 14:40:35 ERROR com.nihilent.bank.serviceimpl.CustomerServiceImpl - null
2025-12-23 14:40:35 INFO  org.springframework.boot.devtools.restart.RestartApplicationListener - Restart disabled due to context in which it is running
2025-12-23 14:40:35 INFO  com.nihilent.BankingApplication.NihilentBank.controlllerTest.TransactionControllerTest - Starting TransactionControllerTest using Java 17.0.10 with PID 21892 (started by aniket.dhakate in C:\NihilentBankTestCases\BankingApplication)
2025-12-23 14:40:35 INFO  com.nihilent.BankingApplication.NihilentBank.controlllerTest.TransactionControllerTest - The following 1 profile is active: "dev"
2025-12-23 14:40:36 WARN  org.springframework.boot.autoconfigure.security.servlet.UserDetailsServiceAutoConfiguration - 

Using generated security password: ef4df0e3-25c4-4de0-82db-559d4c1f38f5

This generated password is for development use only. Your security configuration must be updated before running your application in production.

2025-12-23 14:40:36 INFO  org.springframework.security.config.annotation.authentication.configuration.InitializeUserDetailsBeanManagerConfigurer$InitializeUserDetailsManagerConfigurer - Global AuthenticationManager configured with UserDetailsService bean with name inMemoryUserDetailsManager
2025-12-23 14:40:36 INFO  org.springframework.boot.test.mock.web.SpringBootMockServletContext - Initializing Spring TestDispatcherServlet ''
2025-12-23 14:40:36 INFO  org.springframework.test.web.servlet.TestDispatcherServlet - Initializing Servlet ''
2025-12-23 14:40:36 INFO  org.springframework.test.web.servlet.TestDispatcherServlet - Completed initialization in 0 ms
2025-12-23 14:40:36 INFO  com.nihilent.BankingApplication.NihilentBank.controlllerTest.TransactionControllerTest - Started TransactionControllerTest in 0.773 seconds (process running for 43.292)
2025-12-23 15:21:58 INFO  org.springframework.boot.devtools.restart.RestartApplicationListener - Restart disabled due to context in which it is running
2025-12-23 15:21:59 INFO  org.hibernate.validator.internal.util.Version - HV000001: Hibernate Validator 8.0.2.Final
2025-12-23 15:22:00 INFO  com.nihilent.BankingApplication.NihilentBank.controlllerTest.DigitalBankControllerTest - Starting DigitalBankControllerTest using Java 17.0.10 with PID 30744 (started by aniket.dhakate in C:\NihilentBankTestCases\BankingApplication)
2025-12-23 15:22:00 INFO  com.nihilent.BankingApplication.NihilentBank.controlllerTest.DigitalBankControllerTest - The following 1 profile is active: "dev"
2025-12-23 15:22:11 WARN  org.springframework.boot.autoconfigure.security.servlet.UserDetailsServiceAutoConfiguration - 

Using generated security password: 11b39ad8-474f-4264-aa89-1b35dee27902

This generated password is for development use only. Your security configuration must be updated before running your application in production.

2025-12-23 15:22:11 INFO  org.springframework.security.config.annotation.authentication.configuration.InitializeUserDetailsBeanManagerConfigurer$InitializeUserDetailsManagerConfigurer - Global AuthenticationManager configured with UserDetailsService bean with name inMemoryUserDetailsManager
2025-12-23 15:22:11 INFO  org.springframework.boot.test.mock.web.SpringBootMockServletContext - Initializing Spring TestDispatcherServlet ''
2025-12-23 15:22:11 INFO  org.springframework.test.web.servlet.TestDispatcherServlet - Initializing Servlet ''
2025-12-23 15:22:11 INFO  org.springframework.test.web.servlet.TestDispatcherServlet - Completed initialization in 4 ms
2025-12-23 15:22:12 INFO  com.nihilent.BankingApplication.NihilentBank.controlllerTest.DigitalBankControllerTest - Started DigitalBankControllerTest in 13.614 seconds (process running for 24.789)
2025-12-23 15:22:14 INFO  com.nihilent.bank.serviceimpl.TransactionServiceImpl - DEBIT SUCCESS
2025-12-23 15:22:14 INFO  com.nihilent.bank.serviceimpl.TransactionServiceImpl - CREDIT SUCCESS
2025-12-23 15:22:14 ERROR com.nihilent.bank.serviceimpl.TransactionServiceImpl - Insufficient Balance
2025-12-23 15:22:14 INFO  org.springframework.boot.devtools.restart.RestartApplicationListener - Restart disabled due to context in which it is running
2025-12-23 15:22:14 INFO  com.nihilent.BankingApplication.NihilentBank.controlllerTest.BankAccountControllerTest - Starting BankAccountControllerTest using Java 17.0.10 with PID 30744 (started by aniket.dhakate in C:\NihilentBankTestCases\BankingApplication)
2025-12-23 15:22:14 INFO  com.nihilent.BankingApplication.NihilentBank.controlllerTest.BankAccountControllerTest - The following 1 profile is active: "dev"
2025-12-23 15:22:15 WARN  org.springframework.boot.autoconfigure.security.servlet.UserDetailsServiceAutoConfiguration - 

Using generated security password: 00243e38-0798-4775-8e55-6c6497007c97

This generated password is for development use only. Your security configuration must be updated before running your application in production.

2025-12-23 15:22:15 INFO  org.springframework.security.config.annotation.authentication.configuration.InitializeUserDetailsBeanManagerConfigurer$InitializeUserDetailsManagerConfigurer - Global AuthenticationManager configured with UserDetailsService bean with name inMemoryUserDetailsManager
2025-12-23 15:22:15 INFO  org.springframework.boot.test.mock.web.SpringBootMockServletContext - Initializing Spring TestDispatcherServlet ''
2025-12-23 15:22:15 INFO  org.springframework.test.web.servlet.TestDispatcherServlet - Initializing Servlet ''
2025-12-23 15:22:15 INFO  org.springframework.test.web.servlet.TestDispatcherServlet - Completed initialization in 2 ms
2025-12-23 15:22:15 INFO  com.nihilent.BankingApplication.NihilentBank.controlllerTest.BankAccountControllerTest - Started BankAccountControllerTest in 1.377 seconds (process running for 28.684)
2025-12-23 15:22:19 INFO  org.springframework.boot.devtools.restart.RestartApplicationListener - Restart disabled due to context in which it is running
2025-12-23 15:22:19 INFO  com.nihilent.BankingApplication.NihilentBank.controlllerTest.BeneficiaryAccountTest - Starting BeneficiaryAccountTest using Java 17.0.10 with PID 30744 (started by aniket.dhakate in C:\NihilentBankTestCases\BankingApplication)
2025-12-23 15:22:19 INFO  com.nihilent.BankingApplication.NihilentBank.controlllerTest.BeneficiaryAccountTest - The following 1 profile is active: "dev"
2025-12-23 15:22:20 WARN  org.springframework.boot.autoconfigure.security.servlet.UserDetailsServiceAutoConfiguration - 

Using generated security password: d493d8bf-b811-4416-a7f0-fc3ce9a0cdc3

This generated password is for development use only. Your security configuration must be updated before running your application in production.

2025-12-23 15:22:20 INFO  org.springframework.security.config.annotation.authentication.configuration.InitializeUserDetailsBeanManagerConfigurer$InitializeUserDetailsManagerConfigurer - Global AuthenticationManager configured with UserDetailsService bean with name inMemoryUserDetailsManager
2025-12-23 15:22:20 INFO  org.springframework.boot.test.mock.web.SpringBootMockServletContext - Initializing Spring TestDispatcherServlet ''
2025-12-23 15:22:20 INFO  org.springframework.test.web.servlet.TestDispatcherServlet - Initializing Servlet ''
2025-12-23 15:22:20 INFO  org.springframework.test.web.servlet.TestDispatcherServlet - Completed initialization in 1 ms
2025-12-23 15:22:20 INFO  com.nihilent.BankingApplication.NihilentBank.controlllerTest.BeneficiaryAccountTest - Started BeneficiaryAccountTest in 1.313 seconds (process running for 33.329)
2025-12-23 15:22:20 INFO  org.springframework.boot.devtools.restart.RestartApplicationListener - Restart disabled due to context in which it is running
2025-12-23 15:22:20 INFO  com.nihilent.BankingApplication.NihilentBank.controlllerTest.BillPaymentsControllerTest - Starting BillPaymentsControllerTest using Java 17.0.10 with PID 30744 (started by aniket.dhakate in C:\NihilentBankTestCases\BankingApplication)
2025-12-23 15:22:20 INFO  com.nihilent.BankingApplication.NihilentBank.controlllerTest.BillPaymentsControllerTest - The following 1 profile is active: "dev"
2025-12-23 15:22:21 WARN  org.springframework.boot.autoconfigure.security.servlet.UserDetailsServiceAutoConfiguration - 

Using generated security password: e1d785c6-98a8-457a-8136-595a2656f655

This generated password is for development use only. Your security configuration must be updated before running your application in production.

2025-12-23 15:22:21 INFO  org.springframework.security.config.annotation.authentication.configuration.InitializeUserDetailsBeanManagerConfigurer$InitializeUserDetailsManagerConfigurer - Global AuthenticationManager configured with UserDetailsService bean with name inMemoryUserDetailsManager
2025-12-23 15:22:21 INFO  org.springframework.boot.test.mock.web.SpringBootMockServletContext - Initializing Spring TestDispatcherServlet ''
2025-12-23 15:22:21 INFO  org.springframework.test.web.servlet.TestDispatcherServlet - Initializing Servlet ''
2025-12-23 15:22:21 INFO  org.springframework.test.web.servlet.TestDispatcherServlet - Completed initialization in 1 ms
2025-12-23 15:22:21 INFO  com.nihilent.BankingApplication.NihilentBank.controlllerTest.BillPaymentsControllerTest - Started BillPaymentsControllerTest in 0.97 seconds (process running for 34.651)
2025-12-23 15:22:22 INFO  org.springframework.boot.devtools.restart.RestartApplicationListener - Restart disabled due to context in which it is running
2025-12-23 15:22:22 INFO  com.nihilent.BankingApplication.NihilentBank.controlllerTest.LoanControllerTest - Starting LoanControllerTest using Java 17.0.10 with PID 30744 (started by aniket.dhakate in C:\NihilentBankTestCases\BankingApplication)
2025-12-23 15:22:22 INFO  com.nihilent.BankingApplication.NihilentBank.controlllerTest.LoanControllerTest - The following 1 profile is active: "dev"
2025-12-23 15:22:22 WARN  org.springframework.boot.autoconfigure.security.servlet.UserDetailsServiceAutoConfiguration - 

Using generated security password: db046908-fe56-47da-ba3c-3ef01bcf90a3

This generated password is for development use only. Your security configuration must be updated before running your application in production.

2025-12-23 15:22:22 INFO  org.springframework.security.config.annotation.authentication.configuration.InitializeUserDetailsBeanManagerConfigurer$InitializeUserDetailsManagerConfigurer - Global AuthenticationManager configured with UserDetailsService bean with name inMemoryUserDetailsManager
2025-12-23 15:22:23 INFO  org.springframework.boot.test.mock.web.SpringBootMockServletContext - Initializing Spring TestDispatcherServlet ''
2025-12-23 15:22:23 INFO  org.springframework.test.web.servlet.TestDispatcherServlet - Initializing Servlet ''
2025-12-23 15:22:23 INFO  org.springframework.test.web.servlet.TestDispatcherServlet - Completed initialization in 1 ms
2025-12-23 15:22:23 INFO  com.nihilent.BankingApplication.NihilentBank.controlllerTest.LoanControllerTest - Started LoanControllerTest in 0.933 seconds (process running for 35.815)
2025-12-23 15:22:23 WARN  com.nihilent.bank.serviceimpl.BeneficiaryAccountServiceImpl - Beneficiary Already Exists
2025-12-23 15:22:23 WARN  com.nihilent.bank.serviceimpl.BeneficiaryAccountServiceImpl - Beneficiary Not Found
2025-12-23 15:22:23 WARN  com.nihilent.bank.serviceimpl.BeneficiaryAccountServiceImpl - Beneficiary Not Found
2025-12-23 15:22:23 INFO  com.nihilent.bank.serviceimpl.BeneficiaryAccountServiceImpl - Beneficiary Deleted
2025-12-23 15:22:23 INFO  com.nihilent.bank.serviceimpl.BeneficiaryAccountServiceImpl - Beneficiary Added Successfully
2025-12-23 15:22:23 INFO  org.springframework.boot.devtools.restart.RestartApplicationListener - Restart disabled due to context in which it is running
2025-12-23 15:22:23 INFO  com.nihilent.BankingApplication.NihilentBank.controlllerTest.CreditCardControllerTest - Starting CreditCardControllerTest using Java 17.0.10 with PID 30744 (started by aniket.dhakate in C:\NihilentBankTestCases\BankingApplication)
2025-12-23 15:22:23 INFO  com.nihilent.BankingApplication.NihilentBank.controlllerTest.CreditCardControllerTest - The following 1 profile is active: "dev"
2025-12-23 15:22:24 WARN  org.springframework.boot.autoconfigure.security.servlet.UserDetailsServiceAutoConfiguration - 

Using generated security password: 33973aea-6b9c-4faa-9848-e65632c78867

This generated password is for development use only. Your security configuration must be updated before running your application in production.

2025-12-23 15:22:24 INFO  org.springframework.security.config.annotation.authentication.configuration.InitializeUserDetailsBeanManagerConfigurer$InitializeUserDetailsManagerConfigurer - Global AuthenticationManager configured with UserDetailsService bean with name inMemoryUserDetailsManager
2025-12-23 15:22:24 INFO  org.springframework.boot.test.mock.web.SpringBootMockServletContext - Initializing Spring TestDispatcherServlet ''
2025-12-23 15:22:24 INFO  org.springframework.test.web.servlet.TestDispatcherServlet - Initializing Servlet ''
2025-12-23 15:22:24 INFO  org.springframework.test.web.servlet.TestDispatcherServlet - Completed initialization in 2 ms
2025-12-23 15:22:24 INFO  com.nihilent.BankingApplication.NihilentBank.controlllerTest.CreditCardControllerTest - Started CreditCardControllerTest in 1.054 seconds (process running for 37.435)
2025-12-23 15:22:24 INFO  org.springframework.boot.devtools.restart.RestartApplicationListener - Restart disabled due to context in which it is running
2025-12-23 15:22:24 INFO  com.nihilent.BankingApplication.NihilentBank.controlllerTest.UpiControllerTest - Starting UpiControllerTest using Java 17.0.10 with PID 30744 (started by aniket.dhakate in C:\NihilentBankTestCases\BankingApplication)
2025-12-23 15:22:24 INFO  com.nihilent.BankingApplication.NihilentBank.controlllerTest.UpiControllerTest - The following 1 profile is active: "dev"
2025-12-23 15:22:25 WARN  org.springframework.boot.autoconfigure.security.servlet.UserDetailsServiceAutoConfiguration - 

Using generated security password: 192ab2c3-f3de-454c-8b22-a8bc4974b858

This generated password is for development use only. Your security configuration must be updated before running your application in production.

2025-12-23 15:22:25 INFO  org.springframework.security.config.annotation.authentication.configuration.InitializeUserDetailsBeanManagerConfigurer$InitializeUserDetailsManagerConfigurer - Global AuthenticationManager configured with UserDetailsService bean with name inMemoryUserDetailsManager
2025-12-23 15:22:25 INFO  org.springframework.boot.test.mock.web.SpringBootMockServletContext - Initializing Spring TestDispatcherServlet ''
2025-12-23 15:22:25 INFO  org.springframework.test.web.servlet.TestDispatcherServlet - Initializing Servlet ''
2025-12-23 15:22:25 INFO  org.springframework.test.web.servlet.TestDispatcherServlet - Completed initialization in 1 ms
2025-12-23 15:22:25 INFO  com.nihilent.BankingApplication.NihilentBank.controlllerTest.UpiControllerTest - Started UpiControllerTest in 0.777 seconds (process running for 38.412)
2025-12-23 15:22:25 INFO  com.nihilent.bank.serviceimpl.CreditCardServiceImpl - Request Sent
2025-12-23 15:22:25 INFO  org.springframework.boot.devtools.restart.RestartApplicationListener - Restart disabled due to context in which it is running
2025-12-23 15:22:26 INFO  com.nihilent.BankingApplication.NihilentBank.controlllerTest.CustomerControllerTest - Starting CustomerControllerTest using Java 17.0.10 with PID 30744 (started by aniket.dhakate in C:\NihilentBankTestCases\BankingApplication)
2025-12-23 15:22:26 INFO  com.nihilent.BankingApplication.NihilentBank.controlllerTest.CustomerControllerTest - The following 1 profile is active: "dev"
2025-12-23 15:22:26 WARN  org.springframework.boot.autoconfigure.security.servlet.UserDetailsServiceAutoConfiguration - 

Using generated security password: a6fc2b17-cfe6-430d-bae0-ba2e834fa34b

This generated password is for development use only. Your security configuration must be updated before running your application in production.

2025-12-23 15:22:26 INFO  org.springframework.security.config.annotation.authentication.configuration.InitializeUserDetailsBeanManagerConfigurer$InitializeUserDetailsManagerConfigurer - Global AuthenticationManager configured with UserDetailsService bean with name inMemoryUserDetailsManager
2025-12-23 15:22:26 INFO  org.springframework.boot.test.mock.web.SpringBootMockServletContext - Initializing Spring TestDispatcherServlet ''
2025-12-23 15:22:26 INFO  org.springframework.test.web.servlet.TestDispatcherServlet - Initializing Servlet ''
2025-12-23 15:22:26 INFO  org.springframework.test.web.servlet.TestDispatcherServlet - Completed initialization in 1 ms
2025-12-23 15:22:26 INFO  com.nihilent.BankingApplication.NihilentBank.controlllerTest.CustomerControllerTest - Started CustomerControllerTest in 0.752 seconds (process running for 39.506)
2025-12-23 15:22:27 INFO  com.nihilent.bank.serviceimpl.CustomerServiceImpl - Customer Registered Successfully
2025-12-23 15:22:27 ERROR com.nihilent.bank.serviceimpl.CustomerServiceImpl - null
2025-12-23 15:22:27 INFO  org.springframework.boot.devtools.restart.RestartApplicationListener - Restart disabled due to context in which it is running
2025-12-23 15:22:27 INFO  com.nihilent.BankingApplication.NihilentBank.controlllerTest.TransactionControllerTest - Starting TransactionControllerTest using Java 17.0.10 with PID 30744 (started by aniket.dhakate in C:\NihilentBankTestCases\BankingApplication)
2025-12-23 15:22:27 INFO  com.nihilent.BankingApplication.NihilentBank.controlllerTest.TransactionControllerTest - The following 1 profile is active: "dev"
2025-12-23 15:22:28 WARN  org.springframework.boot.autoconfigure.security.servlet.UserDetailsServiceAutoConfiguration - 

Using generated security password: af41ff01-63fb-4880-a81d-4d895132f26f

This generated password is for development use only. Your security configuration must be updated before running your application in production.

2025-12-23 15:22:28 INFO  org.springframework.security.config.annotation.authentication.configuration.InitializeUserDetailsBeanManagerConfigurer$InitializeUserDetailsManagerConfigurer - Global AuthenticationManager configured with UserDetailsService bean with name inMemoryUserDetailsManager
2025-12-23 15:22:28 INFO  org.springframework.boot.test.mock.web.SpringBootMockServletContext - Initializing Spring TestDispatcherServlet ''
2025-12-23 15:22:28 INFO  org.springframework.test.web.servlet.TestDispatcherServlet - Initializing Servlet ''
2025-12-23 15:22:28 INFO  org.springframework.test.web.servlet.TestDispatcherServlet - Completed initialization in 1 ms
2025-12-23 15:22:28 INFO  com.nihilent.BankingApplication.NihilentBank.controlllerTest.TransactionControllerTest - Started TransactionControllerTest in 0.728 seconds (process running for 40.891)
2025-12-23 15:27:54 INFO  org.springframework.boot.devtools.restart.RestartApplicationListener - Restart disabled due to context in which it is running
2025-12-23 15:27:57 INFO  org.hibernate.validator.internal.util.Version - HV000001: Hibernate Validator 8.0.2.Final
2025-12-23 15:27:57 INFO  com.nihilent.BankingApplication.NihilentBank.controlllerTest.DigitalBankControllerTest - Starting DigitalBankControllerTest using Java 17.0.10 with PID 34028 (started by aniket.dhakate in C:\NihilentBankTestCases\BankingApplication)
2025-12-23 15:27:57 INFO  com.nihilent.BankingApplication.NihilentBank.controlllerTest.DigitalBankControllerTest - The following 1 profile is active: "dev"
2025-12-23 15:28:08 WARN  org.springframework.boot.autoconfigure.security.servlet.UserDetailsServiceAutoConfiguration - 

Using generated security password: d4b5dd13-e713-4af2-b2d3-ab430a12c241

This generated password is for development use only. Your security configuration must be updated before running your application in production.

2025-12-23 15:28:08 INFO  org.springframework.security.config.annotation.authentication.configuration.InitializeUserDetailsBeanManagerConfigurer$InitializeUserDetailsManagerConfigurer - Global AuthenticationManager configured with UserDetailsService bean with name inMemoryUserDetailsManager
2025-12-23 15:28:09 INFO  org.springframework.boot.test.mock.web.SpringBootMockServletContext - Initializing Spring TestDispatcherServlet ''
2025-12-23 15:28:09 INFO  org.springframework.test.web.servlet.TestDispatcherServlet - Initializing Servlet ''
2025-12-23 15:28:09 INFO  org.springframework.test.web.servlet.TestDispatcherServlet - Completed initialization in 4 ms
2025-12-23 15:28:09 INFO  com.nihilent.BankingApplication.NihilentBank.controlllerTest.DigitalBankControllerTest - Started DigitalBankControllerTest in 14.738 seconds (process running for 34.731)
2025-12-23 15:28:10 INFO  com.nihilent.bank.serviceimpl.TransactionServiceImpl - DEBIT SUCCESS
2025-12-23 15:28:10 INFO  com.nihilent.bank.serviceimpl.TransactionServiceImpl - CREDIT SUCCESS
2025-12-23 15:28:10 ERROR com.nihilent.bank.serviceimpl.TransactionServiceImpl - Insufficient Balance
2025-12-23 15:28:10 INFO  org.springframework.boot.devtools.restart.RestartApplicationListener - Restart disabled due to context in which it is running
2025-12-23 15:28:11 INFO  com.nihilent.BankingApplication.NihilentBank.controlllerTest.BankAccountControllerTest - Starting BankAccountControllerTest using Java 17.0.10 with PID 34028 (started by aniket.dhakate in C:\NihilentBankTestCases\BankingApplication)
2025-12-23 15:28:11 INFO  com.nihilent.BankingApplication.NihilentBank.controlllerTest.BankAccountControllerTest - The following 1 profile is active: "dev"
2025-12-23 15:28:12 WARN  org.springframework.boot.autoconfigure.security.servlet.UserDetailsServiceAutoConfiguration - 

Using generated security password: 2f07fb63-eb74-426d-92e9-2ec1941d8198

This generated password is for development use only. Your security configuration must be updated before running your application in production.

2025-12-23 15:28:12 INFO  org.springframework.security.config.annotation.authentication.configuration.InitializeUserDetailsBeanManagerConfigurer$InitializeUserDetailsManagerConfigurer - Global AuthenticationManager configured with UserDetailsService bean with name inMemoryUserDetailsManager
2025-12-23 15:28:12 INFO  org.springframework.boot.test.mock.web.SpringBootMockServletContext - Initializing Spring TestDispatcherServlet ''
2025-12-23 15:28:12 INFO  org.springframework.test.web.servlet.TestDispatcherServlet - Initializing Servlet ''
2025-12-23 15:28:12 INFO  org.springframework.test.web.servlet.TestDispatcherServlet - Completed initialization in 2 ms
2025-12-23 15:28:12 INFO  com.nihilent.BankingApplication.NihilentBank.controlllerTest.BankAccountControllerTest - Started BankAccountControllerTest in 1.42 seconds (process running for 37.936)
2025-12-23 15:28:15 INFO  org.springframework.boot.devtools.restart.RestartApplicationListener - Restart disabled due to context in which it is running
2025-12-23 15:28:15 INFO  com.nihilent.BankingApplication.NihilentBank.controlllerTest.BeneficiaryAccountTest - Starting BeneficiaryAccountTest using Java 17.0.10 with PID 34028 (started by aniket.dhakate in C:\NihilentBankTestCases\BankingApplication)
2025-12-23 15:28:15 INFO  com.nihilent.BankingApplication.NihilentBank.controlllerTest.BeneficiaryAccountTest - The following 1 profile is active: "dev"
2025-12-23 15:28:16 WARN  org.springframework.boot.autoconfigure.security.servlet.UserDetailsServiceAutoConfiguration - 

Using generated security password: 8d733bb6-767e-48f4-be80-dd113364eeca

This generated password is for development use only. Your security configuration must be updated before running your application in production.

2025-12-23 15:28:16 INFO  org.springframework.security.config.annotation.authentication.configuration.InitializeUserDetailsBeanManagerConfigurer$InitializeUserDetailsManagerConfigurer - Global AuthenticationManager configured with UserDetailsService bean with name inMemoryUserDetailsManager
2025-12-23 15:28:16 INFO  org.springframework.boot.test.mock.web.SpringBootMockServletContext - Initializing Spring TestDispatcherServlet ''
2025-12-23 15:28:16 INFO  org.springframework.test.web.servlet.TestDispatcherServlet - Initializing Servlet ''
2025-12-23 15:28:16 INFO  org.springframework.test.web.servlet.TestDispatcherServlet - Completed initialization in 3 ms
2025-12-23 15:28:16 INFO  com.nihilent.BankingApplication.NihilentBank.controlllerTest.BeneficiaryAccountTest - Started BeneficiaryAccountTest in 1.544 seconds (process running for 42.429)
2025-12-23 15:28:17 INFO  org.springframework.boot.devtools.restart.RestartApplicationListener - Restart disabled due to context in which it is running
2025-12-23 15:28:17 INFO  com.nihilent.BankingApplication.NihilentBank.controlllerTest.BillPaymentsControllerTest - Starting BillPaymentsControllerTest using Java 17.0.10 with PID 34028 (started by aniket.dhakate in C:\NihilentBankTestCases\BankingApplication)
2025-12-23 15:28:17 INFO  com.nihilent.BankingApplication.NihilentBank.controlllerTest.BillPaymentsControllerTest - The following 1 profile is active: "dev"
2025-12-23 15:28:18 WARN  org.springframework.boot.autoconfigure.security.servlet.UserDetailsServiceAutoConfiguration - 

Using generated security password: b1df79af-8175-480d-a235-2f614d48b394

This generated password is for development use only. Your security configuration must be updated before running your application in production.

2025-12-23 15:28:18 INFO  org.springframework.security.config.annotation.authentication.configuration.InitializeUserDetailsBeanManagerConfigurer$InitializeUserDetailsManagerConfigurer - Global AuthenticationManager configured with UserDetailsService bean with name inMemoryUserDetailsManager
2025-12-23 15:28:18 INFO  org.springframework.boot.test.mock.web.SpringBootMockServletContext - Initializing Spring TestDispatcherServlet ''
2025-12-23 15:28:18 INFO  org.springframework.test.web.servlet.TestDispatcherServlet - Initializing Servlet ''
2025-12-23 15:28:18 INFO  org.springframework.test.web.servlet.TestDispatcherServlet - Completed initialization in 3 ms
2025-12-23 15:28:18 INFO  com.nihilent.BankingApplication.NihilentBank.controlllerTest.BillPaymentsControllerTest - Started BillPaymentsControllerTest in 1.352 seconds (process running for 44.165)
2025-12-23 15:28:18 INFO  org.springframework.boot.devtools.restart.RestartApplicationListener - Restart disabled due to context in which it is running
2025-12-23 15:28:19 INFO  com.nihilent.BankingApplication.NihilentBank.controlllerTest.LoanControllerTest - Starting LoanControllerTest using Java 17.0.10 with PID 34028 (started by aniket.dhakate in C:\NihilentBankTestCases\BankingApplication)
2025-12-23 15:28:19 INFO  com.nihilent.BankingApplication.NihilentBank.controlllerTest.LoanControllerTest - The following 1 profile is active: "dev"
2025-12-23 15:28:20 WARN  org.springframework.boot.autoconfigure.security.servlet.UserDetailsServiceAutoConfiguration - 

Using generated security password: 2ca883a7-4935-48a7-9536-636178e47207

This generated password is for development use only. Your security configuration must be updated before running your application in production.

2025-12-23 15:28:20 INFO  org.springframework.security.config.annotation.authentication.configuration.InitializeUserDetailsBeanManagerConfigurer$InitializeUserDetailsManagerConfigurer - Global AuthenticationManager configured with UserDetailsService bean with name inMemoryUserDetailsManager
2025-12-23 15:28:20 INFO  org.springframework.boot.test.mock.web.SpringBootMockServletContext - Initializing Spring TestDispatcherServlet ''
2025-12-23 15:28:20 INFO  org.springframework.test.web.servlet.TestDispatcherServlet - Initializing Servlet ''
2025-12-23 15:28:20 INFO  org.springframework.test.web.servlet.TestDispatcherServlet - Completed initialization in 1 ms
2025-12-23 15:28:20 INFO  com.nihilent.BankingApplication.NihilentBank.controlllerTest.LoanControllerTest - Started LoanControllerTest in 1.183 seconds (process running for 45.717)
2025-12-23 15:28:20 WARN  com.nihilent.bank.serviceimpl.BeneficiaryAccountServiceImpl - Beneficiary Already Exists
2025-12-23 15:28:20 WARN  com.nihilent.bank.serviceimpl.BeneficiaryAccountServiceImpl - Beneficiary Not Found
2025-12-23 15:28:20 WARN  com.nihilent.bank.serviceimpl.BeneficiaryAccountServiceImpl - Beneficiary Not Found
2025-12-23 15:28:20 INFO  com.nihilent.bank.serviceimpl.BeneficiaryAccountServiceImpl - Beneficiary Deleted
2025-12-23 15:28:20 INFO  com.nihilent.bank.serviceimpl.BeneficiaryAccountServiceImpl - Beneficiary Added Successfully
2025-12-23 15:28:20 INFO  org.springframework.boot.devtools.restart.RestartApplicationListener - Restart disabled due to context in which it is running
2025-12-23 15:28:20 INFO  com.nihilent.BankingApplication.NihilentBank.controlllerTest.CreditCardControllerTest - Starting CreditCardControllerTest using Java 17.0.10 with PID 34028 (started by aniket.dhakate in C:\NihilentBankTestCases\BankingApplication)
2025-12-23 15:28:20 INFO  com.nihilent.BankingApplication.NihilentBank.controlllerTest.CreditCardControllerTest - The following 1 profile is active: "dev"
2025-12-23 15:28:21 WARN  org.springframework.boot.autoconfigure.security.servlet.UserDetailsServiceAutoConfiguration - 

Using generated security password: ecdffb2c-8d82-43d7-b147-1b4c1095636b

This generated password is for development use only. Your security configuration must be updated before running your application in production.

2025-12-23 15:28:21 INFO  org.springframework.security.config.annotation.authentication.configuration.InitializeUserDetailsBeanManagerConfigurer$InitializeUserDetailsManagerConfigurer - Global AuthenticationManager configured with UserDetailsService bean with name inMemoryUserDetailsManager
2025-12-23 15:28:21 INFO  org.springframework.boot.test.mock.web.SpringBootMockServletContext - Initializing Spring TestDispatcherServlet ''
2025-12-23 15:28:21 INFO  org.springframework.test.web.servlet.TestDispatcherServlet - Initializing Servlet ''
2025-12-23 15:28:21 INFO  org.springframework.test.web.servlet.TestDispatcherServlet - Completed initialization in 3 ms
2025-12-23 15:28:21 INFO  com.nihilent.BankingApplication.NihilentBank.controlllerTest.CreditCardControllerTest - Started CreditCardControllerTest in 1.154 seconds (process running for 47.519)
2025-12-23 15:28:22 INFO  org.springframework.boot.devtools.restart.RestartApplicationListener - Restart disabled due to context in which it is running
2025-12-23 15:28:22 INFO  com.nihilent.BankingApplication.NihilentBank.controlllerTest.UpiControllerTest - Starting UpiControllerTest using Java 17.0.10 with PID 34028 (started by aniket.dhakate in C:\NihilentBankTestCases\BankingApplication)
2025-12-23 15:28:22 INFO  com.nihilent.BankingApplication.NihilentBank.controlllerTest.UpiControllerTest - The following 1 profile is active: "dev"
2025-12-23 15:28:22 WARN  org.springframework.boot.autoconfigure.security.servlet.UserDetailsServiceAutoConfiguration - 

Using generated security password: b1ae0df3-2958-4862-aa73-68f51732a00f

This generated password is for development use only. Your security configuration must be updated before running your application in production.

2025-12-23 15:28:22 INFO  org.springframework.security.config.annotation.authentication.configuration.InitializeUserDetailsBeanManagerConfigurer$InitializeUserDetailsManagerConfigurer - Global AuthenticationManager configured with UserDetailsService bean with name inMemoryUserDetailsManager
2025-12-23 15:28:22 INFO  org.springframework.boot.test.mock.web.SpringBootMockServletContext - Initializing Spring TestDispatcherServlet ''
2025-12-23 15:28:22 INFO  org.springframework.test.web.servlet.TestDispatcherServlet - Initializing Servlet ''
2025-12-23 15:28:22 INFO  org.springframework.test.web.servlet.TestDispatcherServlet - Completed initialization in 1 ms
2025-12-23 15:28:22 INFO  com.nihilent.BankingApplication.NihilentBank.controlllerTest.UpiControllerTest - Started UpiControllerTest in 0.825 seconds (process running for 48.536)
2025-12-23 15:28:23 INFO  com.nihilent.bank.serviceimpl.CreditCardServiceImpl - Request Sent
2025-12-23 15:28:23 INFO  org.springframework.boot.devtools.restart.RestartApplicationListener - Restart disabled due to context in which it is running
2025-12-23 15:28:23 INFO  com.nihilent.BankingApplication.NihilentBank.controlllerTest.CustomerControllerTest - Starting CustomerControllerTest using Java 17.0.10 with PID 34028 (started by aniket.dhakate in C:\NihilentBankTestCases\BankingApplication)
2025-12-23 15:28:23 INFO  com.nihilent.BankingApplication.NihilentBank.controlllerTest.CustomerControllerTest - The following 1 profile is active: "dev"
2025-12-23 15:28:24 WARN  org.springframework.boot.autoconfigure.security.servlet.UserDetailsServiceAutoConfiguration - 

Using generated security password: 51acde8a-fd8b-43f8-8e03-2b18bbfcb93c

This generated password is for development use only. Your security configuration must be updated before running your application in production.

2025-12-23 15:28:24 INFO  org.springframework.security.config.annotation.authentication.configuration.InitializeUserDetailsBeanManagerConfigurer$InitializeUserDetailsManagerConfigurer - Global AuthenticationManager configured with UserDetailsService bean with name inMemoryUserDetailsManager
2025-12-23 15:28:24 INFO  org.springframework.boot.test.mock.web.SpringBootMockServletContext - Initializing Spring TestDispatcherServlet ''
2025-12-23 15:28:24 INFO  org.springframework.test.web.servlet.TestDispatcherServlet - Initializing Servlet ''
2025-12-23 15:28:24 INFO  org.springframework.test.web.servlet.TestDispatcherServlet - Completed initialization in 0 ms
2025-12-23 15:28:24 INFO  com.nihilent.BankingApplication.NihilentBank.controlllerTest.CustomerControllerTest - Started CustomerControllerTest in 0.819 seconds (process running for 49.66)
2025-12-23 15:28:24 INFO  com.nihilent.bank.serviceimpl.CustomerServiceImpl - Customer Registered Successfully
2025-12-23 15:28:24 ERROR com.nihilent.bank.serviceimpl.CustomerServiceImpl - null
2025-12-23 15:28:24 INFO  org.springframework.boot.devtools.restart.RestartApplicationListener - Restart disabled due to context in which it is running
2025-12-23 15:28:24 INFO  com.nihilent.BankingApplication.NihilentBank.controlllerTest.TransactionControllerTest - Starting TransactionControllerTest using Java 17.0.10 with PID 34028 (started by aniket.dhakate in C:\NihilentBankTestCases\BankingApplication)
2025-12-23 15:28:24 INFO  com.nihilent.BankingApplication.NihilentBank.controlllerTest.TransactionControllerTest - The following 1 profile is active: "dev"
2025-12-23 15:28:25 WARN  org.springframework.boot.autoconfigure.security.servlet.UserDetailsServiceAutoConfiguration - 

Using generated security password: f7aba0ff-2b37-443b-829c-2a07f3f4e6fc

This generated password is for development use only. Your security configuration must be updated before running your application in production.

2025-12-23 15:28:25 INFO  org.springframework.security.config.annotation.authentication.configuration.InitializeUserDetailsBeanManagerConfigurer$InitializeUserDetailsManagerConfigurer - Global AuthenticationManager configured with UserDetailsService bean with name inMemoryUserDetailsManager
2025-12-23 15:28:25 INFO  org.springframework.boot.test.mock.web.SpringBootMockServletContext - Initializing Spring TestDispatcherServlet ''
2025-12-23 15:28:25 INFO  org.springframework.test.web.servlet.TestDispatcherServlet - Initializing Servlet ''
2025-12-23 15:28:25 INFO  org.springframework.test.web.servlet.TestDispatcherServlet - Completed initialization in 1 ms
2025-12-23 15:28:25 INFO  com.nihilent.BankingApplication.NihilentBank.controlllerTest.TransactionControllerTest - Started TransactionControllerTest in 0.699 seconds (process running for 50.933)
2025-12-23 15:43:59 INFO  com.nihilent.bank.serviceimpl.CustomerServiceImpl - Customer Registered Successfully
2025-12-23 15:43:59 WARN  com.nihilent.bank.serviceimpl.CustomerServiceImpl - null
2025-12-23 15:43:59 WARN  com.nihilent.bank.serviceimpl.CustomerServiceImpl - null
2025-12-23 15:43:59 ERROR com.nihilent.bank.serviceimpl.CustomerServiceImpl - null
2025-12-23 15:49:47 WARN  com.nihilent.bank.serviceimpl.CustomerServiceImpl - null
2025-12-23 16:03:19 WARN  com.nihilent.bank.serviceimpl.CustomerServiceImpl - null
2025-12-23 16:04:57 WARN  com.nihilent.bank.serviceimpl.CustomerServiceImpl - null
2025-12-23 16:15:58 WARN  com.nihilent.bank.serviceimpl.CustomerServiceImpl - null
2025-12-23 16:21:53 WARN  com.nihilent.bank.serviceimpl.CustomerServiceImpl - Failed, Wrong EmailId or Password.
2025-12-23 16:22:17 WARN  com.nihilent.bank.serviceimpl.CustomerServiceImpl - Failed, Wrong EmailId or Password.
2025-12-23 16:22:45 INFO  com.nihilent.bank.serviceimpl.CustomerServiceImpl - Customer Registered Successfully
2025-12-23 16:22:45 WARN  com.nihilent.bank.serviceimpl.CustomerServiceImpl - Failed, Wrong EmailId or Password.
2025-12-23 16:22:45 WARN  com.nihilent.bank.serviceimpl.CustomerServiceImpl - Failed, Wrong EmailId or Password.
2025-12-23 16:22:45 ERROR com.nihilent.bank.serviceimpl.CustomerServiceImpl - null
2025-12-23 16:23:11 INFO  org.springframework.boot.devtools.restart.RestartApplicationListener - Restart disabled due to context in which it is running
2025-12-23 16:23:13 INFO  org.hibernate.validator.internal.util.Version - HV000001: Hibernate Validator 8.0.2.Final
2025-12-23 16:23:14 INFO  com.nihilent.BankingApplication.NihilentBank.controlllerTest.DigitalBankControllerTest - Starting DigitalBankControllerTest using Java 17.0.10 with PID 32872 (started by aniket.dhakate in C:\NihilentBankTestCases\BankingApplication)
2025-12-23 16:23:14 INFO  com.nihilent.BankingApplication.NihilentBank.controlllerTest.DigitalBankControllerTest - The following 1 profile is active: "dev"
2025-12-23 16:23:25 WARN  org.springframework.boot.autoconfigure.security.servlet.UserDetailsServiceAutoConfiguration - 

Using generated security password: 9f753f63-69ce-4acd-8aaa-7e5821e512ab

This generated password is for development use only. Your security configuration must be updated before running your application in production.

2025-12-23 16:23:25 INFO  org.springframework.security.config.annotation.authentication.configuration.InitializeUserDetailsBeanManagerConfigurer$InitializeUserDetailsManagerConfigurer - Global AuthenticationManager configured with UserDetailsService bean with name inMemoryUserDetailsManager
2025-12-23 16:23:26 INFO  org.springframework.boot.test.mock.web.SpringBootMockServletContext - Initializing Spring TestDispatcherServlet ''
2025-12-23 16:23:26 INFO  org.springframework.test.web.servlet.TestDispatcherServlet - Initializing Servlet ''
2025-12-23 16:23:26 INFO  org.springframework.test.web.servlet.TestDispatcherServlet - Completed initialization in 6 ms
2025-12-23 16:23:26 INFO  com.nihilent.BankingApplication.NihilentBank.controlllerTest.DigitalBankControllerTest - Started DigitalBankControllerTest in 15.096 seconds (process running for 26.933)
2025-12-23 16:23:29 INFO  com.nihilent.bank.serviceimpl.TransactionServiceImpl - DEBIT SUCCESS
2025-12-23 16:23:29 INFO  com.nihilent.bank.serviceimpl.TransactionServiceImpl - CREDIT SUCCESS
2025-12-23 16:23:29 ERROR com.nihilent.bank.serviceimpl.TransactionServiceImpl - Insufficient Balance
2025-12-23 16:23:29 INFO  org.springframework.boot.devtools.restart.RestartApplicationListener - Restart disabled due to context in which it is running
2025-12-23 16:23:30 INFO  com.nihilent.BankingApplication.NihilentBank.controlllerTest.BankAccountControllerTest - Starting BankAccountControllerTest using Java 17.0.10 with PID 32872 (started by aniket.dhakate in C:\NihilentBankTestCases\BankingApplication)
2025-12-23 16:23:30 INFO  com.nihilent.BankingApplication.NihilentBank.controlllerTest.BankAccountControllerTest - The following 1 profile is active: "dev"
2025-12-23 16:23:31 WARN  org.springframework.boot.autoconfigure.security.servlet.UserDetailsServiceAutoConfiguration - 

Using generated security password: 0449bb16-8b16-442c-83b2-e17102d30e3d

This generated password is for development use only. Your security configuration must be updated before running your application in production.

2025-12-23 16:23:31 INFO  org.springframework.security.config.annotation.authentication.configuration.InitializeUserDetailsBeanManagerConfigurer$InitializeUserDetailsManagerConfigurer - Global AuthenticationManager configured with UserDetailsService bean with name inMemoryUserDetailsManager
2025-12-23 16:23:31 INFO  org.springframework.boot.test.mock.web.SpringBootMockServletContext - Initializing Spring TestDispatcherServlet ''
2025-12-23 16:23:31 INFO  org.springframework.test.web.servlet.TestDispatcherServlet - Initializing Servlet ''
2025-12-23 16:23:31 INFO  org.springframework.test.web.servlet.TestDispatcherServlet - Completed initialization in 2 ms
2025-12-23 16:23:31 INFO  com.nihilent.BankingApplication.NihilentBank.controlllerTest.BankAccountControllerTest - Started BankAccountControllerTest in 1.336 seconds (process running for 31.39)
2025-12-23 16:23:34 INFO  org.springframework.boot.devtools.restart.RestartApplicationListener - Restart disabled due to context in which it is running
2025-12-23 16:23:34 INFO  com.nihilent.BankingApplication.NihilentBank.controlllerTest.BeneficiaryAccountTest - Starting BeneficiaryAccountTest using Java 17.0.10 with PID 32872 (started by aniket.dhakate in C:\NihilentBankTestCases\BankingApplication)
2025-12-23 16:23:34 INFO  com.nihilent.BankingApplication.NihilentBank.controlllerTest.BeneficiaryAccountTest - The following 1 profile is active: "dev"
2025-12-23 16:23:35 WARN  org.springframework.boot.autoconfigure.security.servlet.UserDetailsServiceAutoConfiguration - 

Using generated security password: 3f80a83b-ee1e-4fa8-becf-de7451b3eaaf

This generated password is for development use only. Your security configuration must be updated before running your application in production.

2025-12-23 16:23:35 INFO  org.springframework.security.config.annotation.authentication.configuration.InitializeUserDetailsBeanManagerConfigurer$InitializeUserDetailsManagerConfigurer - Global AuthenticationManager configured with UserDetailsService bean with name inMemoryUserDetailsManager
2025-12-23 16:23:35 INFO  org.springframework.boot.test.mock.web.SpringBootMockServletContext - Initializing Spring TestDispatcherServlet ''
2025-12-23 16:23:35 INFO  org.springframework.test.web.servlet.TestDispatcherServlet - Initializing Servlet ''
2025-12-23 16:23:35 INFO  org.springframework.test.web.servlet.TestDispatcherServlet - Completed initialization in 1 ms
2025-12-23 16:23:35 INFO  com.nihilent.BankingApplication.NihilentBank.controlllerTest.BeneficiaryAccountTest - Started BeneficiaryAccountTest in 1.063 seconds (process running for 35.448)
2025-12-23 16:23:35 INFO  org.springframework.boot.devtools.restart.RestartApplicationListener - Restart disabled due to context in which it is running
2025-12-23 16:23:35 INFO  com.nihilent.BankingApplication.NihilentBank.controlllerTest.BillPaymentsControllerTest - Starting BillPaymentsControllerTest using Java 17.0.10 with PID 32872 (started by aniket.dhakate in C:\NihilentBankTestCases\BankingApplication)
2025-12-23 16:23:35 INFO  com.nihilent.BankingApplication.NihilentBank.controlllerTest.BillPaymentsControllerTest - The following 1 profile is active: "dev"
2025-12-23 16:23:36 WARN  org.springframework.boot.autoconfigure.security.servlet.UserDetailsServiceAutoConfiguration - 

Using generated security password: dcab7afa-e1f2-4976-b4bf-ddd6441df3f2

This generated password is for development use only. Your security configuration must be updated before running your application in production.

2025-12-23 16:23:36 INFO  org.springframework.security.config.annotation.authentication.configuration.InitializeUserDetailsBeanManagerConfigurer$InitializeUserDetailsManagerConfigurer - Global AuthenticationManager configured with UserDetailsService bean with name inMemoryUserDetailsManager
2025-12-23 16:23:36 INFO  org.springframework.boot.test.mock.web.SpringBootMockServletContext - Initializing Spring TestDispatcherServlet ''
2025-12-23 16:23:36 INFO  org.springframework.test.web.servlet.TestDispatcherServlet - Initializing Servlet ''
2025-12-23 16:23:36 INFO  org.springframework.test.web.servlet.TestDispatcherServlet - Completed initialization in 1 ms
2025-12-23 16:23:36 INFO  com.nihilent.BankingApplication.NihilentBank.controlllerTest.BillPaymentsControllerTest - Started BillPaymentsControllerTest in 0.919 seconds (process running for 36.63)
2025-12-23 16:23:36 INFO  org.springframework.boot.devtools.restart.RestartApplicationListener - Restart disabled due to context in which it is running
2025-12-23 16:23:37 INFO  com.nihilent.BankingApplication.NihilentBank.controlllerTest.LoanControllerTest - Starting LoanControllerTest using Java 17.0.10 with PID 32872 (started by aniket.dhakate in C:\NihilentBankTestCases\BankingApplication)
2025-12-23 16:23:37 INFO  com.nihilent.BankingApplication.NihilentBank.controlllerTest.LoanControllerTest - The following 1 profile is active: "dev"
2025-12-23 16:23:38 WARN  org.springframework.boot.autoconfigure.security.servlet.UserDetailsServiceAutoConfiguration - 

Using generated security password: 34f838e9-47c0-4261-a23d-5d193f325b3d

This generated password is for development use only. Your security configuration must be updated before running your application in production.

2025-12-23 16:23:38 INFO  org.springframework.security.config.annotation.authentication.configuration.InitializeUserDetailsBeanManagerConfigurer$InitializeUserDetailsManagerConfigurer - Global AuthenticationManager configured with UserDetailsService bean with name inMemoryUserDetailsManager
2025-12-23 16:23:38 INFO  org.springframework.boot.test.mock.web.SpringBootMockServletContext - Initializing Spring TestDispatcherServlet ''
2025-12-23 16:23:38 INFO  org.springframework.test.web.servlet.TestDispatcherServlet - Initializing Servlet ''
2025-12-23 16:23:38 INFO  org.springframework.test.web.servlet.TestDispatcherServlet - Completed initialization in 1 ms
2025-12-23 16:23:38 INFO  com.nihilent.BankingApplication.NihilentBank.controlllerTest.LoanControllerTest - Started LoanControllerTest in 1.788 seconds (process running for 38.792)
2025-12-23 16:23:39 WARN  com.nihilent.bank.serviceimpl.BeneficiaryAccountServiceImpl - Beneficiary Already Exists
2025-12-23 16:23:39 WARN  com.nihilent.bank.serviceimpl.BeneficiaryAccountServiceImpl - Beneficiary Not Found
2025-12-23 16:23:39 WARN  com.nihilent.bank.serviceimpl.BeneficiaryAccountServiceImpl - Beneficiary Not Found
2025-12-23 16:23:39 INFO  com.nihilent.bank.serviceimpl.BeneficiaryAccountServiceImpl - Beneficiary Deleted
2025-12-23 16:23:39 INFO  com.nihilent.bank.serviceimpl.BeneficiaryAccountServiceImpl - Beneficiary Added Successfully
2025-12-23 16:23:39 INFO  org.springframework.boot.devtools.restart.RestartApplicationListener - Restart disabled due to context in which it is running
2025-12-23 16:23:39 INFO  com.nihilent.BankingApplication.NihilentBank.controlllerTest.CreditCardControllerTest - Starting CreditCardControllerTest using Java 17.0.10 with PID 32872 (started by aniket.dhakate in C:\NihilentBankTestCases\BankingApplication)
2025-12-23 16:23:39 INFO  com.nihilent.BankingApplication.NihilentBank.controlllerTest.CreditCardControllerTest - The following 1 profile is active: "dev"
2025-12-23 16:23:40 WARN  org.springframework.boot.autoconfigure.security.servlet.UserDetailsServiceAutoConfiguration - 

Using generated security password: 4dda1ff5-d5cf-444e-9ac7-9fb9c4c6f234

This generated password is for development use only. Your security configuration must be updated before running your application in production.

2025-12-23 16:23:40 INFO  org.springframework.security.config.annotation.authentication.configuration.InitializeUserDetailsBeanManagerConfigurer$InitializeUserDetailsManagerConfigurer - Global AuthenticationManager configured with UserDetailsService bean with name inMemoryUserDetailsManager
2025-12-23 16:23:40 INFO  org.springframework.boot.test.mock.web.SpringBootMockServletContext - Initializing Spring TestDispatcherServlet ''
2025-12-23 16:23:40 INFO  org.springframework.test.web.servlet.TestDispatcherServlet - Initializing Servlet ''
2025-12-23 16:23:40 INFO  org.springframework.test.web.servlet.TestDispatcherServlet - Completed initialization in 1 ms
2025-12-23 16:23:40 INFO  com.nihilent.BankingApplication.NihilentBank.controlllerTest.CreditCardControllerTest - Started CreditCardControllerTest in 1.542 seconds (process running for 41.102)
2025-12-23 16:23:41 INFO  org.springframework.boot.devtools.restart.RestartApplicationListener - Restart disabled due to context in which it is running
2025-12-23 16:23:41 INFO  com.nihilent.BankingApplication.NihilentBank.controlllerTest.UpiControllerTest - Starting UpiControllerTest using Java 17.0.10 with PID 32872 (started by aniket.dhakate in C:\NihilentBankTestCases\BankingApplication)
2025-12-23 16:23:41 INFO  com.nihilent.BankingApplication.NihilentBank.controlllerTest.UpiControllerTest - The following 1 profile is active: "dev"
2025-12-23 16:23:42 WARN  org.springframework.boot.autoconfigure.security.servlet.UserDetailsServiceAutoConfiguration - 

Using generated security password: c55ebc10-7383-4dfe-ac4f-1f380fb74da7

This generated password is for development use only. Your security configuration must be updated before running your application in production.

2025-12-23 16:23:42 INFO  org.springframework.security.config.annotation.authentication.configuration.InitializeUserDetailsBeanManagerConfigurer$InitializeUserDetailsManagerConfigurer - Global AuthenticationManager configured with UserDetailsService bean with name inMemoryUserDetailsManager
2025-12-23 16:23:42 INFO  org.springframework.boot.test.mock.web.SpringBootMockServletContext - Initializing Spring TestDispatcherServlet ''
2025-12-23 16:23:42 INFO  org.springframework.test.web.servlet.TestDispatcherServlet - Initializing Servlet ''
2025-12-23 16:23:42 INFO  org.springframework.test.web.servlet.TestDispatcherServlet - Completed initialization in 1 ms
2025-12-23 16:23:42 INFO  com.nihilent.BankingApplication.NihilentBank.controlllerTest.UpiControllerTest - Started UpiControllerTest in 1.111 seconds (process running for 42.489)
2025-12-23 16:23:42 INFO  com.nihilent.bank.serviceimpl.CreditCardServiceImpl - Request Sent
2025-12-23 16:23:42 INFO  org.springframework.boot.devtools.restart.RestartApplicationListener - Restart disabled due to context in which it is running
2025-12-23 16:23:42 INFO  com.nihilent.BankingApplication.NihilentBank.controlllerTest.CustomerControllerTest - Starting CustomerControllerTest using Java 17.0.10 with PID 32872 (started by aniket.dhakate in C:\NihilentBankTestCases\BankingApplication)
2025-12-23 16:23:42 INFO  com.nihilent.BankingApplication.NihilentBank.controlllerTest.CustomerControllerTest - The following 1 profile is active: "dev"
2025-12-23 16:23:43 WARN  org.springframework.boot.autoconfigure.security.servlet.UserDetailsServiceAutoConfiguration - 

Using generated security password: 088e6bd4-b276-4f6e-accd-6674bcd5a05a

This generated password is for development use only. Your security configuration must be updated before running your application in production.

2025-12-23 16:23:43 INFO  org.springframework.security.config.annotation.authentication.configuration.InitializeUserDetailsBeanManagerConfigurer$InitializeUserDetailsManagerConfigurer - Global AuthenticationManager configured with UserDetailsService bean with name inMemoryUserDetailsManager
2025-12-23 16:23:43 INFO  org.springframework.boot.test.mock.web.SpringBootMockServletContext - Initializing Spring TestDispatcherServlet ''
2025-12-23 16:23:43 INFO  org.springframework.test.web.servlet.TestDispatcherServlet - Initializing Servlet ''
2025-12-23 16:23:43 INFO  org.springframework.test.web.servlet.TestDispatcherServlet - Completed initialization in 1 ms
2025-12-23 16:23:43 INFO  com.nihilent.BankingApplication.NihilentBank.controlllerTest.CustomerControllerTest - Started CustomerControllerTest in 0.941 seconds (process running for 43.81)
2025-12-23 16:23:44 INFO  com.nihilent.bank.serviceimpl.CustomerServiceImpl - Customer Registered Successfully
2025-12-23 16:23:44 WARN  com.nihilent.bank.serviceimpl.CustomerServiceImpl - Failed, Wrong EmailId or Password.
2025-12-23 16:23:44 WARN  com.nihilent.bank.serviceimpl.CustomerServiceImpl - Failed, Wrong EmailId or Password.
2025-12-23 16:23:44 ERROR com.nihilent.bank.serviceimpl.CustomerServiceImpl - null
2025-12-23 16:23:44 INFO  org.springframework.boot.devtools.restart.RestartApplicationListener - Restart disabled due to context in which it is running
2025-12-23 16:23:44 INFO  com.nihilent.BankingApplication.NihilentBank.controlllerTest.TransactionControllerTest - Starting TransactionControllerTest using Java 17.0.10 with PID 32872 (started by aniket.dhakate in C:\NihilentBankTestCases\BankingApplication)
2025-12-23 16:23:44 INFO  com.nihilent.BankingApplication.NihilentBank.controlllerTest.TransactionControllerTest - The following 1 profile is active: "dev"
2025-12-23 16:23:45 WARN  org.springframework.boot.autoconfigure.security.servlet.UserDetailsServiceAutoConfiguration - 

Using generated security password: b3609d0a-7b4f-4a47-b9b1-8781c37be3a9

This generated password is for development use only. Your security configuration must be updated before running your application in production.

2025-12-23 16:23:45 INFO  org.springframework.security.config.annotation.authentication.configuration.InitializeUserDetailsBeanManagerConfigurer$InitializeUserDetailsManagerConfigurer - Global AuthenticationManager configured with UserDetailsService bean with name inMemoryUserDetailsManager
2025-12-23 16:23:45 INFO  org.springframework.boot.test.mock.web.SpringBootMockServletContext - Initializing Spring TestDispatcherServlet ''
2025-12-23 16:23:45 INFO  org.springframework.test.web.servlet.TestDispatcherServlet - Initializing Servlet ''
2025-12-23 16:23:45 INFO  org.springframework.test.web.servlet.TestDispatcherServlet - Completed initialization in 3 ms
2025-12-23 16:23:45 INFO  com.nihilent.BankingApplication.NihilentBank.controlllerTest.TransactionControllerTest - Started TransactionControllerTest in 0.923 seconds (process running for 45.484)
2025-12-23 16:35:48 INFO  com.nihilent.bank.serviceimpl.CustomerServiceImpl - Customer Registered Successfully
2025-12-23 16:35:48 WARN  com.nihilent.bank.serviceimpl.CustomerServiceImpl - Failed, Wrong EmailId or Password.
2025-12-23 16:35:48 WARN  com.nihilent.bank.serviceimpl.CustomerServiceImpl - Failed, Wrong EmailId or Password.
2025-12-23 16:35:48 ERROR com.nihilent.bank.serviceimpl.CustomerServiceImpl - null
2025-12-23 16:37:41 INFO  com.nihilent.bank.serviceimpl.CustomerServiceImpl - null
2025-12-23 16:55:29 INFO  com.nihilent.bank.serviceimpl.CustomerServiceImpl - Customer Registered Successfully
2025-12-23 16:55:29 WARN  com.nihilent.bank.serviceimpl.CustomerServiceImpl - Failed, Wrong EmailId or Password.
2025-12-23 16:55:29 WARN  com.nihilent.bank.serviceimpl.CustomerServiceImpl - Failed, Wrong EmailId or Password.
2025-12-23 16:55:29 ERROR com.nihilent.bank.serviceimpl.CustomerServiceImpl - null
2025-12-23 16:55:54 INFO  org.springframework.boot.devtools.restart.RestartApplicationListener - Restart disabled due to context in which it is running
2025-12-23 16:55:56 INFO  org.hibernate.validator.internal.util.Version - HV000001: Hibernate Validator 8.0.2.Final
2025-12-23 16:55:56 INFO  com.nihilent.BankingApplication.NihilentBank.controlllerTest.DigitalBankControllerTest - Starting DigitalBankControllerTest using Java 17.0.10 with PID 25048 (started by aniket.dhakate in C:\NihilentBankTestCases\BankingApplication)
2025-12-23 16:55:56 INFO  com.nihilent.BankingApplication.NihilentBank.controlllerTest.DigitalBankControllerTest - The following 1 profile is active: "dev"
2025-12-23 16:56:08 WARN  org.springframework.boot.autoconfigure.security.servlet.UserDetailsServiceAutoConfiguration - 

Using generated security password: 9ca7e422-117f-448c-9659-e140bd122e3b

This generated password is for development use only. Your security configuration must be updated before running your application in production.

2025-12-23 16:56:08 INFO  org.springframework.security.config.annotation.authentication.configuration.InitializeUserDetailsBeanManagerConfigurer$InitializeUserDetailsManagerConfigurer - Global AuthenticationManager configured with UserDetailsService bean with name inMemoryUserDetailsManager
2025-12-23 16:56:09 INFO  org.springframework.boot.test.mock.web.SpringBootMockServletContext - Initializing Spring TestDispatcherServlet ''
2025-12-23 16:56:09 INFO  org.springframework.test.web.servlet.TestDispatcherServlet - Initializing Servlet ''
2025-12-23 16:56:09 INFO  org.springframework.test.web.servlet.TestDispatcherServlet - Completed initialization in 5 ms
2025-12-23 16:56:10 INFO  com.nihilent.BankingApplication.NihilentBank.controlllerTest.DigitalBankControllerTest - Started DigitalBankControllerTest in 15.311 seconds (process running for 27.132)
2025-12-23 16:56:12 INFO  com.nihilent.bank.serviceimpl.TransactionServiceImpl - DEBIT SUCCESS
2025-12-23 16:56:12 INFO  com.nihilent.bank.serviceimpl.TransactionServiceImpl - CREDIT SUCCESS
2025-12-23 16:56:12 ERROR com.nihilent.bank.serviceimpl.TransactionServiceImpl - Insufficient Balance
2025-12-23 16:56:12 INFO  org.springframework.boot.devtools.restart.RestartApplicationListener - Restart disabled due to context in which it is running
2025-12-23 16:56:12 INFO  com.nihilent.BankingApplication.NihilentBank.controlllerTest.BankAccountControllerTest - Starting BankAccountControllerTest using Java 17.0.10 with PID 25048 (started by aniket.dhakate in C:\NihilentBankTestCases\BankingApplication)
2025-12-23 16:56:12 INFO  com.nihilent.BankingApplication.NihilentBank.controlllerTest.BankAccountControllerTest - The following 1 profile is active: "dev"
2025-12-23 16:56:14 WARN  org.springframework.boot.autoconfigure.security.servlet.UserDetailsServiceAutoConfiguration - 

Using generated security password: ba818956-8e27-46e9-9255-11d9ff34436b

This generated password is for development use only. Your security configuration must be updated before running your application in production.

2025-12-23 16:56:14 INFO  org.springframework.security.config.annotation.authentication.configuration.InitializeUserDetailsBeanManagerConfigurer$InitializeUserDetailsManagerConfigurer - Global AuthenticationManager configured with UserDetailsService bean with name inMemoryUserDetailsManager
2025-12-23 16:56:14 INFO  org.springframework.boot.test.mock.web.SpringBootMockServletContext - Initializing Spring TestDispatcherServlet ''
2025-12-23 16:56:14 INFO  org.springframework.test.web.servlet.TestDispatcherServlet - Initializing Servlet ''
2025-12-23 16:56:14 INFO  org.springframework.test.web.servlet.TestDispatcherServlet - Completed initialization in 2 ms
2025-12-23 16:56:14 INFO  com.nihilent.BankingApplication.NihilentBank.controlllerTest.BankAccountControllerTest - Started BankAccountControllerTest in 1.467 seconds (process running for 31.029)
2025-12-23 16:56:17 INFO  org.springframework.boot.devtools.restart.RestartApplicationListener - Restart disabled due to context in which it is running
2025-12-23 16:56:17 INFO  com.nihilent.BankingApplication.NihilentBank.controlllerTest.BeneficiaryAccountTest - Starting BeneficiaryAccountTest using Java 17.0.10 with PID 25048 (started by aniket.dhakate in C:\NihilentBankTestCases\BankingApplication)
2025-12-23 16:56:17 INFO  com.nihilent.BankingApplication.NihilentBank.controlllerTest.BeneficiaryAccountTest - The following 1 profile is active: "dev"
2025-12-23 16:56:18 WARN  org.springframework.boot.autoconfigure.security.servlet.UserDetailsServiceAutoConfiguration - 

Using generated security password: 9d7721db-a4cf-4230-ab4b-54aa21b6936d

This generated password is for development use only. Your security configuration must be updated before running your application in production.

2025-12-23 16:56:18 INFO  org.springframework.security.config.annotation.authentication.configuration.InitializeUserDetailsBeanManagerConfigurer$InitializeUserDetailsManagerConfigurer - Global AuthenticationManager configured with UserDetailsService bean with name inMemoryUserDetailsManager
2025-12-23 16:56:19 INFO  org.springframework.boot.test.mock.web.SpringBootMockServletContext - Initializing Spring TestDispatcherServlet ''
2025-12-23 16:56:19 INFO  org.springframework.test.web.servlet.TestDispatcherServlet - Initializing Servlet ''
2025-12-23 16:56:19 INFO  org.springframework.test.web.servlet.TestDispatcherServlet - Completed initialization in 4 ms
2025-12-23 16:56:19 INFO  com.nihilent.BankingApplication.NihilentBank.controlllerTest.BeneficiaryAccountTest - Started BeneficiaryAccountTest in 1.616 seconds (process running for 35.947)
2025-12-23 16:56:19 INFO  org.springframework.boot.devtools.restart.RestartApplicationListener - Restart disabled due to context in which it is running
2025-12-23 16:56:19 INFO  com.nihilent.BankingApplication.NihilentBank.controlllerTest.BillPaymentsControllerTest - Starting BillPaymentsControllerTest using Java 17.0.10 with PID 25048 (started by aniket.dhakate in C:\NihilentBankTestCases\BankingApplication)
2025-12-23 16:56:19 INFO  com.nihilent.BankingApplication.NihilentBank.controlllerTest.BillPaymentsControllerTest - The following 1 profile is active: "dev"
2025-12-23 16:56:20 WARN  org.springframework.boot.autoconfigure.security.servlet.UserDetailsServiceAutoConfiguration - 

Using generated security password: 47856751-e558-48bc-9d15-eb507aa26e35

This generated password is for development use only. Your security configuration must be updated before running your application in production.

2025-12-23 16:56:20 INFO  org.springframework.security.config.annotation.authentication.configuration.InitializeUserDetailsBeanManagerConfigurer$InitializeUserDetailsManagerConfigurer - Global AuthenticationManager configured with UserDetailsService bean with name inMemoryUserDetailsManager
2025-12-23 16:56:20 INFO  org.springframework.boot.test.mock.web.SpringBootMockServletContext - Initializing Spring TestDispatcherServlet ''
2025-12-23 16:56:20 INFO  org.springframework.test.web.servlet.TestDispatcherServlet - Initializing Servlet ''
2025-12-23 16:56:20 INFO  org.springframework.test.web.servlet.TestDispatcherServlet - Completed initialization in 1 ms
2025-12-23 16:56:20 INFO  com.nihilent.BankingApplication.NihilentBank.controlllerTest.BillPaymentsControllerTest - Started BillPaymentsControllerTest in 1.21 seconds (process running for 37.601)
2025-12-23 16:56:20 INFO  org.springframework.boot.devtools.restart.RestartApplicationListener - Restart disabled due to context in which it is running
2025-12-23 16:56:21 INFO  com.nihilent.BankingApplication.NihilentBank.controlllerTest.LoanControllerTest - Starting LoanControllerTest using Java 17.0.10 with PID 25048 (started by aniket.dhakate in C:\NihilentBankTestCases\BankingApplication)
2025-12-23 16:56:21 INFO  com.nihilent.BankingApplication.NihilentBank.controlllerTest.LoanControllerTest - The following 1 profile is active: "dev"
2025-12-23 16:56:21 WARN  org.springframework.boot.autoconfigure.security.servlet.UserDetailsServiceAutoConfiguration - 

Using generated security password: bcb03410-dfc8-4d80-9e48-f707b44e9a6d

This generated password is for development use only. Your security configuration must be updated before running your application in production.

2025-12-23 16:56:21 INFO  org.springframework.security.config.annotation.authentication.configuration.InitializeUserDetailsBeanManagerConfigurer$InitializeUserDetailsManagerConfigurer - Global AuthenticationManager configured with UserDetailsService bean with name inMemoryUserDetailsManager
2025-12-23 16:56:21 INFO  org.springframework.boot.test.mock.web.SpringBootMockServletContext - Initializing Spring TestDispatcherServlet ''
2025-12-23 16:56:21 INFO  org.springframework.test.web.servlet.TestDispatcherServlet - Initializing Servlet ''
2025-12-23 16:56:21 INFO  org.springframework.test.web.servlet.TestDispatcherServlet - Completed initialization in 1 ms
2025-12-23 16:56:21 INFO  com.nihilent.BankingApplication.NihilentBank.controlllerTest.LoanControllerTest - Started LoanControllerTest in 0.878 seconds (process running for 38.747)
2025-12-23 16:56:22 WARN  com.nihilent.bank.serviceimpl.BeneficiaryAccountServiceImpl - Beneficiary Already Exists
2025-12-23 16:56:22 WARN  com.nihilent.bank.serviceimpl.BeneficiaryAccountServiceImpl - Beneficiary Not Found
2025-12-23 16:56:22 WARN  com.nihilent.bank.serviceimpl.BeneficiaryAccountServiceImpl - Beneficiary Not Found
2025-12-23 16:56:22 INFO  com.nihilent.bank.serviceimpl.BeneficiaryAccountServiceImpl - Beneficiary Deleted
2025-12-23 16:56:22 INFO  com.nihilent.bank.serviceimpl.BeneficiaryAccountServiceImpl - Beneficiary Added Successfully
2025-12-23 16:56:22 INFO  org.springframework.boot.devtools.restart.RestartApplicationListener - Restart disabled due to context in which it is running
2025-12-23 16:56:22 INFO  com.nihilent.BankingApplication.NihilentBank.controlllerTest.CreditCardControllerTest - Starting CreditCardControllerTest using Java 17.0.10 with PID 25048 (started by aniket.dhakate in C:\NihilentBankTestCases\BankingApplication)
2025-12-23 16:56:22 INFO  com.nihilent.BankingApplication.NihilentBank.controlllerTest.CreditCardControllerTest - The following 1 profile is active: "dev"
2025-12-23 16:56:23 WARN  org.springframework.boot.autoconfigure.security.servlet.UserDetailsServiceAutoConfiguration - 

Using generated security password: e8eeca44-40d0-4bdc-9700-2a0925df3fbf

This generated password is for development use only. Your security configuration must be updated before running your application in production.

2025-12-23 16:56:23 INFO  org.springframework.security.config.annotation.authentication.configuration.InitializeUserDetailsBeanManagerConfigurer$InitializeUserDetailsManagerConfigurer - Global AuthenticationManager configured with UserDetailsService bean with name inMemoryUserDetailsManager
2025-12-23 16:56:23 INFO  org.springframework.boot.test.mock.web.SpringBootMockServletContext - Initializing Spring TestDispatcherServlet ''
2025-12-23 16:56:23 INFO  org.springframework.test.web.servlet.TestDispatcherServlet - Initializing Servlet ''
2025-12-23 16:56:23 INFO  org.springframework.test.web.servlet.TestDispatcherServlet - Completed initialization in 2 ms
2025-12-23 16:56:23 INFO  com.nihilent.BankingApplication.NihilentBank.controlllerTest.CreditCardControllerTest - Started CreditCardControllerTest in 0.982 seconds (process running for 40.279)
2025-12-23 16:56:23 INFO  org.springframework.boot.devtools.restart.RestartApplicationListener - Restart disabled due to context in which it is running
2025-12-23 16:56:23 INFO  com.nihilent.BankingApplication.NihilentBank.controlllerTest.UpiControllerTest - Starting UpiControllerTest using Java 17.0.10 with PID 25048 (started by aniket.dhakate in C:\NihilentBankTestCases\BankingApplication)
2025-12-23 16:56:23 INFO  com.nihilent.BankingApplication.NihilentBank.controlllerTest.UpiControllerTest - The following 1 profile is active: "dev"
2025-12-23 16:56:24 WARN  org.springframework.boot.autoconfigure.security.servlet.UserDetailsServiceAutoConfiguration - 

Using generated security password: 34edf731-5d8a-4241-9e4c-087d06632fe1

This generated password is for development use only. Your security configuration must be updated before running your application in production.

2025-12-23 16:56:24 INFO  org.springframework.security.config.annotation.authentication.configuration.InitializeUserDetailsBeanManagerConfigurer$InitializeUserDetailsManagerConfigurer - Global AuthenticationManager configured with UserDetailsService bean with name inMemoryUserDetailsManager
2025-12-23 16:56:24 INFO  org.springframework.boot.test.mock.web.SpringBootMockServletContext - Initializing Spring TestDispatcherServlet ''
2025-12-23 16:56:24 INFO  org.springframework.test.web.servlet.TestDispatcherServlet - Initializing Servlet ''
2025-12-23 16:56:24 INFO  org.springframework.test.web.servlet.TestDispatcherServlet - Completed initialization in 1 ms
2025-12-23 16:56:24 INFO  com.nihilent.BankingApplication.NihilentBank.controlllerTest.UpiControllerTest - Started UpiControllerTest in 0.726 seconds (process running for 41.209)
2025-12-23 16:56:24 INFO  com.nihilent.bank.serviceimpl.CreditCardServiceImpl - Request Sent
2025-12-23 16:56:24 INFO  org.springframework.boot.devtools.restart.RestartApplicationListener - Restart disabled due to context in which it is running
2025-12-23 16:56:24 INFO  com.nihilent.BankingApplication.NihilentBank.controlllerTest.CustomerControllerTest - Starting CustomerControllerTest using Java 17.0.10 with PID 25048 (started by aniket.dhakate in C:\NihilentBankTestCases\BankingApplication)
2025-12-23 16:56:24 INFO  com.nihilent.BankingApplication.NihilentBank.controlllerTest.CustomerControllerTest - The following 1 profile is active: "dev"
2025-12-23 16:56:25 WARN  org.springframework.boot.autoconfigure.security.servlet.UserDetailsServiceAutoConfiguration - 

Using generated security password: 339062e4-1027-4b25-a08b-4b877c3559a4

This generated password is for development use only. Your security configuration must be updated before running your application in production.

2025-12-23 16:56:25 INFO  org.springframework.security.config.annotation.authentication.configuration.InitializeUserDetailsBeanManagerConfigurer$InitializeUserDetailsManagerConfigurer - Global AuthenticationManager configured with UserDetailsService bean with name inMemoryUserDetailsManager
2025-12-23 16:56:25 INFO  org.springframework.boot.test.mock.web.SpringBootMockServletContext - Initializing Spring TestDispatcherServlet ''
2025-12-23 16:56:25 INFO  org.springframework.test.web.servlet.TestDispatcherServlet - Initializing Servlet ''
2025-12-23 16:56:25 INFO  org.springframework.test.web.servlet.TestDispatcherServlet - Completed initialization in 1 ms
2025-12-23 16:56:25 INFO  com.nihilent.BankingApplication.NihilentBank.controlllerTest.CustomerControllerTest - Started CustomerControllerTest in 0.857 seconds (process running for 42.458)
2025-12-23 16:56:26 INFO  com.nihilent.bank.serviceimpl.CustomerServiceImpl - Customer Registered Successfully
2025-12-23 16:56:26 WARN  com.nihilent.bank.serviceimpl.CustomerServiceImpl - Failed, Wrong EmailId or Password.
2025-12-23 16:56:26 WARN  com.nihilent.bank.serviceimpl.CustomerServiceImpl - Failed, Wrong EmailId or Password.
2025-12-23 16:56:26 ERROR com.nihilent.bank.serviceimpl.CustomerServiceImpl - null
2025-12-23 16:56:26 INFO  org.springframework.boot.devtools.restart.RestartApplicationListener - Restart disabled due to context in which it is running
2025-12-23 16:56:26 INFO  com.nihilent.BankingApplication.NihilentBank.controlllerTest.TransactionControllerTest - Starting TransactionControllerTest using Java 17.0.10 with PID 25048 (started by aniket.dhakate in C:\NihilentBankTestCases\BankingApplication)
2025-12-23 16:56:26 INFO  com.nihilent.BankingApplication.NihilentBank.controlllerTest.TransactionControllerTest - The following 1 profile is active: "dev"
2025-12-23 16:56:26 WARN  org.springframework.boot.autoconfigure.security.servlet.UserDetailsServiceAutoConfiguration - 

Using generated security password: c0768cae-40e0-40f8-b243-d84856a3f168

This generated password is for development use only. Your security configuration must be updated before running your application in production.

2025-12-23 16:56:26 INFO  org.springframework.security.config.annotation.authentication.configuration.InitializeUserDetailsBeanManagerConfigurer$InitializeUserDetailsManagerConfigurer - Global AuthenticationManager configured with UserDetailsService bean with name inMemoryUserDetailsManager
2025-12-23 16:56:26 INFO  org.springframework.boot.test.mock.web.SpringBootMockServletContext - Initializing Spring TestDispatcherServlet ''
2025-12-23 16:56:26 INFO  org.springframework.test.web.servlet.TestDispatcherServlet - Initializing Servlet ''
2025-12-23 16:56:26 INFO  org.springframework.test.web.servlet.TestDispatcherServlet - Completed initialization in 1 ms
2025-12-23 16:56:26 INFO  com.nihilent.BankingApplication.NihilentBank.controlllerTest.TransactionControllerTest - Started TransactionControllerTest in 0.699 seconds (process running for 43.764)
2025-12-23 17:12:02 INFO  org.springframework.boot.devtools.restart.RestartApplicationListener - Restart disabled due to context in which it is running
2025-12-23 17:12:04 INFO  org.hibernate.validator.internal.util.Version - HV000001: Hibernate Validator 8.0.2.Final
2025-12-23 17:12:05 INFO  com.nihilent.BankingApplication.NihilentBank.controlllerTest.DigitalBankControllerTest - Starting DigitalBankControllerTest using Java 17.0.10 with PID 31532 (started by aniket.dhakate in C:\NihilentBankTestCases\BankingApplication)
2025-12-23 17:12:05 INFO  com.nihilent.BankingApplication.NihilentBank.controlllerTest.DigitalBankControllerTest - The following 1 profile is active: "dev"
2025-12-23 17:12:18 WARN  org.springframework.boot.autoconfigure.security.servlet.UserDetailsServiceAutoConfiguration - 

Using generated security password: f0d9fa55-d896-4f7f-9d57-5a3054570bf4

This generated password is for development use only. Your security configuration must be updated before running your application in production.

2025-12-23 17:12:18 INFO  org.springframework.security.config.annotation.authentication.configuration.InitializeUserDetailsBeanManagerConfigurer$InitializeUserDetailsManagerConfigurer - Global AuthenticationManager configured with UserDetailsService bean with name inMemoryUserDetailsManager
2025-12-23 17:12:19 INFO  org.springframework.boot.test.mock.web.SpringBootMockServletContext - Initializing Spring TestDispatcherServlet ''
2025-12-23 17:12:19 INFO  org.springframework.test.web.servlet.TestDispatcherServlet - Initializing Servlet ''
2025-12-23 17:12:19 INFO  org.springframework.test.web.servlet.TestDispatcherServlet - Completed initialization in 3 ms
2025-12-23 17:12:19 INFO  com.nihilent.BankingApplication.NihilentBank.controlllerTest.DigitalBankControllerTest - Started DigitalBankControllerTest in 17.525 seconds (process running for 33.831)
2025-12-23 17:12:23 INFO  com.nihilent.bank.serviceimpl.TransactionServiceImpl - DEBIT SUCCESS
2025-12-23 17:12:23 INFO  com.nihilent.bank.serviceimpl.TransactionServiceImpl - CREDIT SUCCESS
2025-12-23 17:12:23 ERROR com.nihilent.bank.serviceimpl.TransactionServiceImpl - Insufficient Balance
2025-12-23 17:12:24 INFO  org.springframework.boot.devtools.restart.RestartApplicationListener - Restart disabled due to context in which it is running
2025-12-23 17:12:24 INFO  com.nihilent.BankingApplication.NihilentBank.controlllerTest.BankAccountControllerTest - Starting BankAccountControllerTest using Java 17.0.10 with PID 31532 (started by aniket.dhakate in C:\NihilentBankTestCases\BankingApplication)
2025-12-23 17:12:24 INFO  com.nihilent.BankingApplication.NihilentBank.controlllerTest.BankAccountControllerTest - The following 1 profile is active: "dev"
2025-12-23 17:12:26 WARN  org.springframework.boot.autoconfigure.security.servlet.UserDetailsServiceAutoConfiguration - 

Using generated security password: ee229565-5559-4722-98cb-7a36815cd39e

This generated password is for development use only. Your security configuration must be updated before running your application in production.

2025-12-23 17:12:26 INFO  org.springframework.security.config.annotation.authentication.configuration.InitializeUserDetailsBeanManagerConfigurer$InitializeUserDetailsManagerConfigurer - Global AuthenticationManager configured with UserDetailsService bean with name inMemoryUserDetailsManager
2025-12-23 17:12:26 INFO  org.springframework.boot.test.mock.web.SpringBootMockServletContext - Initializing Spring TestDispatcherServlet ''
2025-12-23 17:12:26 INFO  org.springframework.test.web.servlet.TestDispatcherServlet - Initializing Servlet ''
2025-12-23 17:12:26 INFO  org.springframework.test.web.servlet.TestDispatcherServlet - Completed initialization in 1 ms
2025-12-23 17:12:26 INFO  com.nihilent.BankingApplication.NihilentBank.controlllerTest.BankAccountControllerTest - Started BankAccountControllerTest in 2.169 seconds (process running for 40.374)
2025-12-23 17:12:29 INFO  org.springframework.boot.devtools.restart.RestartApplicationListener - Restart disabled due to context in which it is running
2025-12-23 17:12:29 INFO  com.nihilent.BankingApplication.NihilentBank.controlllerTest.BeneficiaryAccountTest - Starting BeneficiaryAccountTest using Java 17.0.10 with PID 31532 (started by aniket.dhakate in C:\NihilentBankTestCases\BankingApplication)
2025-12-23 17:12:29 INFO  com.nihilent.BankingApplication.NihilentBank.controlllerTest.BeneficiaryAccountTest - The following 1 profile is active: "dev"
2025-12-23 17:12:30 WARN  org.springframework.boot.autoconfigure.security.servlet.UserDetailsServiceAutoConfiguration - 

Using generated security password: e9a72642-0803-4bb8-9152-eb18e599d420

This generated password is for development use only. Your security configuration must be updated before running your application in production.

2025-12-23 17:12:30 INFO  org.springframework.security.config.annotation.authentication.configuration.InitializeUserDetailsBeanManagerConfigurer$InitializeUserDetailsManagerConfigurer - Global AuthenticationManager configured with UserDetailsService bean with name inMemoryUserDetailsManager
2025-12-23 17:12:30 INFO  org.springframework.boot.test.mock.web.SpringBootMockServletContext - Initializing Spring TestDispatcherServlet ''
2025-12-23 17:12:30 INFO  org.springframework.test.web.servlet.TestDispatcherServlet - Initializing Servlet ''
2025-12-23 17:12:30 INFO  org.springframework.test.web.servlet.TestDispatcherServlet - Completed initialization in 2 ms
2025-12-23 17:12:30 INFO  com.nihilent.BankingApplication.NihilentBank.controlllerTest.BeneficiaryAccountTest - Started BeneficiaryAccountTest in 1.333 seconds (process running for 44.961)
2025-12-23 17:12:31 INFO  org.springframework.boot.devtools.restart.RestartApplicationListener - Restart disabled due to context in which it is running
2025-12-23 17:12:31 INFO  com.nihilent.BankingApplication.NihilentBank.controlllerTest.BillPaymentsControllerTest - Starting BillPaymentsControllerTest using Java 17.0.10 with PID 31532 (started by aniket.dhakate in C:\NihilentBankTestCases\BankingApplication)
2025-12-23 17:12:31 INFO  com.nihilent.BankingApplication.NihilentBank.controlllerTest.BillPaymentsControllerTest - The following 1 profile is active: "dev"
2025-12-23 17:12:32 WARN  org.springframework.boot.autoconfigure.security.servlet.UserDetailsServiceAutoConfiguration - 

Using generated security password: bd4fd46d-6378-4569-a4c4-613e6998afdc

This generated password is for development use only. Your security configuration must be updated before running your application in production.

2025-12-23 17:12:32 INFO  org.springframework.security.config.annotation.authentication.configuration.InitializeUserDetailsBeanManagerConfigurer$InitializeUserDetailsManagerConfigurer - Global AuthenticationManager configured with UserDetailsService bean with name inMemoryUserDetailsManager
2025-12-23 17:12:32 INFO  org.springframework.boot.test.mock.web.SpringBootMockServletContext - Initializing Spring TestDispatcherServlet ''
2025-12-23 17:12:32 INFO  org.springframework.test.web.servlet.TestDispatcherServlet - Initializing Servlet ''
2025-12-23 17:12:32 INFO  org.springframework.test.web.servlet.TestDispatcherServlet - Completed initialization in 2 ms
2025-12-23 17:12:32 INFO  com.nihilent.BankingApplication.NihilentBank.controlllerTest.BillPaymentsControllerTest - Started BillPaymentsControllerTest in 1.073 seconds (process running for 46.34)
2025-12-23 17:12:32 INFO  org.springframework.boot.devtools.restart.RestartApplicationListener - Restart disabled due to context in which it is running
2025-12-23 17:12:32 INFO  com.nihilent.BankingApplication.NihilentBank.controlllerTest.LoanControllerTest - Starting LoanControllerTest using Java 17.0.10 with PID 31532 (started by aniket.dhakate in C:\NihilentBankTestCases\BankingApplication)
2025-12-23 17:12:32 INFO  com.nihilent.BankingApplication.NihilentBank.controlllerTest.LoanControllerTest - The following 1 profile is active: "dev"
2025-12-23 17:12:33 WARN  org.springframework.boot.autoconfigure.security.servlet.UserDetailsServiceAutoConfiguration - 

Using generated security password: acf368c4-d2f7-4719-b589-c2345917380a

This generated password is for development use only. Your security configuration must be updated before running your application in production.

2025-12-23 17:12:33 INFO  org.springframework.security.config.annotation.authentication.configuration.InitializeUserDetailsBeanManagerConfigurer$InitializeUserDetailsManagerConfigurer - Global AuthenticationManager configured with UserDetailsService bean with name inMemoryUserDetailsManager
2025-12-23 17:12:33 INFO  org.springframework.boot.test.mock.web.SpringBootMockServletContext - Initializing Spring TestDispatcherServlet ''
2025-12-23 17:12:33 INFO  org.springframework.test.web.servlet.TestDispatcherServlet - Initializing Servlet ''
2025-12-23 17:12:33 INFO  org.springframework.test.web.servlet.TestDispatcherServlet - Completed initialization in 2 ms
2025-12-23 17:12:33 INFO  com.nihilent.BankingApplication.NihilentBank.controlllerTest.LoanControllerTest - Started LoanControllerTest in 1.022 seconds (process running for 47.619)
2025-12-23 17:12:34 WARN  com.nihilent.bank.serviceimpl.BeneficiaryAccountServiceImpl - Beneficiary Already Exists
2025-12-23 17:12:34 WARN  com.nihilent.bank.serviceimpl.BeneficiaryAccountServiceImpl - Beneficiary Not Found
2025-12-23 17:12:34 WARN  com.nihilent.bank.serviceimpl.BeneficiaryAccountServiceImpl - Beneficiary Not Found
2025-12-23 17:12:34 INFO  com.nihilent.bank.serviceimpl.BeneficiaryAccountServiceImpl - Beneficiary Deleted
2025-12-23 17:12:34 INFO  com.nihilent.bank.serviceimpl.BeneficiaryAccountServiceImpl - Beneficiary Added Successfully
2025-12-23 17:12:34 INFO  org.springframework.boot.devtools.restart.RestartApplicationListener - Restart disabled due to context in which it is running
2025-12-23 17:12:34 INFO  com.nihilent.BankingApplication.NihilentBank.controlllerTest.CreditCardControllerTest - Starting CreditCardControllerTest using Java 17.0.10 with PID 31532 (started by aniket.dhakate in C:\NihilentBankTestCases\BankingApplication)
2025-12-23 17:12:34 INFO  com.nihilent.BankingApplication.NihilentBank.controlllerTest.CreditCardControllerTest - The following 1 profile is active: "dev"
2025-12-23 17:12:35 WARN  org.springframework.boot.autoconfigure.security.servlet.UserDetailsServiceAutoConfiguration - 

Using generated security password: ae7bff93-7a15-46ca-a69e-68ea21c33470

This generated password is for development use only. Your security configuration must be updated before running your application in production.

2025-12-23 17:12:35 INFO  org.springframework.security.config.annotation.authentication.configuration.InitializeUserDetailsBeanManagerConfigurer$InitializeUserDetailsManagerConfigurer - Global AuthenticationManager configured with UserDetailsService bean with name inMemoryUserDetailsManager
2025-12-23 17:12:35 INFO  org.springframework.boot.test.mock.web.SpringBootMockServletContext - Initializing Spring TestDispatcherServlet ''
2025-12-23 17:12:35 INFO  org.springframework.test.web.servlet.TestDispatcherServlet - Initializing Servlet ''
2025-12-23 17:12:35 INFO  org.springframework.test.web.servlet.TestDispatcherServlet - Completed initialization in 1 ms
2025-12-23 17:12:35 INFO  com.nihilent.BankingApplication.NihilentBank.controlllerTest.CreditCardControllerTest - Started CreditCardControllerTest in 1.06 seconds (process running for 49.425)
2025-12-23 17:12:35 INFO  org.springframework.boot.devtools.restart.RestartApplicationListener - Restart disabled due to context in which it is running
2025-12-23 17:12:35 INFO  com.nihilent.BankingApplication.NihilentBank.controlllerTest.UpiControllerTest - Starting UpiControllerTest using Java 17.0.10 with PID 31532 (started by aniket.dhakate in C:\NihilentBankTestCases\BankingApplication)
2025-12-23 17:12:35 INFO  com.nihilent.BankingApplication.NihilentBank.controlllerTest.UpiControllerTest - The following 1 profile is active: "dev"
2025-12-23 17:12:36 WARN  org.springframework.boot.autoconfigure.security.servlet.UserDetailsServiceAutoConfiguration - 

Using generated security password: 232177e4-4b35-4877-9a86-eec7d21bf38b

This generated password is for development use only. Your security configuration must be updated before running your application in production.

2025-12-23 17:12:36 INFO  org.springframework.security.config.annotation.authentication.configuration.InitializeUserDetailsBeanManagerConfigurer$InitializeUserDetailsManagerConfigurer - Global AuthenticationManager configured with UserDetailsService bean with name inMemoryUserDetailsManager
2025-12-23 17:12:36 INFO  org.springframework.boot.test.mock.web.SpringBootMockServletContext - Initializing Spring TestDispatcherServlet ''
2025-12-23 17:12:36 INFO  org.springframework.test.web.servlet.TestDispatcherServlet - Initializing Servlet ''
2025-12-23 17:12:36 INFO  org.springframework.test.web.servlet.TestDispatcherServlet - Completed initialization in 1 ms
2025-12-23 17:12:36 INFO  com.nihilent.BankingApplication.NihilentBank.controlllerTest.UpiControllerTest - Started UpiControllerTest in 0.842 seconds (process running for 50.47)
2025-12-23 17:12:36 INFO  com.nihilent.bank.serviceimpl.CreditCardServiceImpl - Request Sent
2025-12-23 17:12:36 INFO  org.springframework.boot.devtools.restart.RestartApplicationListener - Restart disabled due to context in which it is running
2025-12-23 17:12:36 INFO  com.nihilent.BankingApplication.NihilentBank.controlllerTest.CustomerControllerTest - Starting CustomerControllerTest using Java 17.0.10 with PID 31532 (started by aniket.dhakate in C:\NihilentBankTestCases\BankingApplication)
2025-12-23 17:12:36 INFO  com.nihilent.BankingApplication.NihilentBank.controlllerTest.CustomerControllerTest - The following 1 profile is active: "dev"
2025-12-23 17:12:37 WARN  org.springframework.boot.autoconfigure.security.servlet.UserDetailsServiceAutoConfiguration - 

Using generated security password: 1b7fa2aa-4563-41a6-acb5-9e21be0e26c1

This generated password is for development use only. Your security configuration must be updated before running your application in production.

2025-12-23 17:12:37 INFO  org.springframework.security.config.annotation.authentication.configuration.InitializeUserDetailsBeanManagerConfigurer$InitializeUserDetailsManagerConfigurer - Global AuthenticationManager configured with UserDetailsService bean with name inMemoryUserDetailsManager
2025-12-23 17:12:37 INFO  org.springframework.boot.test.mock.web.SpringBootMockServletContext - Initializing Spring TestDispatcherServlet ''
2025-12-23 17:12:37 INFO  org.springframework.test.web.servlet.TestDispatcherServlet - Initializing Servlet ''
2025-12-23 17:12:37 INFO  org.springframework.test.web.servlet.TestDispatcherServlet - Completed initialization in 2 ms
2025-12-23 17:12:37 INFO  com.nihilent.BankingApplication.NihilentBank.controlllerTest.CustomerControllerTest - Started CustomerControllerTest in 0.908 seconds (process running for 51.742)
2025-12-23 17:12:38 INFO  com.nihilent.bank.serviceimpl.CustomerServiceImpl - Customer Registered Successfully
2025-12-23 17:12:38 WARN  com.nihilent.bank.serviceimpl.CustomerServiceImpl - Failed, Wrong EmailId or Password.
2025-12-23 17:12:38 WARN  com.nihilent.bank.serviceimpl.CustomerServiceImpl - Failed, Wrong EmailId or Password.
2025-12-23 17:12:38 ERROR com.nihilent.bank.serviceimpl.CustomerServiceImpl - null
2025-12-23 17:12:38 INFO  org.springframework.boot.devtools.restart.RestartApplicationListener - Restart disabled due to context in which it is running
2025-12-23 17:12:38 INFO  com.nihilent.BankingApplication.NihilentBank.controlllerTest.TransactionControllerTest - Starting TransactionControllerTest using Java 17.0.10 with PID 31532 (started by aniket.dhakate in C:\NihilentBankTestCases\BankingApplication)
2025-12-23 17:12:38 INFO  com.nihilent.BankingApplication.NihilentBank.controlllerTest.TransactionControllerTest - The following 1 profile is active: "dev"
2025-12-23 17:12:39 WARN  org.springframework.boot.autoconfigure.security.servlet.UserDetailsServiceAutoConfiguration - 

Using generated security password: fcbefeb2-e21e-48ba-ad41-a0efc646c22f

This generated password is for development use only. Your security configuration must be updated before running your application in production.

2025-12-23 17:12:39 INFO  org.springframework.security.config.annotation.authentication.configuration.InitializeUserDetailsBeanManagerConfigurer$InitializeUserDetailsManagerConfigurer - Global AuthenticationManager configured with UserDetailsService bean with name inMemoryUserDetailsManager
2025-12-23 17:12:39 INFO  org.springframework.boot.test.mock.web.SpringBootMockServletContext - Initializing Spring TestDispatcherServlet ''
2025-12-23 17:12:39 INFO  org.springframework.test.web.servlet.TestDispatcherServlet - Initializing Servlet ''
2025-12-23 17:12:39 INFO  org.springframework.test.web.servlet.TestDispatcherServlet - Completed initialization in 1 ms
2025-12-23 17:12:39 INFO  com.nihilent.BankingApplication.NihilentBank.controlllerTest.TransactionControllerTest - Started TransactionControllerTest in 0.929 seconds (process running for 53.441)
2025-12-23 17:43:10 INFO  org.springframework.boot.devtools.restart.RestartApplicationListener - Restart disabled due to context in which it is running
2025-12-23 17:43:12 INFO  org.hibernate.validator.internal.util.Version - HV000001: Hibernate Validator 8.0.2.Final
2025-12-23 17:43:12 INFO  com.nihilent.BankingApplication.NihilentBank.controlllerTest.DigitalBankControllerTest - Starting DigitalBankControllerTest using Java 17.0.10 with PID 30644 (started by aniket.dhakate in C:\NihilentBankTestCases\BankingApplication)
2025-12-23 17:43:12 INFO  com.nihilent.BankingApplication.NihilentBank.controlllerTest.DigitalBankControllerTest - The following 1 profile is active: "dev"
2025-12-23 17:43:35 WARN  org.springframework.boot.autoconfigure.security.servlet.UserDetailsServiceAutoConfiguration - 

Using generated security password: 7b9eeb18-a7ab-418a-9f1e-2347ed732736

This generated password is for development use only. Your security configuration must be updated before running your application in production.

2025-12-23 17:43:36 INFO  org.springframework.security.config.annotation.authentication.configuration.InitializeUserDetailsBeanManagerConfigurer$InitializeUserDetailsManagerConfigurer - Global AuthenticationManager configured with UserDetailsService bean with name inMemoryUserDetailsManager
2025-12-23 17:43:38 INFO  org.springframework.boot.test.mock.web.SpringBootMockServletContext - Initializing Spring TestDispatcherServlet ''
2025-12-23 17:43:38 INFO  org.springframework.test.web.servlet.TestDispatcherServlet - Initializing Servlet ''
2025-12-23 17:43:38 INFO  org.springframework.test.web.servlet.TestDispatcherServlet - Completed initialization in 5 ms
2025-12-23 17:43:38 INFO  com.nihilent.BankingApplication.NihilentBank.controlllerTest.DigitalBankControllerTest - Started DigitalBankControllerTest in 27.399 seconds (process running for 34.673)
2025-12-23 17:43:42 INFO  com.nihilent.bank.serviceimpl.TransactionServiceImpl - DEBIT SUCCESS
2025-12-23 17:43:42 INFO  com.nihilent.bank.serviceimpl.TransactionServiceImpl - CREDIT SUCCESS
2025-12-23 17:43:43 ERROR com.nihilent.bank.serviceimpl.TransactionServiceImpl - Insufficient Balance
2025-12-23 17:43:43 INFO  org.springframework.boot.devtools.restart.RestartApplicationListener - Restart disabled due to context in which it is running
2025-12-23 17:43:43 INFO  com.nihilent.BankingApplication.NihilentBank.controlllerTest.BankAccountControllerTest - Starting BankAccountControllerTest using Java 17.0.10 with PID 30644 (started by aniket.dhakate in C:\NihilentBankTestCases\BankingApplication)
2025-12-23 17:43:43 INFO  com.nihilent.BankingApplication.NihilentBank.controlllerTest.BankAccountControllerTest - The following 1 profile is active: "dev"
2025-12-23 17:43:47 WARN  org.springframework.boot.autoconfigure.security.servlet.UserDetailsServiceAutoConfiguration - 

Using generated security password: d8e46114-cf60-4c00-8e96-b9a879d71635

This generated password is for development use only. Your security configuration must be updated before running your application in production.

2025-12-23 17:43:47 INFO  org.springframework.security.config.annotation.authentication.configuration.InitializeUserDetailsBeanManagerConfigurer$InitializeUserDetailsManagerConfigurer - Global AuthenticationManager configured with UserDetailsService bean with name inMemoryUserDetailsManager
2025-12-23 17:43:47 INFO  org.springframework.boot.test.mock.web.SpringBootMockServletContext - Initializing Spring TestDispatcherServlet ''
2025-12-23 17:43:47 INFO  org.springframework.test.web.servlet.TestDispatcherServlet - Initializing Servlet ''
2025-12-23 17:43:47 INFO  org.springframework.test.web.servlet.TestDispatcherServlet - Completed initialization in 2 ms
2025-12-23 17:43:47 INFO  com.nihilent.BankingApplication.NihilentBank.controlllerTest.BankAccountControllerTest - Started BankAccountControllerTest in 4.762 seconds (process running for 44.334)
2025-12-23 17:43:52 INFO  org.springframework.boot.devtools.restart.RestartApplicationListener - Restart disabled due to context in which it is running
2025-12-23 17:43:52 INFO  com.nihilent.BankingApplication.NihilentBank.controlllerTest.BeneficiaryAccountTest - Starting BeneficiaryAccountTest using Java 17.0.10 with PID 30644 (started by aniket.dhakate in C:\NihilentBankTestCases\BankingApplication)
2025-12-23 17:43:52 INFO  com.nihilent.BankingApplication.NihilentBank.controlllerTest.BeneficiaryAccountTest - The following 1 profile is active: "dev"
2025-12-23 17:43:54 WARN  org.springframework.boot.autoconfigure.security.servlet.UserDetailsServiceAutoConfiguration - 

Using generated security password: 65efa159-75e9-4f05-b19a-b527c903bb24

This generated password is for development use only. Your security configuration must be updated before running your application in production.

2025-12-23 17:43:54 INFO  org.springframework.security.config.annotation.authentication.configuration.InitializeUserDetailsBeanManagerConfigurer$InitializeUserDetailsManagerConfigurer - Global AuthenticationManager configured with UserDetailsService bean with name inMemoryUserDetailsManager
2025-12-23 17:43:54 INFO  org.springframework.boot.test.mock.web.SpringBootMockServletContext - Initializing Spring TestDispatcherServlet ''
2025-12-23 17:43:54 INFO  org.springframework.test.web.servlet.TestDispatcherServlet - Initializing Servlet ''
2025-12-23 17:43:54 INFO  org.springframework.test.web.servlet.TestDispatcherServlet - Completed initialization in 2 ms
2025-12-23 17:43:54 INFO  com.nihilent.BankingApplication.NihilentBank.controlllerTest.BeneficiaryAccountTest - Started BeneficiaryAccountTest in 2.88 seconds (process running for 51.371)
2025-12-23 17:43:55 INFO  org.springframework.boot.devtools.restart.RestartApplicationListener - Restart disabled due to context in which it is running
2025-12-23 17:43:56 INFO  com.nihilent.BankingApplication.NihilentBank.controlllerTest.BillPaymentsControllerTest - Starting BillPaymentsControllerTest using Java 17.0.10 with PID 30644 (started by aniket.dhakate in C:\NihilentBankTestCases\BankingApplication)
2025-12-23 17:43:56 INFO  com.nihilent.BankingApplication.NihilentBank.controlllerTest.BillPaymentsControllerTest - The following 1 profile is active: "dev"
2025-12-23 17:43:57 WARN  org.springframework.boot.autoconfigure.security.servlet.UserDetailsServiceAutoConfiguration - 

Using generated security password: 54529ff6-2103-462f-898c-3752c6e7aa66

This generated password is for development use only. Your security configuration must be updated before running your application in production.

2025-12-23 17:43:57 INFO  org.springframework.security.config.annotation.authentication.configuration.InitializeUserDetailsBeanManagerConfigurer$InitializeUserDetailsManagerConfigurer - Global AuthenticationManager configured with UserDetailsService bean with name inMemoryUserDetailsManager
2025-12-23 17:43:58 INFO  org.springframework.boot.test.mock.web.SpringBootMockServletContext - Initializing Spring TestDispatcherServlet ''
2025-12-23 17:43:58 INFO  org.springframework.test.web.servlet.TestDispatcherServlet - Initializing Servlet ''
2025-12-23 17:43:58 INFO  org.springframework.test.web.servlet.TestDispatcherServlet - Completed initialization in 4 ms
2025-12-23 17:43:58 INFO  com.nihilent.BankingApplication.NihilentBank.controlllerTest.BillPaymentsControllerTest - Started BillPaymentsControllerTest in 2.106 seconds (process running for 54.463)
2025-12-23 17:43:58 INFO  org.springframework.boot.devtools.restart.RestartApplicationListener - Restart disabled due to context in which it is running
2025-12-23 17:43:58 INFO  com.nihilent.BankingApplication.NihilentBank.controlllerTest.LoanControllerTest - Starting LoanControllerTest using Java 17.0.10 with PID 30644 (started by aniket.dhakate in C:\NihilentBankTestCases\BankingApplication)
2025-12-23 17:43:58 INFO  com.nihilent.BankingApplication.NihilentBank.controlllerTest.LoanControllerTest - The following 1 profile is active: "dev"
2025-12-23 17:43:59 WARN  org.springframework.boot.autoconfigure.security.servlet.UserDetailsServiceAutoConfiguration - 

Using generated security password: 6d3b9a54-067f-48ef-bb42-a305757679d8

This generated password is for development use only. Your security configuration must be updated before running your application in production.

2025-12-23 17:43:59 INFO  org.springframework.security.config.annotation.authentication.configuration.InitializeUserDetailsBeanManagerConfigurer$InitializeUserDetailsManagerConfigurer - Global AuthenticationManager configured with UserDetailsService bean with name inMemoryUserDetailsManager
2025-12-23 17:43:59 INFO  org.springframework.boot.test.mock.web.SpringBootMockServletContext - Initializing Spring TestDispatcherServlet ''
2025-12-23 17:43:59 INFO  org.springframework.test.web.servlet.TestDispatcherServlet - Initializing Servlet ''
2025-12-23 17:43:59 INFO  org.springframework.test.web.servlet.TestDispatcherServlet - Completed initialization in 0 ms
2025-12-23 17:43:59 INFO  com.nihilent.BankingApplication.NihilentBank.controlllerTest.LoanControllerTest - Started LoanControllerTest in 1.158 seconds (process running for 55.876)
2025-12-23 17:44:00 WARN  com.nihilent.bank.serviceimpl.BeneficiaryAccountServiceImpl - Beneficiary Already Exists
2025-12-23 17:44:00 WARN  com.nihilent.bank.serviceimpl.BeneficiaryAccountServiceImpl - Beneficiary Not Found
2025-12-23 17:44:00 WARN  com.nihilent.bank.serviceimpl.BeneficiaryAccountServiceImpl - Beneficiary Not Found
2025-12-23 17:44:00 INFO  com.nihilent.bank.serviceimpl.BeneficiaryAccountServiceImpl - Beneficiary Deleted
2025-12-23 17:44:00 INFO  com.nihilent.bank.serviceimpl.BeneficiaryAccountServiceImpl - Beneficiary Added Successfully
2025-12-23 17:44:00 INFO  org.springframework.boot.devtools.restart.RestartApplicationListener - Restart disabled due to context in which it is running
2025-12-23 17:44:00 INFO  com.nihilent.BankingApplication.NihilentBank.controlllerTest.CreditCardControllerTest - Starting CreditCardControllerTest using Java 17.0.10 with PID 30644 (started by aniket.dhakate in C:\NihilentBankTestCases\BankingApplication)
2025-12-23 17:44:00 INFO  com.nihilent.BankingApplication.NihilentBank.controlllerTest.CreditCardControllerTest - The following 1 profile is active: "dev"
2025-12-23 17:44:01 WARN  org.springframework.boot.autoconfigure.security.servlet.UserDetailsServiceAutoConfiguration - 

Using generated security password: ad66c28e-fe1a-4ede-8dc5-f3488dcffc8c

This generated password is for development use only. Your security configuration must be updated before running your application in production.

2025-12-23 17:44:01 INFO  org.springframework.security.config.annotation.authentication.configuration.InitializeUserDetailsBeanManagerConfigurer$InitializeUserDetailsManagerConfigurer - Global AuthenticationManager configured with UserDetailsService bean with name inMemoryUserDetailsManager
2025-12-23 17:44:01 INFO  org.springframework.boot.test.mock.web.SpringBootMockServletContext - Initializing Spring TestDispatcherServlet ''
2025-12-23 17:44:01 INFO  org.springframework.test.web.servlet.TestDispatcherServlet - Initializing Servlet ''
2025-12-23 17:44:01 INFO  org.springframework.test.web.servlet.TestDispatcherServlet - Completed initialization in 0 ms
2025-12-23 17:44:01 INFO  com.nihilent.BankingApplication.NihilentBank.controlllerTest.CreditCardControllerTest - Started CreditCardControllerTest in 1.403 seconds (process running for 58.37)
2025-12-23 17:44:02 INFO  org.springframework.boot.devtools.restart.RestartApplicationListener - Restart disabled due to context in which it is running
2025-12-23 17:44:02 INFO  com.nihilent.BankingApplication.NihilentBank.controlllerTest.UpiControllerTest - Starting UpiControllerTest using Java 17.0.10 with PID 30644 (started by aniket.dhakate in C:\NihilentBankTestCases\BankingApplication)
2025-12-23 17:44:02 INFO  com.nihilent.BankingApplication.NihilentBank.controlllerTest.UpiControllerTest - The following 1 profile is active: "dev"
2025-12-23 17:44:04 WARN  org.springframework.boot.autoconfigure.security.servlet.UserDetailsServiceAutoConfiguration - 

Using generated security password: d48af05c-9e69-4f1c-90f9-07d468ebd8cc

This generated password is for development use only. Your security configuration must be updated before running your application in production.

2025-12-23 17:44:04 INFO  org.springframework.security.config.annotation.authentication.configuration.InitializeUserDetailsBeanManagerConfigurer$InitializeUserDetailsManagerConfigurer - Global AuthenticationManager configured with UserDetailsService bean with name inMemoryUserDetailsManager
2025-12-23 17:44:04 INFO  org.springframework.boot.test.mock.web.SpringBootMockServletContext - Initializing Spring TestDispatcherServlet ''
2025-12-23 17:44:04 INFO  org.springframework.test.web.servlet.TestDispatcherServlet - Initializing Servlet ''
2025-12-23 17:44:04 INFO  org.springframework.test.web.servlet.TestDispatcherServlet - Completed initialization in 0 ms
2025-12-23 17:44:04 INFO  com.nihilent.BankingApplication.NihilentBank.controlllerTest.UpiControllerTest - Started UpiControllerTest in 2.55 seconds (process running for 61.285)
2025-12-23 17:44:06 INFO  com.nihilent.bank.serviceimpl.CreditCardServiceImpl - Request Sent
2025-12-23 17:44:06 INFO  org.springframework.boot.devtools.restart.RestartApplicationListener - Restart disabled due to context in which it is running
2025-12-23 17:44:06 INFO  com.nihilent.BankingApplication.NihilentBank.controlllerTest.CustomerControllerTest - Starting CustomerControllerTest using Java 17.0.10 with PID 30644 (started by aniket.dhakate in C:\NihilentBankTestCases\BankingApplication)
2025-12-23 17:44:06 INFO  com.nihilent.BankingApplication.NihilentBank.controlllerTest.CustomerControllerTest - The following 1 profile is active: "dev"
2025-12-23 17:44:08 WARN  org.springframework.boot.autoconfigure.security.servlet.UserDetailsServiceAutoConfiguration - 

Using generated security password: f150278d-7794-4752-9a8a-ad629bcbd4f2

This generated password is for development use only. Your security configuration must be updated before running your application in production.

2025-12-23 17:44:08 INFO  org.springframework.security.config.annotation.authentication.configuration.InitializeUserDetailsBeanManagerConfigurer$InitializeUserDetailsManagerConfigurer - Global AuthenticationManager configured with UserDetailsService bean with name inMemoryUserDetailsManager
2025-12-23 17:44:08 INFO  org.springframework.boot.test.mock.web.SpringBootMockServletContext - Initializing Spring TestDispatcherServlet ''
2025-12-23 17:44:08 INFO  org.springframework.test.web.servlet.TestDispatcherServlet - Initializing Servlet ''
2025-12-23 17:44:08 INFO  org.springframework.test.web.servlet.TestDispatcherServlet - Completed initialization in 0 ms
2025-12-23 17:44:08 INFO  com.nihilent.BankingApplication.NihilentBank.controlllerTest.CustomerControllerTest - Started CustomerControllerTest in 2.319 seconds (process running for 64.885)
2025-12-23 17:44:10 INFO  com.nihilent.bank.serviceimpl.CustomerServiceImpl - Customer Registered Successfully
2025-12-23 17:44:10 WARN  com.nihilent.bank.serviceimpl.CustomerServiceImpl - Failed, Wrong EmailId or Password.
2025-12-23 17:44:10 WARN  com.nihilent.bank.serviceimpl.CustomerServiceImpl - Failed, Wrong EmailId or Password.
2025-12-23 17:44:10 ERROR com.nihilent.bank.serviceimpl.CustomerServiceImpl - null
2025-12-23 17:44:10 INFO  org.springframework.boot.devtools.restart.RestartApplicationListener - Restart disabled due to context in which it is running
2025-12-23 17:44:10 INFO  com.nihilent.BankingApplication.NihilentBank.controlllerTest.TransactionControllerTest - Starting TransactionControllerTest using Java 17.0.10 with PID 30644 (started by aniket.dhakate in C:\NihilentBankTestCases\BankingApplication)
2025-12-23 17:44:10 INFO  com.nihilent.BankingApplication.NihilentBank.controlllerTest.TransactionControllerTest - The following 1 profile is active: "dev"
2025-12-23 17:44:13 WARN  org.springframework.boot.autoconfigure.security.servlet.UserDetailsServiceAutoConfiguration - 

Using generated security password: fbfcb9de-f861-4e78-8511-8df438a9e41a

This generated password is for development use only. Your security configuration must be updated before running your application in production.

2025-12-23 17:44:13 INFO  org.springframework.security.config.annotation.authentication.configuration.InitializeUserDetailsBeanManagerConfigurer$InitializeUserDetailsManagerConfigurer - Global AuthenticationManager configured with UserDetailsService bean with name inMemoryUserDetailsManager
2025-12-23 17:44:13 INFO  org.springframework.boot.test.mock.web.SpringBootMockServletContext - Initializing Spring TestDispatcherServlet ''
2025-12-23 17:44:13 INFO  org.springframework.test.web.servlet.TestDispatcherServlet - Initializing Servlet ''
2025-12-23 17:44:13 INFO  org.springframework.test.web.servlet.TestDispatcherServlet - Completed initialization in 2 ms
2025-12-23 17:44:13 INFO  com.nihilent.BankingApplication.NihilentBank.controlllerTest.TransactionControllerTest - Started TransactionControllerTest in 2.899 seconds (process running for 69.725)
